# Wavefront OBJ file made by Mineways version 13.00, http://mineways.com
# World: EMPTY
# Terrain file name: default
# Culling scheme: Standard
# Fri Aug 28 13:46:56 2026

# Selection location min to max: 76, -64, -3 to 115, 10, 37
#   Non-empty selection location min to max: 80, -64, 0 to 111, 1, 33

# Set render type: Wavefront OBJ absolute indices
# Units for the model vertex data itself: meters

# 5924 vertices, 5924 faces (11848 triangles), 5942 blocks, 0 billboards/bits
# block dimensions: X=32 by Y=66 (height) by Z=34 blocks
# Elevation shading: no
# Lighting: no
# Transparent water: no
# Map grid: no
# File type: Export individual textures to directory tex
# Texture output RGB: YES
# Texture output A: YES
# Texture output RGBA: YES
# Export separate types: YES
# Export individual blocks: no
#   Material per family: YES
#   Split by block type: YES
# Make groups objects: YES
# Custom material: YES
# Export lesser blocks: YES
# Fatten lesser blocks: no
# Simplify mesh: no
# Double all billboard faces: no
# Create composite overlay faces: no
# Center model: YES
# Use biomes: no
# Create block faces at the borders: YES
# Tree leaves solid: no
# Rotate model 0.000000 degrees
# Make Z the up direction instead of Y: no
# Scale model by making each block 1000 mm high
# Data operation options:
#   Fill air bubbles: no; Seal off entrances: no; Fill in isolated tunnels in base of model: no
#   Connect parts sharing an edge: no; Connect corner tips: no; Weld all shared edges: no
#   Delete floating objects: trees and parts smaller than 16 blocks: no
#   Hollow out bottom of model, making the walls 1000 mm thick: no; Superhollow: no
# Melt snow blocks: no
#   Debug: show separate parts as colors: no
#   Debug: show weld blocks in bright colors: no

# Full world path: C:\Users\kumar\AppData\Roaming\PrismLauncher\instances\26.1.2\minecraft\saves\EMPTY
# Full terrainExt.png path: default
# Full current path: C:\Users\kumar\Downloads\mineways_min\mineways_min

# COMMON_MC_OBJ_START
# version: 1
# exporter: mineways
# world_name: EMPTY
# world_path: C:\Users\kumar\AppData\Roaming\PrismLauncher\instances\26.1.2\minecraft\saves\EMPTY
# export_bounds_min: (76, -64, -3)
# export_bounds_max: (115, 10, 37)
# export_offset: (-96.000000, 64.000000, -17.000000)
# block_scale: 1
# block_origin_offset: (0.000000, 0.000000, 0.000000)
# z_up: false
# texture_type: INDIVIDUAL_TILES
# has_split_blocks: true
# COMMON_MC_OBJ_END

mtllib chair.mtl
vn -1 0 0
vn 0 -1 0
vn 0 0 -1
vn 1 0 0
vn 0 1 0
vn 0 0 1
vn -0.707107 0 -0.707107
vn -0.707107 0 0.707107
vn 0.707107 0 -0.707107
vn 0.707107 0 0.707107
vn -0.707107 -0.707107 0
vn 0 -0.707107 -0.707107
vn 0.707107 -0.707107 0
vn 0 -0.707107 0.707107
vn -0.707107 0.707107 0
vn 0 0.707107 -0.707107
vn 0.707107 0.707107 0
vn 0 0.707107 0.707107
vn -0.92388 0 -0.382683
vn -0.92388 0 0.382683
vn 0.92388 0 -0.382683
vn 0.92388 0 0.382683
vn -0.382683 0 -0.92388
vn -0.382683 0 0.92388
vn 0.382683 0 -0.92388
vn 0.382683 0 0.92388
vn -0.397273 0.9177 0
vn 0.397273 -0.9177 0
vn 0.397273 0.9177 0
vn -0.397273 -0.9177 0
vn 0 0.9177 -0.397273
vn 0 -0.9177 0.397273
vn 0 0.9177 0.397273
vn 0 -0.9177 -0.397273
vn -0.440932 0.897541 0
vn 0.440932 -0.897541 0
vn 0.440932 0.897541 0
vn -0.440932 -0.897541 0
vn 0 0.897541 -0.440932
vn 0 -0.897541 0.440932
vn 0 0.897541 0.440932
vn 0 -0.897541 -0.440932
vt 0.000000000 0.000000000
vt 1.000000000 0.000000000
vt 0.000000000 1.000000000
vt 1.000000000 1.000000000
v -16 23 -17
v -16 23 -16
v -16 24 -16
v -16 24 -17
v -15 23 -16
v -15 23 -17
v -15 24 -17
v -16 25 -16
v -16 25 -17
v -15 25 -17
v -16 26 -16
v -16 26 -17
v -15 26 -17
v -15 26 -16
v -16 23 -15
v -16 24 -15
v -15 23 -15
v -16 25 -15
v -16 26 -15
v -15 26 -15
v -16 23 -14
v -16 24 -14
v -15 23 -14
v -16 25 -14
v -16 26 -14
v -15 26 -14
v -16 23 -13
v -16 24 -13
v -15 23 -13
v -16 25 -13
v -16 26 -13
v -15 26 -13
v -16 23 -12
v -16 24 -12
v -15 23 -12
v -16 25 -12
v -16 26 -12
v -15 26 -12
v -16 23 -11
v -16 24 -11
v -15 23 -11
v -16 25 -11
v -16 26 -11
v -15 26 -11
v -16 23 -10
v -16 24 -10
v -15 23 -10
v -16 25 -10
v -16 26 -10
v -15 26 -10
v -16 23 -9
v -16 24 -9
v -15 23 -9
v -16 25 -9
v -16 26 -9
v -15 26 -9
v -16 23 -8
v -16 24 -8
v -15 23 -8
v -16 25 -8
v -16 26 -8
v -15 26 -8
v -16 23 -7
v -16 24 -7
v -15 23 -7
v -16 25 -7
v -16 26 -7
v -15 26 -7
v -16 23 -6
v -16 24 -6
v -15 23 -6
v -16 25 -6
v -16 26 -6
v -15 26 -6
v -16 23 -5
v -16 24 -5
v -15 23 -5
v -16 25 -5
v -16 26 -5
v -15 26 -5
v -16 23 -4
v -16 24 -4
v -15 23 -4
v -16 25 -4
v -16 26 -4
v -15 26 -4
v -16 23 -3
v -16 24 -3
v -15 23 -3
v -16 25 -3
v -16 26 -3
v -15 26 -3
v -16 23 -2
v -16 24 -2
v -15 23 -2
v -16 25 -2
v -16 26 -2
v -15 26 -2
v -16 23 -1
v -16 24 -1
v -15 23 -1
v -16 25 -1
v -16 26 -1
v -15 26 -1
v -16 23 0
v -16 24 0
v -15 23 0
v -16 25 0
v -16 26 0
v -15 26 0
v -16 23 1
v -16 24 1
v -15 23 1
v -16 25 1
v -16 26 1
v -15 26 1
v -16 23 2
v -16 24 2
v -15 23 2
v -16 25 2
v -16 26 2
v -15 26 2
v -16 23 3
v -16 24 3
v -15 23 3
v -16 25 3
v -16 26 3
v -15 26 3
v -16 23 4
v -16 24 4
v -15 23 4
v -16 25 4
v -16 26 4
v -15 26 4
v -16 23 5
v -16 24 5
v -15 23 5
v -16 25 5
v -16 26 5
v -15 26 5
v -16 23 6
v -16 24 6
v -15 23 6
v -16 25 6
v -16 26 6
v -15 26 6
v -16 23 7
v -16 24 7
v -15 23 7
v -16 25 7
v -16 26 7
v -15 26 7
v -16 23 8
v -16 24 8
v -15 23 8
v -16 25 8
v -16 26 8
v -15 26 8
v -16 23 9
v -16 24 9
v -15 23 9
v -16 25 9
v -16 26 9
v -15 26 9
v -16 23 10
v -16 24 10
v -15 23 10
v -16 25 10
v -16 26 10
v -15 26 10
v -16 23 11
v -16 24 11
v -15 23 11
v -16 25 11
v -16 26 11
v -15 26 11
v -16 23 12
v -16 24 12
v -15 23 12
v -16 25 12
v -16 26 12
v -15 26 12
v -16 23 13
v -16 24 13
v -15 23 13
v -16 25 13
v -16 26 13
v -15 26 13
v -16 23 14
v -16 24 14
v -15 23 14
v -16 25 14
v -16 26 14
v -15 26 14
v -16 23 15
v -16 24 15
v -15 23 15
v -16 25 15
v -16 26 15
v -15 26 15
v -16 23 16
v -16 24 16
v -15 23 16
v -16 25 16
v -16 26 16
v -16 27 16
v -16 27 15
v -15 27 15
v -16 28 16
v -16 28 15
v -15 28 15
v -16 29 16
v -16 29 15
v -15 29 15
v -16 30 16
v -16 30 15
v -15 30 15
v -16 31 16
v -16 31 15
v -15 31 15
v -16 32 16
v -16 32 15
v -15 32 15
v -16 33 16
v -16 33 15
v -15 33 15
v -16 34 16
v -16 34 15
v -15 34 15
v -16 35 16
v -16 35 15
v -15 35 15
v -16 36 16
v -16 36 15
v -15 36 15
v -16 37 16
v -16 37 15
v -15 37 15
v -16 38 16
v -16 38 15
v -15 38 15
v -16 39 16
v -16 39 15
v -15 39 15
v -16 40 16
v -16 40 15
v -15 40 15
v -16 41 16
v -16 41 15
v -15 41 15
v -16 42 16
v -16 42 15
v -15 42 15
v -15 42 16
v -16 23 17
v -16 24 17
v -15 23 17
v -15 24 17
v -16 25 17
v -15 25 17
v -16 26 17
v -15 26 17
v -16 27 17
v -15 27 17
v -16 28 17
v -15 28 17
v -16 29 17
v -15 29 17
v -16 30 17
v -15 30 17
v -16 31 17
v -15 31 17
v -16 32 17
v -15 32 17
v -16 33 17
v -15 33 17
v -16 34 17
v -15 34 17
v -16 35 17
v -15 35 17
v -16 36 17
v -15 36 17
v -16 37 17
v -15 37 17
v -16 38 17
v -15 38 17
v -16 39 17
v -15 39 17
v -16 40 17
v -15 40 17
v -16 41 17
v -15 41 17
v -16 42 17
v -15 42 17
v -16 43 17
v -16 43 16
v -15 43 16
v -15 43 17
v -16 44 17
v -16 44 16
v -15 44 16
v -15 44 17
v -16 45 17
v -16 45 16
v -15 45 16
v -15 45 17
v -16 46 17
v -16 46 16
v -15 46 16
v -15 46 17
v -16 47 17
v -16 47 16
v -15 47 16
v -15 47 17
v -16 48 17
v -16 48 16
v -15 48 16
v -15 48 17
v -16 49 17
v -16 49 16
v -15 49 16
v -15 49 17
v -16 50 17
v -16 50 16
v -15 50 16
v -15 50 17
v -16 51 17
v -16 51 16
v -15 51 16
v -15 51 17
v -16 52 17
v -16 52 16
v -15 52 16
v -15 52 17
v -16 53 17
v -16 53 16
v -15 53 16
v -15 53 17
v -16 54 17
v -16 54 16
v -15 54 16
v -15 54 17
v -16 55 17
v -16 55 16
v -15 55 16
v -15 55 17
v -16 56 17
v -16 56 16
v -15 56 16
v -15 56 17
v -16 57 17
v -16 57 16
v -15 57 16
v -15 57 17
v -16 58 17
v -16 58 16
v -15 58 16
v -15 58 17
v -16 59 17
v -16 59 16
v -15 59 16
v -15 59 17
v -16 60 17
v -16 60 16
v -15 60 16
v -15 60 17
v -16 61 17
v -16 61 16
v -15 61 16
v -15 61 17
v -14 23 -16
v -14 23 -17
v -14 24 -17
v -14 25 -17
v -14 26 -17
v -14 26 -16
v -15 0 -16
v -15 0 -15
v -15 1 -15
v -15 1 -16
v -14 0 -15
v -14 0 -16
v -14 1 -16
v -15 2 -15
v -15 2 -16
v -14 2 -16
v -15 3 -15
v -15 3 -16
v -14 3 -16
v -15 4 -15
v -15 4 -16
v -14 4 -16
v -15 5 -15
v -15 5 -16
v -14 5 -16
v -15 6 -15
v -15 6 -16
v -14 6 -16
v -15 7 -15
v -15 7 -16
v -14 7 -16
v -15 8 -15
v -15 8 -16
v -14 8 -16
v -15 9 -15
v -15 9 -16
v -14 9 -16
v -15 10 -15
v -15 10 -16
v -14 10 -16
v -15 11 -15
v -15 11 -16
v -14 11 -16
v -15 12 -15
v -15 12 -16
v -14 12 -16
v -15 13 -15
v -15 13 -16
v -14 13 -16
v -15 14 -15
v -15 14 -16
v -14 14 -16
v -15 15 -15
v -15 15 -16
v -14 15 -16
v -15 16 -15
v -15 16 -16
v -14 16 -16
v -15 17 -15
v -15 17 -16
v -14 17 -16
v -15 18 -15
v -15 18 -16
v -14 18 -16
v -15 19 -15
v -15 19 -16
v -14 19 -16
v -15 20 -15
v -15 20 -16
v -14 20 -16
v -15 21 -15
v -15 21 -16
v -14 21 -16
v -15 22 -15
v -15 22 -16
v -14 22 -16
v -14 26 -15
v -15 0 -14
v -15 1 -14
v -14 0 -14
v -14 1 -14
v -15 2 -14
v -14 2 -14
v -15 3 -14
v -14 3 -14
v -15 4 -14
v -14 4 -14
v -15 5 -14
v -14 5 -14
v -15 6 -14
v -14 6 -14
v -15 7 -14
v -14 7 -14
v -15 8 -14
v -14 8 -14
v -15 9 -14
v -14 9 -14
v -15 10 -14
v -14 10 -14
v -15 11 -14
v -14 11 -14
v -15 12 -14
v -14 12 -14
v -15 13 -14
v -14 13 -14
v -15 14 -14
v -14 14 -14
v -15 15 -14
v -14 15 -14
v -15 16 -14
v -14 16 -14
v -15 17 -14
v -14 17 -14
v -15 18 -14
v -14 18 -14
v -15 19 -14
v -14 19 -14
v -15 20 -14
v -14 20 -14
v -15 21 -14
v -14 21 -14
v -15 22 -14
v -14 22 -14
v -14 23 -14
v -14 26 -14
v -14 23 -13
v -14 26 -13
v -14 23 -12
v -14 26 -12
v -14 23 -11
v -14 26 -11
v -14 23 -10
v -14 26 -10
v -14 23 -9
v -14 26 -9
v -14 23 -8
v -14 26 -8
v -14 23 -7
v -14 26 -7
v -14 23 -6
v -14 26 -6
v -14 23 -5
v -14 26 -5
v -14 23 -4
v -14 26 -4
v -14 23 -3
v -14 26 -3
v -14 23 -2
v -14 26 -2
v -14 23 -1
v -14 26 -1
v -14 23 0
v -14 26 0
v -14 23 1
v -14 26 1
v -14 23 2
v -14 26 2
v -14 23 3
v -14 26 3
v -14 23 4
v -14 26 4
v -14 23 5
v -14 26 5
v -14 23 6
v -14 26 6
v -14 23 7
v -14 26 7
v -14 23 8
v -14 26 8
v -14 23 9
v -14 26 9
v -14 23 10
v -14 26 10
v -14 23 11
v -14 26 11
v -14 23 12
v -14 26 12
v -15 0 12
v -15 0 13
v -15 1 13
v -15 1 12
v -14 0 13
v -14 0 12
v -14 1 12
v -15 2 13
v -15 2 12
v -14 2 12
v -15 3 13
v -15 3 12
v -14 3 12
v -15 4 13
v -15 4 12
v -14 4 12
v -15 5 13
v -15 5 12
v -14 5 12
v -15 6 13
v -15 6 12
v -14 6 12
v -15 7 13
v -15 7 12
v -14 7 12
v -15 8 13
v -15 8 12
v -14 8 12
v -15 9 13
v -15 9 12
v -14 9 12
v -15 10 13
v -15 10 12
v -14 10 12
v -15 11 13
v -15 11 12
v -14 11 12
v -15 12 13
v -15 12 12
v -14 12 12
v -15 13 13
v -15 13 12
v -14 13 12
v -15 14 13
v -15 14 12
v -14 14 12
v -15 15 13
v -15 15 12
v -14 15 12
v -15 16 13
v -15 16 12
v -14 16 12
v -15 17 13
v -15 17 12
v -14 17 12
v -15 18 13
v -15 18 12
v -14 18 12
v -15 19 13
v -15 19 12
v -14 19 12
v -15 20 13
v -15 20 12
v -14 20 12
v -15 21 13
v -15 21 12
v -14 21 12
v -15 22 13
v -15 22 12
v -14 22 12
v -14 26 13
v -15 0 14
v -15 1 14
v -14 0 14
v -14 1 14
v -15 2 14
v -14 2 14
v -15 3 14
v -14 3 14
v -15 4 14
v -14 4 14
v -15 5 14
v -14 5 14
v -15 6 14
v -14 6 14
v -15 7 14
v -14 7 14
v -15 8 14
v -14 8 14
v -15 9 14
v -14 9 14
v -15 10 14
v -14 10 14
v -15 11 14
v -14 11 14
v -15 12 14
v -14 12 14
v -15 13 14
v -14 13 14
v -15 14 14
v -14 14 14
v -15 15 14
v -14 15 14
v -15 16 14
v -14 16 14
v -15 17 14
v -14 17 14
v -15 18 14
v -14 18 14
v -15 19 14
v -14 19 14
v -15 20 14
v -14 20 14
v -15 21 14
v -14 21 14
v -15 22 14
v -14 22 14
v -14 23 14
v -14 26 14
v -14 23 15
v -14 26 15
v -14 23 16
v -14 27 15
v -14 28 15
v -14 29 15
v -14 30 15
v -14 31 15
v -14 32 15
v -14 33 15
v -14 34 15
v -14 35 15
v -14 36 15
v -14 37 15
v -14 38 15
v -14 39 15
v -14 40 15
v -14 41 15
v -14 42 15
v -15 43 15
v -14 43 15
v -15 44 15
v -14 44 15
v -15 45 15
v -14 45 15
v -15 46 15
v -14 46 15
v -15 47 15
v -14 47 15
v -15 48 15
v -14 48 15
v -15 49 15
v -14 49 15
v -15 50 15
v -14 50 15
v -15 51 15
v -14 51 15
v -15 52 15
v -14 52 15
v -15 53 15
v -14 53 15
v -15 54 15
v -14 54 15
v -15 55 15
v -14 55 15
v -15 56 15
v -14 56 15
v -15 57 15
v -14 57 15
v -15 58 15
v -14 58 15
v -15 59 15
v -14 59 15
v -15 60 15
v -14 60 15
v -15 61 15
v -14 61 15
v -15 62 16
v -15 62 15
v -14 62 15
v -14 62 16
v -14 23 17
v -14 24 17
v -14 25 17
v -14 26 17
v -14 27 17
v -14 28 17
v -14 29 17
v -14 30 17
v -14 31 17
v -14 32 17
v -14 33 17
v -14 34 17
v -14 35 17
v -14 36 17
v -14 37 17
v -14 38 17
v -14 39 17
v -14 40 17
v -14 41 17
v -14 42 17
v -14 43 17
v -14 44 17
v -14 45 17
v -14 46 17
v -14 47 17
v -14 48 17
v -14 49 17
v -14 50 17
v -14 51 17
v -14 52 17
v -14 53 17
v -14 54 17
v -14 55 17
v -14 56 17
v -14 57 17
v -14 58 17
v -14 59 17
v -14 60 17
v -14 61 17
v -15 62 17
v -14 62 17
v -13 23 -16
v -13 23 -17
v -13 24 -17
v -13 25 -17
v -13 26 -17
v -13 26 -16
v -13 0 -15
v -13 0 -16
v -13 1 -16
v -13 1 -15
v -13 2 -16
v -13 2 -15
v -13 3 -16
v -13 3 -15
v -13 4 -16
v -13 4 -15
v -13 5 -16
v -13 5 -15
v -13 6 -16
v -13 6 -15
v -13 7 -16
v -13 7 -15
v -13 8 -16
v -13 8 -15
v -13 9 -16
v -13 9 -15
v -13 10 -16
v -13 10 -15
v -13 11 -16
v -13 11 -15
v -13 12 -16
v -13 12 -15
v -13 13 -16
v -13 13 -15
v -13 14 -16
v -13 14 -15
v -13 15 -16
v -13 15 -15
v -13 16 -16
v -13 16 -15
v -13 17 -16
v -13 17 -15
v -13 18 -16
v -13 18 -15
v -13 19 -16
v -13 19 -15
v -13 20 -16
v -13 20 -15
v -13 21 -16
v -13 21 -15
v -13 22 -16
v -13 22 -15
v -13 23 -15
v -13 26 -15
v -13 0 -14
v -13 1 -14
v -13 2 -14
v -13 3 -14
v -13 4 -14
v -13 5 -14
v -13 6 -14
v -13 7 -14
v -13 8 -14
v -13 9 -14
v -13 10 -14
v -13 11 -14
v -13 12 -14
v -13 13 -14
v -13 14 -14
v -13 15 -14
v -13 16 -14
v -13 17 -14
v -13 18 -14
v -13 19 -14
v -13 20 -14
v -13 21 -14
v -13 22 -14
v -13 23 -14
v -13 26 -14
v -13 23 -13
v -13 26 -13
v -13 23 -12
v -13 26 -12
v -13 23 -11
v -13 26 -11
v -13 23 -10
v -13 26 -10
v -13 23 -9
v -13 26 -9
v -13 23 -8
v -13 26 -8
v -13 23 -7
v -13 26 -7
v -13 23 -6
v -13 26 -6
v -13 23 -5
v -13 26 -5
v -13 23 -4
v -13 26 -4
v -13 23 -3
v -13 26 -3
v -13 23 -2
v -13 26 -2
v -13 23 -1
v -13 26 -1
v -13 23 0
v -13 26 0
v -13 23 1
v -13 26 1
v -13 23 2
v -13 26 2
v -13 23 3
v -13 26 3
v -13 23 4
v -13 26 4
v -13 23 5
v -13 26 5
v -13 23 6
v -13 26 6
v -13 23 7
v -13 26 7
v -13 23 8
v -13 26 8
v -13 23 9
v -13 26 9
v -13 23 10
v -13 26 10
v -13 23 11
v -13 26 11
v -13 23 12
v -13 26 12
v -13 0 13
v -13 0 12
v -13 1 12
v -13 1 13
v -13 2 12
v -13 2 13
v -13 3 12
v -13 3 13
v -13 4 12
v -13 4 13
v -13 5 12
v -13 5 13
v -13 6 12
v -13 6 13
v -13 7 12
v -13 7 13
v -13 8 12
v -13 8 13
v -13 9 12
v -13 9 13
v -13 10 12
v -13 10 13
v -13 11 12
v -13 11 13
v -13 12 12
v -13 12 13
v -13 13 12
v -13 13 13
v -13 14 12
v -13 14 13
v -13 15 12
v -13 15 13
v -13 16 12
v -13 16 13
v -13 17 12
v -13 17 13
v -13 18 12
v -13 18 13
v -13 19 12
v -13 19 13
v -13 20 12
v -13 20 13
v -13 21 12
v -13 21 13
v -13 22 12
v -13 22 13
v -13 23 13
v -13 26 13
v -13 0 14
v -13 1 14
v -13 2 14
v -13 3 14
v -13 4 14
v -13 5 14
v -13 6 14
v -13 7 14
v -13 8 14
v -13 9 14
v -13 10 14
v -13 11 14
v -13 12 14
v -13 13 14
v -13 14 14
v -13 15 14
v -13 16 14
v -13 17 14
v -13 18 14
v -13 19 14
v -13 20 14
v -13 21 14
v -13 22 14
v -13 23 14
v -13 26 14
v -13 23 15
v -13 26 15
v -13 23 16
v -13 27 15
v -13 28 15
v -13 29 15
v -13 30 15
v -13 31 15
v -13 32 15
v -13 33 15
v -13 34 15
v -13 35 15
v -13 36 15
v -13 37 15
v -13 38 15
v -13 39 15
v -13 40 15
v -13 41 15
v -13 42 15
v -13 43 15
v -13 44 15
v -13 45 15
v -13 46 15
v -13 47 15
v -13 48 15
v -13 49 15
v -13 50 15
v -13 51 15
v -13 52 15
v -13 53 15
v -13 54 15
v -13 55 15
v -13 56 15
v -13 57 15
v -13 58 15
v -13 59 15
v -13 60 15
v -13 61 15
v -13 62 15
v -14 63 16
v -14 63 15
v -13 63 15
v -13 63 16
v -13 23 17
v -13 24 17
v -13 25 17
v -13 26 17
v -13 27 17
v -13 28 17
v -13 29 17
v -13 30 17
v -13 31 17
v -13 32 17
v -13 33 17
v -13 34 17
v -13 35 17
v -13 36 17
v -13 37 17
v -13 38 17
v -13 39 17
v -13 40 17
v -13 41 17
v -13 42 17
v -13 43 17
v -13 44 17
v -13 45 17
v -13 46 17
v -13 47 17
v -13 48 17
v -13 49 17
v -13 50 17
v -13 51 17
v -13 52 17
v -13 53 17
v -13 54 17
v -13 55 17
v -13 56 17
v -13 57 17
v -13 58 17
v -13 59 17
v -13 60 17
v -13 61 17
v -13 62 17
v -14 63 17
v -13 63 17
v -12 23 -16
v -12 23 -17
v -12 24 -17
v -12 25 -17
v -12 26 -17
v -12 26 -16
v -12 23 -15
v -12 26 -15
v -12 23 -14
v -12 26 -14
v -12 23 -13
v -12 26 -13
v -12 23 -12
v -12 26 -12
v -12 23 -11
v -12 26 -11
v -12 23 -10
v -12 26 -10
v -12 23 -9
v -12 26 -9
v -12 23 -8
v -12 26 -8
v -12 23 -7
v -12 26 -7
v -12 23 -6
v -12 26 -6
v -12 23 -5
v -12 26 -5
v -12 23 -4
v -12 26 -4
v -12 23 -3
v -12 26 -3
v -12 23 -2
v -12 26 -2
v -12 23 -1
v -12 26 -1
v -12 23 0
v -12 26 0
v -12 23 1
v -12 26 1
v -12 23 2
v -12 26 2
v -12 23 3
v -12 26 3
v -12 23 4
v -12 26 4
v -12 23 5
v -12 26 5
v -12 23 6
v -12 26 6
v -12 23 7
v -12 26 7
v -12 23 8
v -12 26 8
v -12 23 9
v -12 26 9
v -12 23 10
v -12 26 10
v -12 23 11
v -12 26 11
v -12 23 12
v -12 26 12
v -12 23 13
v -12 26 13
v -12 23 14
v -12 26 14
v -12 23 15
v -12 26 15
v -12 23 16
v -12 27 15
v -12 28 15
v -12 29 15
v -12 30 15
v -12 31 15
v -12 32 15
v -12 33 15
v -12 34 15
v -12 35 15
v -12 36 15
v -12 37 15
v -12 38 15
v -12 39 15
v -12 40 15
v -12 41 15
v -12 42 15
v -12 43 15
v -12 44 15
v -12 45 15
v -12 46 15
v -12 47 15
v -12 48 15
v -12 49 15
v -12 50 15
v -12 51 15
v -12 52 15
v -12 53 15
v -12 54 15
v -12 55 15
v -12 56 15
v -12 57 15
v -12 58 15
v -12 59 15
v -12 60 15
v -12 61 15
v -12 62 15
v -12 63 15
v -13 64 16
v -13 64 15
v -12 64 15
v -12 64 16
v -12 23 17
v -12 24 17
v -12 25 17
v -12 26 17
v -12 27 17
v -12 28 17
v -12 29 17
v -12 30 17
v -12 31 17
v -12 32 17
v -12 33 17
v -12 34 17
v -12 35 17
v -12 36 17
v -12 37 17
v -12 38 17
v -12 39 17
v -12 40 17
v -12 41 17
v -12 42 17
v -12 43 17
v -12 44 17
v -12 45 17
v -12 46 17
v -12 47 17
v -12 48 17
v -12 49 17
v -12 50 17
v -12 51 17
v -12 52 17
v -12 53 17
v -12 54 17
v -12 55 17
v -12 56 17
v -12 57 17
v -12 58 17
v -12 59 17
v -12 60 17
v -12 61 17
v -12 62 17
v -12 63 17
v -13 64 17
v -12 64 17
v -11 23 -16
v -11 23 -17
v -11 24 -17
v -11 25 -17
v -11 26 -17
v -11 26 -16
v -11 23 -15
v -11 26 -15
v -11 23 -14
v -11 26 -14
v -11 23 -13
v -11 26 -13
v -11 23 -12
v -11 26 -12
v -11 23 -11
v -11 26 -11
v -11 23 -10
v -11 26 -10
v -11 23 -9
v -11 26 -9
v -11 23 -8
v -11 26 -8
v -11 23 -7
v -11 26 -7
v -11 23 -6
v -11 26 -6
v -11 23 -5
v -11 26 -5
v -11 23 -4
v -11 26 -4
v -11 23 -3
v -11 26 -3
v -11 23 -2
v -11 26 -2
v -11 23 -1
v -11 26 -1
v -11 23 0
v -11 26 0
v -11 23 1
v -11 26 1
v -11 23 2
v -11 26 2
v -11 23 3
v -11 26 3
v -11 23 4
v -11 26 4
v -11 23 5
v -11 26 5
v -11 23 6
v -11 26 6
v -11 23 7
v -11 26 7
v -11 23 8
v -11 26 8
v -11 23 9
v -11 26 9
v -11 23 10
v -11 26 10
v -11 23 11
v -11 26 11
v -11 23 12
v -11 26 12
v -11 23 13
v -11 26 13
v -11 23 14
v -11 26 14
v -11 23 15
v -11 26 15
v -11 23 16
v -11 27 15
v -11 28 15
v -11 29 15
v -11 30 15
v -11 31 15
v -11 32 15
v -11 33 15
v -11 34 15
v -11 35 15
v -11 36 15
v -11 37 15
v -11 38 15
v -11 39 15
v -11 40 15
v -11 41 15
v -11 42 15
v -11 43 15
v -11 44 15
v -11 45 15
v -11 46 15
v -11 47 15
v -11 48 15
v -11 49 15
v -11 50 15
v -11 51 15
v -11 52 15
v -11 53 15
v -11 54 15
v -11 55 15
v -11 56 15
v -11 57 15
v -11 58 15
v -11 59 15
v -11 60 15
v -11 61 15
v -11 62 15
v -11 61 16
v -11 62 16
v -11 63 15
v -11 64 15
v -12 65 16
v -12 65 15
v -11 65 15
v -11 65 16
v -11 23 17
v -11 24 17
v -11 25 17
v -11 26 17
v -11 27 17
v -11 28 17
v -11 29 17
v -11 30 17
v -11 31 17
v -11 32 17
v -11 33 17
v -11 34 17
v -11 35 17
v -11 36 17
v -11 37 17
v -11 38 17
v -11 39 17
v -11 40 17
v -11 41 17
v -11 42 17
v -11 43 17
v -11 44 17
v -11 45 17
v -11 46 17
v -11 47 17
v -11 48 17
v -11 49 17
v -11 50 17
v -11 51 17
v -11 52 17
v -11 53 17
v -11 54 17
v -11 55 17
v -11 56 17
v -11 57 17
v -11 58 17
v -11 59 17
v -11 60 17
v -11 61 17
v -11 62 17
v -11 63 17
v -11 64 17
v -12 65 17
v -11 65 17
v -10 23 -16
v -10 23 -17
v -10 24 -17
v -10 25 -17
v -10 26 -17
v -10 26 -16
v -10 23 -15
v -10 26 -15
v -10 23 -14
v -10 26 -14
v -10 23 -13
v -10 26 -13
v -10 23 -12
v -10 26 -12
v -10 23 -11
v -10 26 -11
v -10 23 -10
v -10 26 -10
v -10 23 -9
v -10 26 -9
v -10 23 -8
v -10 26 -8
v -10 23 -7
v -10 26 -7
v -10 23 -6
v -10 26 -6
v -10 23 -5
v -10 26 -5
v -10 23 -4
v -10 26 -4
v -10 23 -3
v -10 26 -3
v -10 23 -2
v -10 26 -2
v -10 23 -1
v -10 26 -1
v -10 23 0
v -10 26 0
v -10 23 1
v -10 26 1
v -10 23 2
v -10 26 2
v -10 23 3
v -10 26 3
v -10 23 4
v -10 26 4
v -10 23 5
v -10 26 5
v -10 23 6
v -10 26 6
v -10 23 7
v -10 26 7
v -10 23 8
v -10 26 8
v -10 23 9
v -10 26 9
v -10 23 10
v -10 26 10
v -10 23 11
v -10 26 11
v -10 23 12
v -10 26 12
v -10 23 13
v -10 26 13
v -10 23 14
v -10 26 14
v -10 23 15
v -10 26 15
v -10 23 16
v -10 27 15
v -10 28 15
v -10 29 15
v -10 30 15
v -10 31 15
v -10 32 15
v -10 33 15
v -10 34 15
v -10 35 15
v -10 36 15
v -10 37 15
v -10 38 15
v -10 39 15
v -10 40 15
v -10 41 15
v -10 42 15
v -10 43 15
v -10 44 15
v -10 45 15
v -10 46 15
v -10 47 15
v -10 48 15
v -10 49 15
v -10 50 15
v -10 51 15
v -10 52 15
v -10 53 15
v -10 54 15
v -10 55 15
v -10 56 15
v -10 57 15
v -10 58 15
v -10 59 15
v -10 60 15
v -10 61 15
v -10 61 16
v -10 62 16
v -10 62 15
v -10 63 15
v -10 63 16
v -10 64 15
v -10 65 15
v -11 66 16
v -11 66 15
v -10 66 15
v -10 66 16
v -10 23 17
v -10 24 17
v -10 25 17
v -10 26 17
v -10 27 17
v -10 28 17
v -10 29 17
v -10 30 17
v -10 31 17
v -10 32 17
v -10 33 17
v -10 34 17
v -10 35 17
v -10 36 17
v -10 37 17
v -10 38 17
v -10 39 17
v -10 40 17
v -10 41 17
v -10 42 17
v -10 43 17
v -10 44 17
v -10 45 17
v -10 46 17
v -10 47 17
v -10 48 17
v -10 49 17
v -10 50 17
v -10 51 17
v -10 52 17
v -10 53 17
v -10 54 17
v -10 55 17
v -10 56 17
v -10 57 17
v -10 58 17
v -10 59 17
v -10 60 17
v -10 61 17
v -10 62 17
v -10 63 17
v -10 64 17
v -10 65 17
v -11 66 17
v -10 66 17
v -9 23 -16
v -9 23 -17
v -9 24 -17
v -9 25 -17
v -9 26 -17
v -9 26 -16
v -9 23 -15
v -9 26 -15
v -9 23 -14
v -9 26 -14
v -9 23 -13
v -9 26 -13
v -9 23 -12
v -9 26 -12
v -9 23 -11
v -9 26 -11
v -9 23 -10
v -9 26 -10
v -9 23 -9
v -9 26 -9
v -9 23 -8
v -9 26 -8
v -9 23 -7
v -9 26 -7
v -9 23 -6
v -9 26 -6
v -9 23 -5
v -9 26 -5
v -9 23 -4
v -9 26 -4
v -9 23 -3
v -9 26 -3
v -9 23 -2
v -9 26 -2
v -9 23 -1
v -9 26 -1
v -9 23 0
v -9 26 0
v -9 23 1
v -9 26 1
v -9 23 2
v -9 26 2
v -9 23 3
v -9 26 3
v -9 23 4
v -9 26 4
v -9 23 5
v -9 26 5
v -9 23 6
v -9 26 6
v -9 23 7
v -9 26 7
v -9 23 8
v -9 26 8
v -9 23 9
v -9 26 9
v -9 23 10
v -9 26 10
v -9 23 11
v -9 26 11
v -9 23 12
v -9 26 12
v -9 23 13
v -9 26 13
v -9 23 14
v -9 26 14
v -9 23 15
v -9 26 15
v -9 23 16
v -9 27 15
v -9 28 15
v -9 29 15
v -9 30 15
v -9 31 15
v -9 32 15
v -9 33 15
v -9 34 15
v -9 35 15
v -9 36 15
v -9 37 15
v -9 38 15
v -9 39 15
v -9 40 15
v -9 41 15
v -9 42 15
v -9 43 15
v -9 44 15
v -9 45 15
v -9 46 15
v -9 47 15
v -9 48 15
v -9 49 15
v -9 50 15
v -9 51 15
v -9 52 15
v -9 53 15
v -9 54 15
v -9 55 15
v -9 56 15
v -9 57 15
v -9 58 15
v -9 59 15
v -9 60 15
v -9 61 15
v -9 61 16
v -9 63 16
v -9 63 15
v -9 64 15
v -9 64 16
v -9 65 15
v -9 66 15
v -9 66 16
v -9 23 17
v -9 24 17
v -9 25 17
v -9 26 17
v -9 27 17
v -9 28 17
v -9 29 17
v -9 30 17
v -9 31 17
v -9 32 17
v -9 33 17
v -9 34 17
v -9 35 17
v -9 36 17
v -9 37 17
v -9 38 17
v -9 39 17
v -9 40 17
v -9 41 17
v -9 42 17
v -9 43 17
v -9 44 17
v -9 45 17
v -9 46 17
v -9 47 17
v -9 48 17
v -9 49 17
v -9 50 17
v -9 51 17
v -9 52 17
v -9 53 17
v -9 54 17
v -9 55 17
v -9 56 17
v -9 57 17
v -9 58 17
v -9 59 17
v -9 60 17
v -9 61 17
v -9 63 17
v -9 64 17
v -9 65 17
v -9 66 17
v -8 23 -16
v -8 23 -17
v -8 24 -17
v -8 25 -17
v -8 26 -17
v -8 26 -16
v -8 23 -15
v -8 26 -15
v -8 23 -14
v -8 26 -14
v -8 23 -13
v -8 26 -13
v -8 23 -12
v -8 26 -12
v -8 23 -11
v -8 26 -11
v -8 23 -10
v -8 26 -10
v -8 23 -9
v -8 26 -9
v -8 23 -8
v -8 26 -8
v -8 23 -7
v -8 26 -7
v -8 23 -6
v -8 26 -6
v -8 23 -5
v -8 26 -5
v -8 23 -4
v -8 26 -4
v -8 23 -3
v -8 26 -3
v -8 23 -2
v -8 26 -2
v -8 23 -1
v -8 26 -1
v -8 23 0
v -8 26 0
v -8 23 1
v -8 26 1
v -8 23 2
v -8 26 2
v -8 23 3
v -8 26 3
v -8 23 4
v -8 26 4
v -8 23 5
v -8 26 5
v -8 23 6
v -8 26 6
v -8 23 7
v -8 26 7
v -8 23 8
v -8 26 8
v -8 23 9
v -8 26 9
v -8 23 10
v -8 26 10
v -8 23 11
v -8 26 11
v -8 23 12
v -8 26 12
v -8 23 13
v -8 26 13
v -8 23 14
v -8 26 14
v -8 23 15
v -8 26 15
v -8 23 16
v -8 27 15
v -8 28 15
v -8 29 15
v -8 30 15
v -8 31 15
v -8 32 15
v -8 33 15
v -8 34 15
v -8 35 15
v -8 36 15
v -8 37 15
v -8 38 15
v -8 39 15
v -8 40 15
v -8 41 15
v -8 42 15
v -8 43 15
v -8 44 15
v -8 45 15
v -8 46 15
v -8 47 15
v -8 48 15
v -8 49 15
v -8 50 15
v -8 51 15
v -8 52 15
v -8 53 15
v -8 54 15
v -8 55 15
v -8 56 15
v -8 57 15
v -8 58 15
v -8 59 15
v -8 60 15
v -8 61 15
v -8 61 16
v -8 64 16
v -8 64 15
v -8 65 15
v -8 65 16
v -8 66 15
v -8 66 16
v -8 23 17
v -8 24 17
v -8 25 17
v -8 26 17
v -8 27 17
v -8 28 17
v -8 29 17
v -8 30 17
v -8 31 17
v -8 32 17
v -8 33 17
v -8 34 17
v -8 35 17
v -8 36 17
v -8 37 17
v -8 38 17
v -8 39 17
v -8 40 17
v -8 41 17
v -8 42 17
v -8 43 17
v -8 44 17
v -8 45 17
v -8 46 17
v -8 47 17
v -8 48 17
v -8 49 17
v -8 50 17
v -8 51 17
v -8 52 17
v -8 53 17
v -8 54 17
v -8 55 17
v -8 56 17
v -8 57 17
v -8 58 17
v -8 59 17
v -8 60 17
v -8 61 17
v -8 64 17
v -8 65 17
v -8 66 17
v -7 23 -16
v -7 23 -17
v -7 24 -17
v -7 25 -17
v -7 26 -17
v -7 26 -16
v -7 23 -15
v -7 26 -15
v -7 23 -14
v -7 26 -14
v -7 23 -13
v -7 26 -13
v -7 23 -12
v -7 26 -12
v -7 23 -11
v -7 26 -11
v -7 23 -10
v -7 26 -10
v -7 23 -9
v -7 26 -9
v -7 23 -8
v -7 26 -8
v -7 23 -7
v -7 26 -7
v -7 23 -6
v -7 26 -6
v -7 23 -5
v -7 26 -5
v -7 23 -4
v -7 26 -4
v -7 23 -3
v -7 26 -3
v -7 23 -2
v -7 26 -2
v -7 23 -1
v -7 26 -1
v -7 23 0
v -7 26 0
v -7 23 1
v -7 26 1
v -7 23 2
v -7 26 2
v -7 23 3
v -7 26 3
v -7 23 4
v -7 26 4
v -7 23 5
v -7 26 5
v -7 23 6
v -7 26 6
v -7 23 7
v -7 26 7
v -7 23 8
v -7 26 8
v -7 23 9
v -7 26 9
v -7 23 10
v -7 26 10
v -7 23 11
v -7 26 11
v -7 23 12
v -7 26 12
v -7 23 13
v -7 26 13
v -7 23 14
v -7 26 14
v -7 23 15
v -7 26 15
v -7 23 16
v -7 27 15
v -7 28 15
v -7 29 15
v -7 30 15
v -7 31 15
v -7 32 15
v -7 33 15
v -7 34 15
v -7 35 15
v -7 36 15
v -7 37 15
v -7 38 15
v -7 39 15
v -7 40 15
v -7 41 15
v -7 42 15
v -7 43 15
v -7 44 15
v -7 45 15
v -7 46 15
v -7 47 15
v -7 48 15
v -7 49 15
v -7 50 15
v -7 51 15
v -7 52 15
v -7 53 15
v -7 54 15
v -7 55 15
v -7 56 15
v -7 57 15
v -7 58 15
v -7 59 15
v -7 60 15
v -7 61 15
v -7 61 16
v -7 65 16
v -7 65 15
v -7 66 15
v -7 66 16
v -7 23 17
v -7 24 17
v -7 25 17
v -7 26 17
v -7 27 17
v -7 28 17
v -7 29 17
v -7 30 17
v -7 31 17
v -7 32 17
v -7 33 17
v -7 34 17
v -7 35 17
v -7 36 17
v -7 37 17
v -7 38 17
v -7 39 17
v -7 40 17
v -7 41 17
v -7 42 17
v -7 43 17
v -7 44 17
v -7 45 17
v -7 46 17
v -7 47 17
v -7 48 17
v -7 49 17
v -7 50 17
v -7 51 17
v -7 52 17
v -7 53 17
v -7 54 17
v -7 55 17
v -7 56 17
v -7 57 17
v -7 58 17
v -7 59 17
v -7 60 17
v -7 61 17
v -7 65 17
v -7 66 17
v -6 23 -16
v -6 23 -17
v -6 24 -17
v -6 25 -17
v -6 26 -17
v -6 26 -16
v -6 23 -15
v -6 26 -15
v -6 23 -14
v -6 26 -14
v -6 23 -13
v -6 26 -13
v -6 23 -12
v -6 26 -12
v -6 23 -11
v -6 26 -11
v -6 23 -10
v -6 26 -10
v -6 23 -9
v -6 26 -9
v -6 23 -8
v -6 26 -8
v -6 23 -7
v -6 26 -7
v -6 23 -6
v -6 26 -6
v -6 23 -5
v -6 26 -5
v -6 23 -4
v -6 26 -4
v -6 23 -3
v -6 26 -3
v -6 23 -2
v -6 26 -2
v -6 23 -1
v -6 26 -1
v -6 23 0
v -6 26 0
v -6 23 1
v -6 26 1
v -6 23 2
v -6 26 2
v -6 23 3
v -6 26 3
v -6 23 4
v -6 26 4
v -6 23 5
v -6 26 5
v -6 23 6
v -6 26 6
v -6 23 7
v -6 26 7
v -6 23 8
v -6 26 8
v -6 23 9
v -6 26 9
v -6 23 10
v -6 26 10
v -6 23 11
v -6 26 11
v -6 23 12
v -6 26 12
v -6 23 13
v -6 26 13
v -6 23 14
v -6 26 14
v -6 23 15
v -6 26 15
v -6 23 16
v -6 27 15
v -6 28 15
v -6 29 15
v -6 30 15
v -6 31 15
v -6 32 15
v -6 33 15
v -6 34 15
v -6 35 15
v -6 36 15
v -6 37 15
v -6 38 15
v -6 39 15
v -6 40 15
v -6 41 15
v -6 42 15
v -6 43 15
v -6 44 15
v -6 45 15
v -6 46 15
v -6 47 15
v -6 48 15
v -6 49 15
v -6 50 15
v -6 51 15
v -6 52 15
v -6 53 15
v -6 54 15
v -6 55 15
v -6 56 15
v -6 57 15
v -6 58 15
v -6 59 15
v -6 60 15
v -6 61 15
v -6 61 16
v -6 65 16
v -6 65 15
v -6 66 15
v -6 66 16
v -6 23 17
v -6 24 17
v -6 25 17
v -6 26 17
v -6 27 17
v -6 28 17
v -6 29 17
v -6 30 17
v -6 31 17
v -6 32 17
v -6 33 17
v -6 34 17
v -6 35 17
v -6 36 17
v -6 37 17
v -6 38 17
v -6 39 17
v -6 40 17
v -6 41 17
v -6 42 17
v -6 43 17
v -6 44 17
v -6 45 17
v -6 46 17
v -6 47 17
v -6 48 17
v -6 49 17
v -6 50 17
v -6 51 17
v -6 52 17
v -6 53 17
v -6 54 17
v -6 55 17
v -6 56 17
v -6 57 17
v -6 58 17
v -6 59 17
v -6 60 17
v -6 61 17
v -6 65 17
v -6 66 17
v -5 23 -16
v -5 23 -17
v -5 24 -17
v -5 25 -17
v -5 26 -17
v -5 26 -16
v -5 23 -15
v -5 26 -15
v -5 23 -14
v -5 26 -14
v -5 23 -13
v -5 26 -13
v -5 23 -12
v -5 26 -12
v -5 23 -11
v -5 26 -11
v -5 23 -10
v -5 26 -10
v -5 23 -9
v -5 26 -9
v -5 23 -8
v -5 26 -8
v -5 23 -7
v -5 26 -7
v -5 23 -6
v -5 26 -6
v -5 23 -5
v -5 26 -5
v -5 23 -4
v -5 26 -4
v -5 23 -3
v -5 26 -3
v -5 23 -2
v -5 26 -2
v -5 23 -1
v -5 26 -1
v -5 23 0
v -5 26 0
v -5 23 1
v -5 26 1
v -5 23 2
v -5 26 2
v -5 23 3
v -5 26 3
v -5 23 4
v -5 26 4
v -5 23 5
v -5 26 5
v -5 23 6
v -5 26 6
v -5 23 7
v -5 26 7
v -5 23 8
v -5 26 8
v -5 23 9
v -5 26 9
v -5 23 10
v -5 26 10
v -5 23 11
v -5 26 11
v -5 23 12
v -5 26 12
v -5 23 13
v -5 26 13
v -5 23 14
v -5 26 14
v -5 23 15
v -5 26 15
v -5 23 16
v -5 27 15
v -5 28 15
v -5 29 15
v -5 30 15
v -5 31 15
v -5 32 15
v -5 33 15
v -5 34 15
v -5 35 15
v -5 36 15
v -5 37 15
v -5 38 15
v -5 39 15
v -5 40 15
v -5 41 15
v -5 42 15
v -5 43 15
v -5 44 15
v -5 45 15
v -5 46 15
v -5 47 15
v -5 48 15
v -5 49 15
v -5 50 15
v -5 51 15
v -5 52 15
v -5 53 15
v -5 54 15
v -5 55 15
v -5 56 15
v -5 57 15
v -5 58 15
v -5 59 15
v -5 60 15
v -5 61 15
v -5 61 16
v -5 65 16
v -5 65 15
v -5 66 15
v -5 66 16
v -5 23 17
v -5 24 17
v -5 25 17
v -5 26 17
v -5 27 17
v -5 28 17
v -5 29 17
v -5 30 17
v -5 31 17
v -5 32 17
v -5 33 17
v -5 34 17
v -5 35 17
v -5 36 17
v -5 37 17
v -5 38 17
v -5 39 17
v -5 40 17
v -5 41 17
v -5 42 17
v -5 43 17
v -5 44 17
v -5 45 17
v -5 46 17
v -5 47 17
v -5 48 17
v -5 49 17
v -5 50 17
v -5 51 17
v -5 52 17
v -5 53 17
v -5 54 17
v -5 55 17
v -5 56 17
v -5 57 17
v -5 58 17
v -5 59 17
v -5 60 17
v -5 61 17
v -5 65 17
v -5 66 17
v -4 23 -16
v -4 23 -17
v -4 24 -17
v -4 25 -17
v -4 26 -17
v -4 26 -16
v -4 23 -15
v -4 26 -15
v -4 23 -14
v -4 26 -14
v -4 23 -13
v -4 26 -13
v -4 23 -12
v -4 26 -12
v -4 23 -11
v -4 26 -11
v -4 23 -10
v -4 26 -10
v -4 23 -9
v -4 26 -9
v -4 23 -8
v -4 26 -8
v -4 23 -7
v -4 26 -7
v -4 23 -6
v -4 26 -6
v -4 23 -5
v -4 26 -5
v -4 23 -4
v -4 26 -4
v -4 23 -3
v -4 26 -3
v -4 23 -2
v -4 26 -2
v -4 23 -1
v -4 26 -1
v -4 23 0
v -4 26 0
v -4 23 1
v -4 26 1
v -4 23 2
v -4 26 2
v -4 23 3
v -4 26 3
v -4 23 4
v -4 26 4
v -4 23 5
v -4 26 5
v -4 23 6
v -4 26 6
v -4 23 7
v -4 26 7
v -4 23 8
v -4 26 8
v -4 23 9
v -4 26 9
v -4 23 10
v -4 26 10
v -4 23 11
v -4 26 11
v -4 23 12
v -4 26 12
v -4 23 13
v -4 26 13
v -4 23 14
v -4 26 14
v -4 23 15
v -4 26 15
v -4 23 16
v -4 27 15
v -4 28 15
v -4 29 15
v -4 30 15
v -4 31 15
v -4 32 15
v -4 33 15
v -4 34 15
v -4 35 15
v -4 36 15
v -4 37 15
v -4 38 15
v -4 39 15
v -4 40 15
v -4 41 15
v -4 42 15
v -4 43 15
v -4 44 15
v -4 45 15
v -4 46 15
v -4 47 15
v -4 48 15
v -4 49 15
v -4 50 15
v -4 51 15
v -4 52 15
v -4 53 15
v -4 54 15
v -4 55 15
v -4 56 15
v -4 57 15
v -4 58 15
v -4 59 15
v -4 60 15
v -4 61 15
v -4 61 16
v -4 65 16
v -4 65 15
v -4 66 15
v -4 66 16
v -4 23 17
v -4 24 17
v -4 25 17
v -4 26 17
v -4 27 17
v -4 28 17
v -4 29 17
v -4 30 17
v -4 31 17
v -4 32 17
v -4 33 17
v -4 34 17
v -4 35 17
v -4 36 17
v -4 37 17
v -4 38 17
v -4 39 17
v -4 40 17
v -4 41 17
v -4 42 17
v -4 43 17
v -4 44 17
v -4 45 17
v -4 46 17
v -4 47 17
v -4 48 17
v -4 49 17
v -4 50 17
v -4 51 17
v -4 52 17
v -4 53 17
v -4 54 17
v -4 55 17
v -4 56 17
v -4 57 17
v -4 58 17
v -4 59 17
v -4 60 17
v -4 61 17
v -4 65 17
v -4 66 17
v -3 23 -16
v -3 23 -17
v -3 24 -17
v -3 25 -17
v -3 26 -17
v -3 26 -16
v -3 23 -15
v -3 26 -15
v -3 23 -14
v -3 26 -14
v -3 23 -13
v -3 26 -13
v -3 23 -12
v -3 26 -12
v -3 23 -11
v -3 26 -11
v -3 23 -10
v -3 26 -10
v -3 23 -9
v -3 26 -9
v -3 23 -8
v -3 26 -8
v -3 23 -7
v -3 26 -7
v -3 23 -6
v -3 26 -6
v -3 23 -5
v -3 26 -5
v -3 23 -4
v -3 26 -4
v -3 23 -3
v -3 26 -3
v -3 23 -2
v -3 26 -2
v -3 23 -1
v -3 26 -1
v -3 23 0
v -3 26 0
v -3 23 1
v -3 26 1
v -3 23 2
v -3 26 2
v -3 23 3
v -3 26 3
v -3 23 4
v -3 26 4
v -3 23 5
v -3 26 5
v -3 23 6
v -3 26 6
v -3 23 7
v -3 26 7
v -3 23 8
v -3 26 8
v -3 23 9
v -3 26 9
v -3 23 10
v -3 26 10
v -3 23 11
v -3 26 11
v -3 23 12
v -3 26 12
v -3 23 13
v -3 26 13
v -3 23 14
v -3 26 14
v -3 23 15
v -3 26 15
v -3 23 16
v -3 27 15
v -3 28 15
v -3 29 15
v -3 30 15
v -3 31 15
v -3 32 15
v -3 33 15
v -3 34 15
v -3 35 15
v -3 36 15
v -3 37 15
v -3 38 15
v -3 39 15
v -3 40 15
v -3 41 15
v -3 42 15
v -3 43 15
v -3 44 15
v -3 45 15
v -3 46 15
v -3 47 15
v -3 48 15
v -3 49 15
v -3 50 15
v -3 51 15
v -3 52 15
v -3 53 15
v -3 54 15
v -3 55 15
v -3 56 15
v -3 57 15
v -3 58 15
v -3 59 15
v -3 60 15
v -3 61 15
v -3 61 16
v -3 65 16
v -3 65 15
v -3 66 15
v -3 66 16
v -3 23 17
v -3 24 17
v -3 25 17
v -3 26 17
v -3 27 17
v -3 28 17
v -3 29 17
v -3 30 17
v -3 31 17
v -3 32 17
v -3 33 17
v -3 34 17
v -3 35 17
v -3 36 17
v -3 37 17
v -3 38 17
v -3 39 17
v -3 40 17
v -3 41 17
v -3 42 17
v -3 43 17
v -3 44 17
v -3 45 17
v -3 46 17
v -3 47 17
v -3 48 17
v -3 49 17
v -3 50 17
v -3 51 17
v -3 52 17
v -3 53 17
v -3 54 17
v -3 55 17
v -3 56 17
v -3 57 17
v -3 58 17
v -3 59 17
v -3 60 17
v -3 61 17
v -3 65 17
v -3 66 17
v -2 23 -16
v -2 23 -17
v -2 24 -17
v -2 25 -17
v -2 26 -17
v -2 26 -16
v -2 23 -15
v -2 26 -15
v -2 23 -14
v -2 26 -14
v -2 23 -13
v -2 26 -13
v -2 23 -12
v -2 26 -12
v -2 23 -11
v -2 26 -11
v -2 23 -10
v -2 26 -10
v -2 23 -9
v -2 26 -9
v -2 23 -8
v -2 26 -8
v -2 23 -7
v -2 26 -7
v -2 23 -6
v -2 26 -6
v -2 23 -5
v -2 26 -5
v -2 23 -4
v -2 26 -4
v -2 23 -3
v -2 26 -3
v -2 23 -2
v -2 26 -2
v -2 23 -1
v -2 26 -1
v -2 23 0
v -2 26 0
v -2 23 1
v -2 26 1
v -2 23 2
v -2 26 2
v -2 23 3
v -2 26 3
v -2 23 4
v -2 26 4
v -2 23 5
v -2 26 5
v -2 23 6
v -2 26 6
v -2 23 7
v -2 26 7
v -2 23 8
v -2 26 8
v -2 23 9
v -2 26 9
v -2 23 10
v -2 26 10
v -2 23 11
v -2 26 11
v -2 23 12
v -2 26 12
v -2 23 13
v -2 26 13
v -2 23 14
v -2 26 14
v -2 23 15
v -2 26 15
v -2 23 16
v -2 27 15
v -2 28 15
v -2 29 15
v -2 30 15
v -2 31 15
v -2 32 15
v -2 33 15
v -2 34 15
v -2 35 15
v -2 36 15
v -2 37 15
v -2 38 15
v -2 39 15
v -2 40 15
v -2 41 15
v -2 42 15
v -2 43 15
v -2 44 15
v -2 45 15
v -2 46 15
v -2 47 15
v -2 48 15
v -2 49 15
v -2 50 15
v -2 51 15
v -2 52 15
v -2 53 15
v -2 54 15
v -2 55 15
v -2 56 15
v -2 57 15
v -2 58 15
v -2 59 15
v -2 60 15
v -2 61 15
v -2 61 16
v -2 65 16
v -2 65 15
v -2 66 15
v -2 66 16
v -2 23 17
v -2 24 17
v -2 25 17
v -2 26 17
v -2 27 17
v -2 28 17
v -2 29 17
v -2 30 17
v -2 31 17
v -2 32 17
v -2 33 17
v -2 34 17
v -2 35 17
v -2 36 17
v -2 37 17
v -2 38 17
v -2 39 17
v -2 40 17
v -2 41 17
v -2 42 17
v -2 43 17
v -2 44 17
v -2 45 17
v -2 46 17
v -2 47 17
v -2 48 17
v -2 49 17
v -2 50 17
v -2 51 17
v -2 52 17
v -2 53 17
v -2 54 17
v -2 55 17
v -2 56 17
v -2 57 17
v -2 58 17
v -2 59 17
v -2 60 17
v -2 61 17
v -2 65 17
v -2 66 17
v -1 23 -16
v -1 23 -17
v -1 24 -17
v -1 25 -17
v -1 26 -17
v -1 26 -16
v -1 23 -15
v -1 26 -15
v -1 23 -14
v -1 26 -14
v -1 23 -13
v -1 26 -13
v -1 23 -12
v -1 26 -12
v -1 23 -11
v -1 26 -11
v -1 23 -10
v -1 26 -10
v -1 23 -9
v -1 26 -9
v -1 23 -8
v -1 26 -8
v -1 23 -7
v -1 26 -7
v -1 23 -6
v -1 26 -6
v -1 23 -5
v -1 26 -5
v -1 23 -4
v -1 26 -4
v -1 23 -3
v -1 26 -3
v -1 23 -2
v -1 26 -2
v -1 23 -1
v -1 26 -1
v -1 23 0
v -1 26 0
v -1 23 1
v -1 26 1
v -1 23 2
v -1 26 2
v -1 23 3
v -1 26 3
v -1 23 4
v -1 26 4
v -1 23 5
v -1 26 5
v -1 23 6
v -1 26 6
v -1 23 7
v -1 26 7
v -1 23 8
v -1 26 8
v -1 23 9
v -1 26 9
v -1 23 10
v -1 26 10
v -1 23 11
v -1 26 11
v -1 23 12
v -1 26 12
v -1 23 13
v -1 26 13
v -1 23 14
v -1 26 14
v -1 23 15
v -1 26 15
v -1 23 16
v -1 27 15
v -1 28 15
v -1 29 15
v -1 30 15
v -1 31 15
v -1 32 15
v -1 33 15
v -1 34 15
v -1 35 15
v -1 36 15
v -1 37 15
v -1 38 15
v -1 39 15
v -1 40 15
v -1 41 15
v -1 42 15
v -1 43 15
v -1 44 15
v -1 45 15
v -1 46 15
v -1 47 15
v -1 48 15
v -1 49 15
v -1 50 15
v -1 51 15
v -1 52 15
v -1 53 15
v -1 54 15
v -1 55 15
v -1 56 15
v -1 57 15
v -1 58 15
v -1 59 15
v -1 60 15
v -1 61 15
v -1 61 16
v -1 65 16
v -1 65 15
v -1 66 15
v -1 66 16
v -1 23 17
v -1 24 17
v -1 25 17
v -1 26 17
v -1 27 17
v -1 28 17
v -1 29 17
v -1 30 17
v -1 31 17
v -1 32 17
v -1 33 17
v -1 34 17
v -1 35 17
v -1 36 17
v -1 37 17
v -1 38 17
v -1 39 17
v -1 40 17
v -1 41 17
v -1 42 17
v -1 43 17
v -1 44 17
v -1 45 17
v -1 46 17
v -1 47 17
v -1 48 17
v -1 49 17
v -1 50 17
v -1 51 17
v -1 52 17
v -1 53 17
v -1 54 17
v -1 55 17
v -1 56 17
v -1 57 17
v -1 58 17
v -1 59 17
v -1 60 17
v -1 61 17
v -1 65 17
v -1 66 17
v 0 23 -16
v 0 23 -17
v 0 24 -17
v 0 25 -17
v 0 26 -17
v 0 26 -16
v 0 23 -15
v 0 26 -15
v 0 23 -14
v 0 26 -14
v 0 23 -13
v 0 26 -13
v 0 23 -12
v 0 26 -12
v 0 23 -11
v 0 26 -11
v 0 23 -10
v 0 26 -10
v 0 23 -9
v 0 26 -9
v 0 23 -8
v 0 26 -8
v 0 23 -7
v 0 26 -7
v 0 23 -6
v 0 26 -6
v 0 23 -5
v 0 26 -5
v 0 23 -4
v 0 26 -4
v 0 23 -3
v 0 26 -3
v 0 23 -2
v 0 26 -2
v 0 23 -1
v 0 26 -1
v 0 23 0
v 0 26 0
v 0 23 1
v 0 26 1
v 0 23 2
v 0 26 2
v 0 23 3
v 0 26 3
v 0 23 4
v 0 26 4
v 0 23 5
v 0 26 5
v 0 23 6
v 0 26 6
v 0 23 7
v 0 26 7
v 0 23 8
v 0 26 8
v 0 23 9
v 0 26 9
v 0 23 10
v 0 26 10
v 0 23 11
v 0 26 11
v 0 23 12
v 0 26 12
v 0 23 13
v 0 26 13
v 0 23 14
v 0 26 14
v 0 23 15
v 0 26 15
v 0 23 16
v 0 27 15
v 0 28 15
v 0 29 15
v 0 30 15
v 0 31 15
v 0 32 15
v 0 33 15
v 0 34 15
v 0 35 15
v 0 36 15
v 0 37 15
v 0 38 15
v 0 39 15
v 0 40 15
v 0 41 15
v 0 42 15
v 0 43 15
v 0 44 15
v 0 45 15
v 0 46 15
v 0 47 15
v 0 48 15
v 0 49 15
v 0 50 15
v 0 51 15
v 0 52 15
v 0 53 15
v 0 54 15
v 0 55 15
v 0 56 15
v 0 57 15
v 0 58 15
v 0 59 15
v 0 60 15
v 0 61 15
v 0 61 16
v 0 65 16
v 0 65 15
v 0 66 15
v 0 66 16
v 0 23 17
v 0 24 17
v 0 25 17
v 0 26 17
v 0 27 17
v 0 28 17
v 0 29 17
v 0 30 17
v 0 31 17
v 0 32 17
v 0 33 17
v 0 34 17
v 0 35 17
v 0 36 17
v 0 37 17
v 0 38 17
v 0 39 17
v 0 40 17
v 0 41 17
v 0 42 17
v 0 43 17
v 0 44 17
v 0 45 17
v 0 46 17
v 0 47 17
v 0 48 17
v 0 49 17
v 0 50 17
v 0 51 17
v 0 52 17
v 0 53 17
v 0 54 17
v 0 55 17
v 0 56 17
v 0 57 17
v 0 58 17
v 0 59 17
v 0 60 17
v 0 61 17
v 0 65 17
v 0 66 17
v 1 23 -16
v 1 23 -17
v 1 24 -17
v 1 25 -17
v 1 26 -17
v 1 26 -16
v 1 23 -15
v 1 26 -15
v 1 23 -14
v 1 26 -14
v 1 23 -13
v 1 26 -13
v 1 23 -12
v 1 26 -12
v 1 23 -11
v 1 26 -11
v 1 23 -10
v 1 26 -10
v 1 23 -9
v 1 26 -9
v 1 23 -8
v 1 26 -8
v 1 23 -7
v 1 26 -7
v 1 23 -6
v 1 26 -6
v 1 23 -5
v 1 26 -5
v 1 23 -4
v 1 26 -4
v 1 23 -3
v 1 26 -3
v 1 23 -2
v 1 26 -2
v 1 23 -1
v 1 26 -1
v 1 23 0
v 1 26 0
v 1 23 1
v 1 26 1
v 1 23 2
v 1 26 2
v 1 23 3
v 1 26 3
v 1 23 4
v 1 26 4
v 1 23 5
v 1 26 5
v 1 23 6
v 1 26 6
v 1 23 7
v 1 26 7
v 1 23 8
v 1 26 8
v 1 23 9
v 1 26 9
v 1 23 10
v 1 26 10
v 1 23 11
v 1 26 11
v 1 23 12
v 1 26 12
v 1 23 13
v 1 26 13
v 1 23 14
v 1 26 14
v 1 23 15
v 1 26 15
v 1 23 16
v 1 27 15
v 1 28 15
v 1 29 15
v 1 30 15
v 1 31 15
v 1 32 15
v 1 33 15
v 1 34 15
v 1 35 15
v 1 36 15
v 1 37 15
v 1 38 15
v 1 39 15
v 1 40 15
v 1 41 15
v 1 42 15
v 1 43 15
v 1 44 15
v 1 45 15
v 1 46 15
v 1 47 15
v 1 48 15
v 1 49 15
v 1 50 15
v 1 51 15
v 1 52 15
v 1 53 15
v 1 54 15
v 1 55 15
v 1 56 15
v 1 57 15
v 1 58 15
v 1 59 15
v 1 60 15
v 1 61 15
v 1 61 16
v 1 65 16
v 1 65 15
v 1 66 15
v 1 66 16
v 1 23 17
v 1 24 17
v 1 25 17
v 1 26 17
v 1 27 17
v 1 28 17
v 1 29 17
v 1 30 17
v 1 31 17
v 1 32 17
v 1 33 17
v 1 34 17
v 1 35 17
v 1 36 17
v 1 37 17
v 1 38 17
v 1 39 17
v 1 40 17
v 1 41 17
v 1 42 17
v 1 43 17
v 1 44 17
v 1 45 17
v 1 46 17
v 1 47 17
v 1 48 17
v 1 49 17
v 1 50 17
v 1 51 17
v 1 52 17
v 1 53 17
v 1 54 17
v 1 55 17
v 1 56 17
v 1 57 17
v 1 58 17
v 1 59 17
v 1 60 17
v 1 61 17
v 1 65 17
v 1 66 17
v 2 23 -16
v 2 23 -17
v 2 24 -17
v 2 25 -17
v 2 26 -17
v 2 26 -16
v 2 23 -15
v 2 26 -15
v 2 23 -14
v 2 26 -14
v 2 23 -13
v 2 26 -13
v 2 23 -12
v 2 26 -12
v 2 23 -11
v 2 26 -11
v 2 23 -10
v 2 26 -10
v 2 23 -9
v 2 26 -9
v 2 23 -8
v 2 26 -8
v 2 23 -7
v 2 26 -7
v 2 23 -6
v 2 26 -6
v 2 23 -5
v 2 26 -5
v 2 23 -4
v 2 26 -4
v 2 23 -3
v 2 26 -3
v 2 23 -2
v 2 26 -2
v 2 23 -1
v 2 26 -1
v 2 23 0
v 2 26 0
v 2 23 1
v 2 26 1
v 2 23 2
v 2 26 2
v 2 23 3
v 2 26 3
v 2 23 4
v 2 26 4
v 2 23 5
v 2 26 5
v 2 23 6
v 2 26 6
v 2 23 7
v 2 26 7
v 2 23 8
v 2 26 8
v 2 23 9
v 2 26 9
v 2 23 10
v 2 26 10
v 2 23 11
v 2 26 11
v 2 23 12
v 2 26 12
v 2 23 13
v 2 26 13
v 2 23 14
v 2 26 14
v 2 23 15
v 2 26 15
v 2 23 16
v 2 27 15
v 2 28 15
v 2 29 15
v 2 30 15
v 2 31 15
v 2 32 15
v 2 33 15
v 2 34 15
v 2 35 15
v 2 36 15
v 2 37 15
v 2 38 15
v 2 39 15
v 2 40 15
v 2 41 15
v 2 42 15
v 2 43 15
v 2 44 15
v 2 45 15
v 2 46 15
v 2 47 15
v 2 48 15
v 2 49 15
v 2 50 15
v 2 51 15
v 2 52 15
v 2 53 15
v 2 54 15
v 2 55 15
v 2 56 15
v 2 57 15
v 2 58 15
v 2 59 15
v 2 60 15
v 2 61 15
v 2 61 16
v 2 65 16
v 2 65 15
v 2 66 15
v 2 66 16
v 2 23 17
v 2 24 17
v 2 25 17
v 2 26 17
v 2 27 17
v 2 28 17
v 2 29 17
v 2 30 17
v 2 31 17
v 2 32 17
v 2 33 17
v 2 34 17
v 2 35 17
v 2 36 17
v 2 37 17
v 2 38 17
v 2 39 17
v 2 40 17
v 2 41 17
v 2 42 17
v 2 43 17
v 2 44 17
v 2 45 17
v 2 46 17
v 2 47 17
v 2 48 17
v 2 49 17
v 2 50 17
v 2 51 17
v 2 52 17
v 2 53 17
v 2 54 17
v 2 55 17
v 2 56 17
v 2 57 17
v 2 58 17
v 2 59 17
v 2 60 17
v 2 61 17
v 2 65 17
v 2 66 17
v 3 23 -16
v 3 23 -17
v 3 24 -17
v 3 25 -17
v 3 26 -17
v 3 26 -16
v 3 23 -15
v 3 26 -15
v 3 23 -14
v 3 26 -14
v 3 23 -13
v 3 26 -13
v 3 23 -12
v 3 26 -12
v 3 23 -11
v 3 26 -11
v 3 23 -10
v 3 26 -10
v 3 23 -9
v 3 26 -9
v 3 23 -8
v 3 26 -8
v 3 23 -7
v 3 26 -7
v 3 23 -6
v 3 26 -6
v 3 23 -5
v 3 26 -5
v 3 23 -4
v 3 26 -4
v 3 23 -3
v 3 26 -3
v 3 23 -2
v 3 26 -2
v 3 23 -1
v 3 26 -1
v 3 23 0
v 3 26 0
v 3 23 1
v 3 26 1
v 3 23 2
v 3 26 2
v 3 23 3
v 3 26 3
v 3 23 4
v 3 26 4
v 3 23 5
v 3 26 5
v 3 23 6
v 3 26 6
v 3 23 7
v 3 26 7
v 3 23 8
v 3 26 8
v 3 23 9
v 3 26 9
v 3 23 10
v 3 26 10
v 3 23 11
v 3 26 11
v 3 23 12
v 3 26 12
v 3 23 13
v 3 26 13
v 3 23 14
v 3 26 14
v 3 23 15
v 3 26 15
v 3 23 16
v 3 27 15
v 3 28 15
v 3 29 15
v 3 30 15
v 3 31 15
v 3 32 15
v 3 33 15
v 3 34 15
v 3 35 15
v 3 36 15
v 3 37 15
v 3 38 15
v 3 39 15
v 3 40 15
v 3 41 15
v 3 42 15
v 3 43 15
v 3 44 15
v 3 45 15
v 3 46 15
v 3 47 15
v 3 48 15
v 3 49 15
v 3 50 15
v 3 51 15
v 3 52 15
v 3 53 15
v 3 54 15
v 3 55 15
v 3 56 15
v 3 57 15
v 3 58 15
v 3 59 15
v 3 60 15
v 3 61 15
v 3 61 16
v 3 65 16
v 3 65 15
v 3 66 15
v 3 66 16
v 3 23 17
v 3 24 17
v 3 25 17
v 3 26 17
v 3 27 17
v 3 28 17
v 3 29 17
v 3 30 17
v 3 31 17
v 3 32 17
v 3 33 17
v 3 34 17
v 3 35 17
v 3 36 17
v 3 37 17
v 3 38 17
v 3 39 17
v 3 40 17
v 3 41 17
v 3 42 17
v 3 43 17
v 3 44 17
v 3 45 17
v 3 46 17
v 3 47 17
v 3 48 17
v 3 49 17
v 3 50 17
v 3 51 17
v 3 52 17
v 3 53 17
v 3 54 17
v 3 55 17
v 3 56 17
v 3 57 17
v 3 58 17
v 3 59 17
v 3 60 17
v 3 61 17
v 3 65 17
v 3 66 17
v 4 23 -16
v 4 23 -17
v 4 24 -17
v 4 25 -17
v 4 26 -17
v 4 26 -16
v 4 23 -15
v 4 26 -15
v 4 23 -14
v 4 26 -14
v 4 23 -13
v 4 26 -13
v 4 23 -12
v 4 26 -12
v 4 23 -11
v 4 26 -11
v 4 23 -10
v 4 26 -10
v 4 23 -9
v 4 26 -9
v 4 23 -8
v 4 26 -8
v 4 23 -7
v 4 26 -7
v 4 23 -6
v 4 26 -6
v 4 23 -5
v 4 26 -5
v 4 23 -4
v 4 26 -4
v 4 23 -3
v 4 26 -3
v 4 23 -2
v 4 26 -2
v 4 23 -1
v 4 26 -1
v 4 23 0
v 4 26 0
v 4 23 1
v 4 26 1
v 4 23 2
v 4 26 2
v 4 23 3
v 4 26 3
v 4 23 4
v 4 26 4
v 4 23 5
v 4 26 5
v 4 23 6
v 4 26 6
v 4 23 7
v 4 26 7
v 4 23 8
v 4 26 8
v 4 23 9
v 4 26 9
v 4 23 10
v 4 26 10
v 4 23 11
v 4 26 11
v 4 23 12
v 4 26 12
v 4 23 13
v 4 26 13
v 4 23 14
v 4 26 14
v 4 23 15
v 4 26 15
v 4 23 16
v 4 27 15
v 4 28 15
v 4 29 15
v 4 30 15
v 4 31 15
v 4 32 15
v 4 33 15
v 4 34 15
v 4 35 15
v 4 36 15
v 4 37 15
v 4 38 15
v 4 39 15
v 4 40 15
v 4 41 15
v 4 42 15
v 4 43 15
v 4 44 15
v 4 45 15
v 4 46 15
v 4 47 15
v 4 48 15
v 4 49 15
v 4 50 15
v 4 51 15
v 4 52 15
v 4 53 15
v 4 54 15
v 4 55 15
v 4 56 15
v 4 57 15
v 4 58 15
v 4 59 15
v 4 60 15
v 4 61 15
v 4 61 16
v 4 65 16
v 4 65 15
v 4 66 15
v 4 66 16
v 4 23 17
v 4 24 17
v 4 25 17
v 4 26 17
v 4 27 17
v 4 28 17
v 4 29 17
v 4 30 17
v 4 31 17
v 4 32 17
v 4 33 17
v 4 34 17
v 4 35 17
v 4 36 17
v 4 37 17
v 4 38 17
v 4 39 17
v 4 40 17
v 4 41 17
v 4 42 17
v 4 43 17
v 4 44 17
v 4 45 17
v 4 46 17
v 4 47 17
v 4 48 17
v 4 49 17
v 4 50 17
v 4 51 17
v 4 52 17
v 4 53 17
v 4 54 17
v 4 55 17
v 4 56 17
v 4 57 17
v 4 58 17
v 4 59 17
v 4 60 17
v 4 61 17
v 4 65 17
v 4 66 17
v 5 23 -16
v 5 23 -17
v 5 24 -17
v 5 25 -17
v 5 26 -17
v 5 26 -16
v 5 23 -15
v 5 26 -15
v 5 23 -14
v 5 26 -14
v 5 23 -13
v 5 26 -13
v 5 23 -12
v 5 26 -12
v 5 23 -11
v 5 26 -11
v 5 23 -10
v 5 26 -10
v 5 23 -9
v 5 26 -9
v 5 23 -8
v 5 26 -8
v 5 23 -7
v 5 26 -7
v 5 23 -6
v 5 26 -6
v 5 23 -5
v 5 26 -5
v 5 23 -4
v 5 26 -4
v 5 23 -3
v 5 26 -3
v 5 23 -2
v 5 26 -2
v 5 23 -1
v 5 26 -1
v 5 23 0
v 5 26 0
v 5 23 1
v 5 26 1
v 5 23 2
v 5 26 2
v 5 23 3
v 5 26 3
v 5 23 4
v 5 26 4
v 5 23 5
v 5 26 5
v 5 23 6
v 5 26 6
v 5 23 7
v 5 26 7
v 5 23 8
v 5 26 8
v 5 23 9
v 5 26 9
v 5 23 10
v 5 26 10
v 5 23 11
v 5 26 11
v 5 23 12
v 5 26 12
v 5 23 13
v 5 26 13
v 5 23 14
v 5 26 14
v 5 23 15
v 5 26 15
v 5 23 16
v 5 27 15
v 5 28 15
v 5 29 15
v 5 30 15
v 5 31 15
v 5 32 15
v 5 33 15
v 5 34 15
v 5 35 15
v 5 36 15
v 5 37 15
v 5 38 15
v 5 39 15
v 5 40 15
v 5 41 15
v 5 42 15
v 5 43 15
v 5 44 15
v 5 45 15
v 5 46 15
v 5 47 15
v 5 48 15
v 5 49 15
v 5 50 15
v 5 51 15
v 5 52 15
v 5 53 15
v 5 54 15
v 5 55 15
v 5 56 15
v 5 57 15
v 5 58 15
v 5 59 15
v 5 60 15
v 5 61 15
v 5 61 16
v 5 65 16
v 5 65 15
v 5 66 15
v 5 66 16
v 5 23 17
v 5 24 17
v 5 25 17
v 5 26 17
v 5 27 17
v 5 28 17
v 5 29 17
v 5 30 17
v 5 31 17
v 5 32 17
v 5 33 17
v 5 34 17
v 5 35 17
v 5 36 17
v 5 37 17
v 5 38 17
v 5 39 17
v 5 40 17
v 5 41 17
v 5 42 17
v 5 43 17
v 5 44 17
v 5 45 17
v 5 46 17
v 5 47 17
v 5 48 17
v 5 49 17
v 5 50 17
v 5 51 17
v 5 52 17
v 5 53 17
v 5 54 17
v 5 55 17
v 5 56 17
v 5 57 17
v 5 58 17
v 5 59 17
v 5 60 17
v 5 61 17
v 5 65 17
v 5 66 17
v 6 23 -16
v 6 23 -17
v 6 24 -17
v 6 25 -17
v 6 26 -17
v 6 26 -16
v 6 23 -15
v 6 26 -15
v 6 23 -14
v 6 26 -14
v 6 23 -13
v 6 26 -13
v 6 23 -12
v 6 26 -12
v 6 23 -11
v 6 26 -11
v 6 23 -10
v 6 26 -10
v 6 23 -9
v 6 26 -9
v 6 23 -8
v 6 26 -8
v 6 23 -7
v 6 26 -7
v 6 23 -6
v 6 26 -6
v 6 23 -5
v 6 26 -5
v 6 23 -4
v 6 26 -4
v 6 23 -3
v 6 26 -3
v 6 23 -2
v 6 26 -2
v 6 23 -1
v 6 26 -1
v 6 23 0
v 6 26 0
v 6 23 1
v 6 26 1
v 6 23 2
v 6 26 2
v 6 23 3
v 6 26 3
v 6 23 4
v 6 26 4
v 6 23 5
v 6 26 5
v 6 23 6
v 6 26 6
v 6 23 7
v 6 26 7
v 6 23 8
v 6 26 8
v 6 23 9
v 6 26 9
v 6 23 10
v 6 26 10
v 6 23 11
v 6 26 11
v 6 23 12
v 6 26 12
v 6 23 13
v 6 26 13
v 6 23 14
v 6 26 14
v 6 23 15
v 6 26 15
v 6 23 16
v 6 27 15
v 6 28 15
v 6 29 15
v 6 30 15
v 6 31 15
v 6 32 15
v 6 33 15
v 6 34 15
v 6 35 15
v 6 36 15
v 6 37 15
v 6 38 15
v 6 39 15
v 6 40 15
v 6 41 15
v 6 42 15
v 6 43 15
v 6 44 15
v 6 45 15
v 6 46 15
v 6 47 15
v 6 48 15
v 6 49 15
v 6 50 15
v 6 51 15
v 6 52 15
v 6 53 15
v 6 54 15
v 6 55 15
v 6 56 15
v 6 57 15
v 6 58 15
v 6 59 15
v 6 60 15
v 6 61 15
v 6 61 16
v 6 65 16
v 6 65 15
v 6 66 15
v 6 66 16
v 6 23 17
v 6 24 17
v 6 25 17
v 6 26 17
v 6 27 17
v 6 28 17
v 6 29 17
v 6 30 17
v 6 31 17
v 6 32 17
v 6 33 17
v 6 34 17
v 6 35 17
v 6 36 17
v 6 37 17
v 6 38 17
v 6 39 17
v 6 40 17
v 6 41 17
v 6 42 17
v 6 43 17
v 6 44 17
v 6 45 17
v 6 46 17
v 6 47 17
v 6 48 17
v 6 49 17
v 6 50 17
v 6 51 17
v 6 52 17
v 6 53 17
v 6 54 17
v 6 55 17
v 6 56 17
v 6 57 17
v 6 58 17
v 6 59 17
v 6 60 17
v 6 61 17
v 6 65 17
v 6 66 17
v 7 23 -16
v 7 23 -17
v 7 24 -17
v 7 25 -17
v 7 26 -17
v 7 26 -16
v 7 23 -15
v 7 26 -15
v 7 23 -14
v 7 26 -14
v 7 23 -13
v 7 26 -13
v 7 23 -12
v 7 26 -12
v 7 23 -11
v 7 26 -11
v 7 23 -10
v 7 26 -10
v 7 23 -9
v 7 26 -9
v 7 23 -8
v 7 26 -8
v 7 23 -7
v 7 26 -7
v 7 23 -6
v 7 26 -6
v 7 23 -5
v 7 26 -5
v 7 23 -4
v 7 26 -4
v 7 23 -3
v 7 26 -3
v 7 23 -2
v 7 26 -2
v 7 23 -1
v 7 26 -1
v 7 23 0
v 7 26 0
v 7 23 1
v 7 26 1
v 7 23 2
v 7 26 2
v 7 23 3
v 7 26 3
v 7 23 4
v 7 26 4
v 7 23 5
v 7 26 5
v 7 23 6
v 7 26 6
v 7 23 7
v 7 26 7
v 7 23 8
v 7 26 8
v 7 23 9
v 7 26 9
v 7 23 10
v 7 26 10
v 7 23 11
v 7 26 11
v 7 23 12
v 7 26 12
v 7 23 13
v 7 26 13
v 7 23 14
v 7 26 14
v 7 23 15
v 7 26 15
v 7 23 16
v 7 27 15
v 7 28 15
v 7 29 15
v 7 30 15
v 7 31 15
v 7 32 15
v 7 33 15
v 7 34 15
v 7 35 15
v 7 36 15
v 7 37 15
v 7 38 15
v 7 39 15
v 7 40 15
v 7 41 15
v 7 42 15
v 7 43 15
v 7 44 15
v 7 45 15
v 7 46 15
v 7 47 15
v 7 48 15
v 7 49 15
v 7 50 15
v 7 51 15
v 7 52 15
v 7 53 15
v 7 54 15
v 7 55 15
v 7 56 15
v 7 57 15
v 7 58 15
v 7 59 15
v 7 60 15
v 7 61 15
v 7 61 16
v 7 65 16
v 7 65 15
v 7 66 15
v 7 66 16
v 7 23 17
v 7 24 17
v 7 25 17
v 7 26 17
v 7 27 17
v 7 28 17
v 7 29 17
v 7 30 17
v 7 31 17
v 7 32 17
v 7 33 17
v 7 34 17
v 7 35 17
v 7 36 17
v 7 37 17
v 7 38 17
v 7 39 17
v 7 40 17
v 7 41 17
v 7 42 17
v 7 43 17
v 7 44 17
v 7 45 17
v 7 46 17
v 7 47 17
v 7 48 17
v 7 49 17
v 7 50 17
v 7 51 17
v 7 52 17
v 7 53 17
v 7 54 17
v 7 55 17
v 7 56 17
v 7 57 17
v 7 58 17
v 7 59 17
v 7 60 17
v 7 61 17
v 7 65 17
v 7 66 17
v 8 23 -16
v 8 23 -17
v 8 24 -17
v 8 25 -17
v 8 26 -17
v 8 26 -16
v 8 23 -15
v 8 26 -15
v 8 23 -14
v 8 26 -14
v 8 23 -13
v 8 26 -13
v 8 23 -12
v 8 26 -12
v 8 23 -11
v 8 26 -11
v 8 23 -10
v 8 26 -10
v 8 23 -9
v 8 26 -9
v 8 23 -8
v 8 26 -8
v 8 23 -7
v 8 26 -7
v 8 23 -6
v 8 26 -6
v 8 23 -5
v 8 26 -5
v 8 23 -4
v 8 26 -4
v 8 23 -3
v 8 26 -3
v 8 23 -2
v 8 26 -2
v 8 23 -1
v 8 26 -1
v 8 23 0
v 8 26 0
v 8 23 1
v 8 26 1
v 8 23 2
v 8 26 2
v 8 23 3
v 8 26 3
v 8 23 4
v 8 26 4
v 8 23 5
v 8 26 5
v 8 23 6
v 8 26 6
v 8 23 7
v 8 26 7
v 8 23 8
v 8 26 8
v 8 23 9
v 8 26 9
v 8 23 10
v 8 26 10
v 8 23 11
v 8 26 11
v 8 23 12
v 8 26 12
v 8 23 13
v 8 26 13
v 8 23 14
v 8 26 14
v 8 23 15
v 8 26 15
v 8 23 16
v 8 27 15
v 8 28 15
v 8 29 15
v 8 30 15
v 8 31 15
v 8 32 15
v 8 33 15
v 8 34 15
v 8 35 15
v 8 36 15
v 8 37 15
v 8 38 15
v 8 39 15
v 8 40 15
v 8 41 15
v 8 42 15
v 8 43 15
v 8 44 15
v 8 45 15
v 8 46 15
v 8 47 15
v 8 48 15
v 8 49 15
v 8 50 15
v 8 51 15
v 8 52 15
v 8 53 15
v 8 54 15
v 8 55 15
v 8 56 15
v 8 57 15
v 8 58 15
v 8 59 15
v 8 60 15
v 8 61 15
v 8 61 16
v 8 65 16
v 8 65 15
v 8 66 15
v 8 66 16
v 8 23 17
v 8 24 17
v 8 25 17
v 8 26 17
v 8 27 17
v 8 28 17
v 8 29 17
v 8 30 17
v 8 31 17
v 8 32 17
v 8 33 17
v 8 34 17
v 8 35 17
v 8 36 17
v 8 37 17
v 8 38 17
v 8 39 17
v 8 40 17
v 8 41 17
v 8 42 17
v 8 43 17
v 8 44 17
v 8 45 17
v 8 46 17
v 8 47 17
v 8 48 17
v 8 49 17
v 8 50 17
v 8 51 17
v 8 52 17
v 8 53 17
v 8 54 17
v 8 55 17
v 8 56 17
v 8 57 17
v 8 58 17
v 8 59 17
v 8 60 17
v 8 61 17
v 8 65 17
v 8 66 17
v 9 23 -16
v 9 23 -17
v 9 24 -17
v 9 25 -17
v 9 26 -17
v 9 26 -16
v 9 23 -15
v 9 26 -15
v 9 23 -14
v 9 26 -14
v 9 23 -13
v 9 26 -13
v 9 23 -12
v 9 26 -12
v 9 23 -11
v 9 26 -11
v 9 23 -10
v 9 26 -10
v 9 23 -9
v 9 26 -9
v 9 23 -8
v 9 26 -8
v 9 23 -7
v 9 26 -7
v 9 23 -6
v 9 26 -6
v 9 23 -5
v 9 26 -5
v 9 23 -4
v 9 26 -4
v 9 23 -3
v 9 26 -3
v 9 23 -2
v 9 26 -2
v 9 23 -1
v 9 26 -1
v 9 23 0
v 9 26 0
v 9 23 1
v 9 26 1
v 9 23 2
v 9 26 2
v 9 23 3
v 9 26 3
v 9 23 4
v 9 26 4
v 9 23 5
v 9 26 5
v 9 23 6
v 9 26 6
v 9 23 7
v 9 26 7
v 9 23 8
v 9 26 8
v 9 23 9
v 9 26 9
v 9 23 10
v 9 26 10
v 9 23 11
v 9 26 11
v 9 23 12
v 9 26 12
v 9 23 13
v 9 26 13
v 9 23 14
v 9 26 14
v 9 23 15
v 9 26 15
v 9 23 16
v 9 27 15
v 9 28 15
v 9 29 15
v 9 30 15
v 9 31 15
v 9 32 15
v 9 33 15
v 9 34 15
v 9 35 15
v 9 36 15
v 9 37 15
v 9 38 15
v 9 39 15
v 9 40 15
v 9 41 15
v 9 42 15
v 9 43 15
v 9 44 15
v 9 45 15
v 9 46 15
v 9 47 15
v 9 48 15
v 9 49 15
v 9 50 15
v 9 51 15
v 9 52 15
v 9 53 15
v 9 54 15
v 9 55 15
v 9 56 15
v 9 57 15
v 9 58 15
v 9 59 15
v 9 60 15
v 9 61 15
v 9 61 16
v 9 65 16
v 9 65 15
v 9 66 15
v 9 66 16
v 9 23 17
v 9 24 17
v 9 25 17
v 9 26 17
v 9 27 17
v 9 28 17
v 9 29 17
v 9 30 17
v 9 31 17
v 9 32 17
v 9 33 17
v 9 34 17
v 9 35 17
v 9 36 17
v 9 37 17
v 9 38 17
v 9 39 17
v 9 40 17
v 9 41 17
v 9 42 17
v 9 43 17
v 9 44 17
v 9 45 17
v 9 46 17
v 9 47 17
v 9 48 17
v 9 49 17
v 9 50 17
v 9 51 17
v 9 52 17
v 9 53 17
v 9 54 17
v 9 55 17
v 9 56 17
v 9 57 17
v 9 58 17
v 9 59 17
v 9 60 17
v 9 61 17
v 9 65 17
v 9 66 17
v 10 23 -16
v 10 23 -17
v 10 24 -17
v 10 25 -17
v 10 26 -17
v 10 26 -16
v 10 23 -15
v 10 26 -15
v 10 23 -14
v 10 26 -14
v 10 23 -13
v 10 26 -13
v 10 23 -12
v 10 26 -12
v 10 23 -11
v 10 26 -11
v 10 23 -10
v 10 26 -10
v 10 23 -9
v 10 26 -9
v 10 23 -8
v 10 26 -8
v 10 23 -7
v 10 26 -7
v 10 23 -6
v 10 26 -6
v 10 23 -5
v 10 26 -5
v 10 23 -4
v 10 26 -4
v 10 23 -3
v 10 26 -3
v 10 23 -2
v 10 26 -2
v 10 23 -1
v 10 26 -1
v 10 23 0
v 10 26 0
v 10 23 1
v 10 26 1
v 10 23 2
v 10 26 2
v 10 23 3
v 10 26 3
v 10 23 4
v 10 26 4
v 10 23 5
v 10 26 5
v 10 23 6
v 10 26 6
v 10 23 7
v 10 26 7
v 10 23 8
v 10 26 8
v 10 23 9
v 10 26 9
v 10 23 10
v 10 26 10
v 10 23 11
v 10 26 11
v 10 23 12
v 10 26 12
v 10 23 13
v 10 26 13
v 10 23 14
v 10 26 14
v 10 23 15
v 10 26 15
v 10 23 16
v 10 27 15
v 10 28 15
v 10 29 15
v 10 30 15
v 10 31 15
v 10 32 15
v 10 33 15
v 10 34 15
v 10 35 15
v 10 36 15
v 10 37 15
v 10 38 15
v 10 39 15
v 10 40 15
v 10 41 15
v 10 42 15
v 10 43 15
v 10 44 15
v 10 45 15
v 10 46 15
v 10 47 15
v 10 48 15
v 10 49 15
v 10 50 15
v 10 51 15
v 10 52 15
v 10 53 15
v 10 54 15
v 10 55 15
v 10 56 15
v 10 57 15
v 10 58 15
v 10 59 15
v 10 60 15
v 10 61 15
v 10 61 16
v 9 64 15
v 9 64 16
v 10 64 16
v 10 64 15
v 10 65 15
v 10 66 15
v 10 66 16
v 10 23 17
v 10 24 17
v 10 25 17
v 10 26 17
v 10 27 17
v 10 28 17
v 10 29 17
v 10 30 17
v 10 31 17
v 10 32 17
v 10 33 17
v 10 34 17
v 10 35 17
v 10 36 17
v 10 37 17
v 10 38 17
v 10 39 17
v 10 40 17
v 10 41 17
v 10 42 17
v 10 43 17
v 10 44 17
v 10 45 17
v 10 46 17
v 10 47 17
v 10 48 17
v 10 49 17
v 10 50 17
v 10 51 17
v 10 52 17
v 10 53 17
v 10 54 17
v 10 55 17
v 10 56 17
v 10 57 17
v 10 58 17
v 10 59 17
v 10 60 17
v 10 61 17
v 9 64 17
v 10 64 17
v 10 65 17
v 10 66 17
v 11 23 -16
v 11 23 -17
v 11 24 -17
v 11 25 -17
v 11 26 -17
v 11 26 -16
v 11 23 -15
v 11 26 -15
v 11 23 -14
v 11 26 -14
v 11 23 -13
v 11 26 -13
v 11 23 -12
v 11 26 -12
v 11 23 -11
v 11 26 -11
v 11 23 -10
v 11 26 -10
v 11 23 -9
v 11 26 -9
v 11 23 -8
v 11 26 -8
v 11 23 -7
v 11 26 -7
v 11 23 -6
v 11 26 -6
v 11 23 -5
v 11 26 -5
v 11 23 -4
v 11 26 -4
v 11 23 -3
v 11 26 -3
v 11 23 -2
v 11 26 -2
v 11 23 -1
v 11 26 -1
v 11 23 0
v 11 26 0
v 11 23 1
v 11 26 1
v 11 23 2
v 11 26 2
v 11 23 3
v 11 26 3
v 11 23 4
v 11 26 4
v 11 23 5
v 11 26 5
v 11 23 6
v 11 26 6
v 11 23 7
v 11 26 7
v 11 23 8
v 11 26 8
v 11 23 9
v 11 26 9
v 11 23 10
v 11 26 10
v 11 23 11
v 11 26 11
v 11 23 12
v 11 26 12
v 11 23 13
v 11 26 13
v 11 23 14
v 11 26 14
v 11 23 15
v 11 26 15
v 11 23 16
v 11 27 15
v 11 28 15
v 11 29 15
v 11 30 15
v 11 31 15
v 11 32 15
v 11 33 15
v 11 34 15
v 11 35 15
v 11 36 15
v 11 37 15
v 11 38 15
v 11 39 15
v 11 40 15
v 11 41 15
v 11 42 15
v 11 43 15
v 11 44 15
v 11 45 15
v 11 46 15
v 11 47 15
v 11 48 15
v 11 49 15
v 11 50 15
v 11 51 15
v 11 52 15
v 11 53 15
v 11 54 15
v 11 55 15
v 11 56 15
v 11 57 15
v 11 58 15
v 11 59 15
v 11 60 15
v 11 61 15
v 11 61 16
v 10 63 15
v 10 63 16
v 11 63 16
v 11 63 15
v 11 64 15
v 11 65 15
v 11 66 15
v 11 66 16
v 11 23 17
v 11 24 17
v 11 25 17
v 11 26 17
v 11 27 17
v 11 28 17
v 11 29 17
v 11 30 17
v 11 31 17
v 11 32 17
v 11 33 17
v 11 34 17
v 11 35 17
v 11 36 17
v 11 37 17
v 11 38 17
v 11 39 17
v 11 40 17
v 11 41 17
v 11 42 17
v 11 43 17
v 11 44 17
v 11 45 17
v 11 46 17
v 11 47 17
v 11 48 17
v 11 49 17
v 11 50 17
v 11 51 17
v 11 52 17
v 11 53 17
v 11 54 17
v 11 55 17
v 11 56 17
v 11 57 17
v 11 58 17
v 11 59 17
v 11 60 17
v 11 61 17
v 10 63 17
v 11 63 17
v 11 64 17
v 11 65 17
v 11 66 17
v 12 23 -16
v 12 23 -17
v 12 24 -17
v 12 25 -17
v 12 26 -17
v 12 26 -16
v 12 23 -15
v 12 26 -15
v 12 23 -14
v 12 26 -14
v 12 23 -13
v 12 26 -13
v 12 23 -12
v 12 26 -12
v 12 23 -11
v 12 26 -11
v 12 23 -10
v 12 26 -10
v 12 23 -9
v 12 26 -9
v 12 23 -8
v 12 26 -8
v 12 23 -7
v 12 26 -7
v 12 23 -6
v 12 26 -6
v 12 23 -5
v 12 26 -5
v 12 23 -4
v 12 26 -4
v 12 23 -3
v 12 26 -3
v 12 23 -2
v 12 26 -2
v 12 23 -1
v 12 26 -1
v 12 23 0
v 12 26 0
v 12 23 1
v 12 26 1
v 12 23 2
v 12 26 2
v 12 23 3
v 12 26 3
v 12 23 4
v 12 26 4
v 12 23 5
v 12 26 5
v 12 23 6
v 12 26 6
v 12 23 7
v 12 26 7
v 12 23 8
v 12 26 8
v 12 23 9
v 12 26 9
v 12 23 10
v 12 26 10
v 12 23 11
v 12 26 11
v 12 23 12
v 12 26 12
v 12 23 13
v 12 26 13
v 12 23 14
v 12 26 14
v 12 23 15
v 12 26 15
v 12 23 16
v 12 27 15
v 12 28 15
v 12 29 15
v 12 30 15
v 12 31 15
v 12 32 15
v 12 33 15
v 12 34 15
v 12 35 15
v 12 36 15
v 12 37 15
v 12 38 15
v 12 39 15
v 12 40 15
v 12 41 15
v 12 42 15
v 12 43 15
v 12 44 15
v 12 45 15
v 12 46 15
v 12 47 15
v 12 48 15
v 12 49 15
v 12 50 15
v 12 51 15
v 12 52 15
v 12 53 15
v 12 54 15
v 12 55 15
v 12 56 15
v 12 57 15
v 12 58 15
v 12 59 15
v 12 60 15
v 12 61 15
v 12 61 16
v 11 62 15
v 11 62 16
v 12 62 16
v 12 62 15
v 12 63 15
v 12 64 15
v 12 65 15
v 12 66 15
v 12 65 16
v 12 66 16
v 12 23 17
v 12 24 17
v 12 25 17
v 12 26 17
v 12 27 17
v 12 28 17
v 12 29 17
v 12 30 17
v 12 31 17
v 12 32 17
v 12 33 17
v 12 34 17
v 12 35 17
v 12 36 17
v 12 37 17
v 12 38 17
v 12 39 17
v 12 40 17
v 12 41 17
v 12 42 17
v 12 43 17
v 12 44 17
v 12 45 17
v 12 46 17
v 12 47 17
v 12 48 17
v 12 49 17
v 12 50 17
v 12 51 17
v 12 52 17
v 12 53 17
v 12 54 17
v 12 55 17
v 12 56 17
v 12 57 17
v 12 58 17
v 12 59 17
v 12 60 17
v 12 61 17
v 11 62 17
v 12 62 17
v 12 63 17
v 12 64 17
v 12 65 17
v 12 66 17
v 13 23 -16
v 13 23 -17
v 13 24 -17
v 13 25 -17
v 13 26 -17
v 13 26 -16
v 13 23 -15
v 13 26 -15
v 13 23 -14
v 13 26 -14
v 13 23 -13
v 13 26 -13
v 13 23 -12
v 13 26 -12
v 13 23 -11
v 13 26 -11
v 13 23 -10
v 13 26 -10
v 13 23 -9
v 13 26 -9
v 13 23 -8
v 13 26 -8
v 13 23 -7
v 13 26 -7
v 13 23 -6
v 13 26 -6
v 13 23 -5
v 13 26 -5
v 13 23 -4
v 13 26 -4
v 13 23 -3
v 13 26 -3
v 13 23 -2
v 13 26 -2
v 13 23 -1
v 13 26 -1
v 13 23 0
v 13 26 0
v 13 23 1
v 13 26 1
v 13 23 2
v 13 26 2
v 13 23 3
v 13 26 3
v 13 23 4
v 13 26 4
v 13 23 5
v 13 26 5
v 13 23 6
v 13 26 6
v 13 23 7
v 13 26 7
v 13 23 8
v 13 26 8
v 13 23 9
v 13 26 9
v 13 23 10
v 13 26 10
v 13 23 11
v 13 26 11
v 13 23 12
v 13 26 12
v 13 23 13
v 13 26 13
v 13 23 14
v 13 26 14
v 13 23 15
v 13 26 15
v 13 23 16
v 13 27 15
v 13 28 15
v 13 29 15
v 13 30 15
v 13 31 15
v 13 32 15
v 13 33 15
v 13 34 15
v 13 35 15
v 13 36 15
v 13 37 15
v 13 38 15
v 13 39 15
v 13 40 15
v 13 41 15
v 13 42 15
v 13 43 15
v 13 44 15
v 13 45 15
v 13 46 15
v 13 47 15
v 13 48 15
v 13 49 15
v 13 50 15
v 13 51 15
v 13 52 15
v 13 53 15
v 13 54 15
v 13 55 15
v 13 56 15
v 13 57 15
v 13 58 15
v 13 59 15
v 13 60 15
v 13 61 15
v 13 62 15
v 13 63 15
v 13 64 15
v 13 65 15
v 13 64 16
v 13 65 16
v 13 23 17
v 13 24 17
v 13 25 17
v 13 26 17
v 13 27 17
v 13 28 17
v 13 29 17
v 13 30 17
v 13 31 17
v 13 32 17
v 13 33 17
v 13 34 17
v 13 35 17
v 13 36 17
v 13 37 17
v 13 38 17
v 13 39 17
v 13 40 17
v 13 41 17
v 13 42 17
v 13 43 17
v 13 44 17
v 13 45 17
v 13 46 17
v 13 47 17
v 13 48 17
v 13 49 17
v 13 50 17
v 13 51 17
v 13 52 17
v 13 53 17
v 13 54 17
v 13 55 17
v 13 56 17
v 13 57 17
v 13 58 17
v 13 59 17
v 13 60 17
v 13 61 17
v 13 62 17
v 13 63 17
v 13 64 17
v 13 65 17
v 14 23 -16
v 14 23 -17
v 14 24 -17
v 14 25 -17
v 14 26 -17
v 14 26 -16
v 13 0 -16
v 13 0 -15
v 13 1 -15
v 13 1 -16
v 14 0 -15
v 14 0 -16
v 14 1 -16
v 13 2 -15
v 13 2 -16
v 14 2 -16
v 13 3 -15
v 13 3 -16
v 14 3 -16
v 13 4 -15
v 13 4 -16
v 14 4 -16
v 13 5 -15
v 13 5 -16
v 14 5 -16
v 13 6 -15
v 13 6 -16
v 14 6 -16
v 13 7 -15
v 13 7 -16
v 14 7 -16
v 13 8 -15
v 13 8 -16
v 14 8 -16
v 13 9 -15
v 13 9 -16
v 14 9 -16
v 13 10 -15
v 13 10 -16
v 14 10 -16
v 13 11 -15
v 13 11 -16
v 14 11 -16
v 13 12 -15
v 13 12 -16
v 14 12 -16
v 13 13 -15
v 13 13 -16
v 14 13 -16
v 13 14 -15
v 13 14 -16
v 14 14 -16
v 13 15 -15
v 13 15 -16
v 14 15 -16
v 13 16 -15
v 13 16 -16
v 14 16 -16
v 13 17 -15
v 13 17 -16
v 14 17 -16
v 13 18 -15
v 13 18 -16
v 14 18 -16
v 13 19 -15
v 13 19 -16
v 14 19 -16
v 13 20 -15
v 13 20 -16
v 14 20 -16
v 13 21 -15
v 13 21 -16
v 14 21 -16
v 13 22 -15
v 13 22 -16
v 14 22 -16
v 14 26 -15
v 13 0 -14
v 13 1 -14
v 14 0 -14
v 14 1 -14
v 13 2 -14
v 14 2 -14
v 13 3 -14
v 14 3 -14
v 13 4 -14
v 14 4 -14
v 13 5 -14
v 14 5 -14
v 13 6 -14
v 14 6 -14
v 13 7 -14
v 14 7 -14
v 13 8 -14
v 14 8 -14
v 13 9 -14
v 14 9 -14
v 13 10 -14
v 14 10 -14
v 13 11 -14
v 14 11 -14
v 13 12 -14
v 14 12 -14
v 13 13 -14
v 14 13 -14
v 13 14 -14
v 14 14 -14
v 13 15 -14
v 14 15 -14
v 13 16 -14
v 14 16 -14
v 13 17 -14
v 14 17 -14
v 13 18 -14
v 14 18 -14
v 13 19 -14
v 14 19 -14
v 13 20 -14
v 14 20 -14
v 13 21 -14
v 14 21 -14
v 13 22 -14
v 14 22 -14
v 14 23 -14
v 14 26 -14
v 14 23 -13
v 14 26 -13
v 14 23 -12
v 14 26 -12
v 14 23 -11
v 14 26 -11
v 14 23 -10
v 14 26 -10
v 14 23 -9
v 14 26 -9
v 14 23 -8
v 14 26 -8
v 14 23 -7
v 14 26 -7
v 14 23 -6
v 14 26 -6
v 14 23 -5
v 14 26 -5
v 14 23 -4
v 14 26 -4
v 14 23 -3
v 14 26 -3
v 14 23 -2
v 14 26 -2
v 14 23 -1
v 14 26 -1
v 14 23 0
v 14 26 0
v 14 23 1
v 14 26 1
v 14 23 2
v 14 26 2
v 14 23 3
v 14 26 3
v 14 23 4
v 14 26 4
v 14 23 5
v 14 26 5
v 14 23 6
v 14 26 6
v 14 23 7
v 14 26 7
v 14 23 8
v 14 26 8
v 14 23 9
v 14 26 9
v 14 23 10
v 14 26 10
v 14 23 11
v 14 26 11
v 14 23 12
v 14 26 12
v 13 0 12
v 13 0 13
v 13 1 13
v 13 1 12
v 14 0 13
v 14 0 12
v 14 1 12
v 13 2 13
v 13 2 12
v 14 2 12
v 13 3 13
v 13 3 12
v 14 3 12
v 13 4 13
v 13 4 12
v 14 4 12
v 13 5 13
v 13 5 12
v 14 5 12
v 13 6 13
v 13 6 12
v 14 6 12
v 13 7 13
v 13 7 12
v 14 7 12
v 13 8 13
v 13 8 12
v 14 8 12
v 13 9 13
v 13 9 12
v 14 9 12
v 13 10 13
v 13 10 12
v 14 10 12
v 13 11 13
v 13 11 12
v 14 11 12
v 13 12 13
v 13 12 12
v 14 12 12
v 13 13 13
v 13 13 12
v 14 13 12
v 13 14 13
v 13 14 12
v 14 14 12
v 13 15 13
v 13 15 12
v 14 15 12
v 13 16 13
v 13 16 12
v 14 16 12
v 13 17 13
v 13 17 12
v 14 17 12
v 13 18 13
v 13 18 12
v 14 18 12
v 13 19 13
v 13 19 12
v 14 19 12
v 13 20 13
v 13 20 12
v 14 20 12
v 13 21 13
v 13 21 12
v 14 21 12
v 13 22 13
v 13 22 12
v 14 22 12
v 14 26 13
v 13 0 14
v 13 1 14
v 14 0 14
v 14 1 14
v 13 2 14
v 14 2 14
v 13 3 14
v 14 3 14
v 13 4 14
v 14 4 14
v 13 5 14
v 14 5 14
v 13 6 14
v 14 6 14
v 13 7 14
v 14 7 14
v 13 8 14
v 14 8 14
v 13 9 14
v 14 9 14
v 13 10 14
v 14 10 14
v 13 11 14
v 14 11 14
v 13 12 14
v 14 12 14
v 13 13 14
v 14 13 14
v 13 14 14
v 14 14 14
v 13 15 14
v 14 15 14
v 13 16 14
v 14 16 14
v 13 17 14
v 14 17 14
v 13 18 14
v 14 18 14
v 13 19 14
v 14 19 14
v 13 20 14
v 14 20 14
v 13 21 14
v 14 21 14
v 13 22 14
v 14 22 14
v 14 23 14
v 14 26 14
v 14 23 15
v 14 26 15
v 14 23 16
v 14 27 15
v 14 28 15
v 14 29 15
v 14 30 15
v 14 31 15
v 14 32 15
v 14 33 15
v 14 34 15
v 14 35 15
v 14 36 15
v 14 37 15
v 14 38 15
v 14 39 15
v 14 40 15
v 14 41 15
v 14 42 15
v 14 43 15
v 14 44 15
v 14 45 15
v 14 46 15
v 14 47 15
v 14 48 15
v 14 49 15
v 14 50 15
v 14 51 15
v 14 52 15
v 14 53 15
v 14 54 15
v 14 55 15
v 14 56 15
v 14 57 15
v 14 58 15
v 14 59 15
v 14 60 15
v 14 61 15
v 14 62 15
v 14 63 15
v 14 64 15
v 14 63 16
v 14 64 16
v 14 23 17
v 14 24 17
v 14 25 17
v 14 26 17
v 14 27 17
v 14 28 17
v 14 29 17
v 14 30 17
v 14 31 17
v 14 32 17
v 14 33 17
v 14 34 17
v 14 35 17
v 14 36 17
v 14 37 17
v 14 38 17
v 14 39 17
v 14 40 17
v 14 41 17
v 14 42 17
v 14 43 17
v 14 44 17
v 14 45 17
v 14 46 17
v 14 47 17
v 14 48 17
v 14 49 17
v 14 50 17
v 14 51 17
v 14 52 17
v 14 53 17
v 14 54 17
v 14 55 17
v 14 56 17
v 14 57 17
v 14 58 17
v 14 59 17
v 14 60 17
v 14 61 17
v 14 62 17
v 14 63 17
v 14 64 17
v 15 23 -16
v 15 23 -17
v 15 24 -17
v 15 25 -17
v 15 26 -17
v 15 26 -16
v 15 0 -15
v 15 0 -16
v 15 1 -16
v 15 1 -15
v 15 2 -16
v 15 2 -15
v 15 3 -16
v 15 3 -15
v 15 4 -16
v 15 4 -15
v 15 5 -16
v 15 5 -15
v 15 6 -16
v 15 6 -15
v 15 7 -16
v 15 7 -15
v 15 8 -16
v 15 8 -15
v 15 9 -16
v 15 9 -15
v 15 10 -16
v 15 10 -15
v 15 11 -16
v 15 11 -15
v 15 12 -16
v 15 12 -15
v 15 13 -16
v 15 13 -15
v 15 14 -16
v 15 14 -15
v 15 15 -16
v 15 15 -15
v 15 16 -16
v 15 16 -15
v 15 17 -16
v 15 17 -15
v 15 18 -16
v 15 18 -15
v 15 19 -16
v 15 19 -15
v 15 20 -16
v 15 20 -15
v 15 21 -16
v 15 21 -15
v 15 22 -16
v 15 22 -15
v 15 23 -15
v 15 26 -15
v 15 0 -14
v 15 1 -14
v 15 2 -14
v 15 3 -14
v 15 4 -14
v 15 5 -14
v 15 6 -14
v 15 7 -14
v 15 8 -14
v 15 9 -14
v 15 10 -14
v 15 11 -14
v 15 12 -14
v 15 13 -14
v 15 14 -14
v 15 15 -14
v 15 16 -14
v 15 17 -14
v 15 18 -14
v 15 19 -14
v 15 20 -14
v 15 21 -14
v 15 22 -14
v 15 23 -14
v 15 26 -14
v 15 23 -13
v 15 26 -13
v 15 23 -12
v 15 26 -12
v 15 23 -11
v 15 26 -11
v 15 23 -10
v 15 26 -10
v 15 23 -9
v 15 26 -9
v 15 23 -8
v 15 26 -8
v 15 23 -7
v 15 26 -7
v 15 23 -6
v 15 26 -6
v 15 23 -5
v 15 26 -5
v 15 23 -4
v 15 26 -4
v 15 23 -3
v 15 26 -3
v 15 23 -2
v 15 26 -2
v 15 23 -1
v 15 26 -1
v 15 23 0
v 15 26 0
v 15 23 1
v 15 26 1
v 15 23 2
v 15 26 2
v 15 23 3
v 15 26 3
v 15 23 4
v 15 26 4
v 15 23 5
v 15 26 5
v 15 23 6
v 15 26 6
v 15 23 7
v 15 26 7
v 15 23 8
v 15 26 8
v 15 23 9
v 15 26 9
v 15 23 10
v 15 26 10
v 15 23 11
v 15 26 11
v 15 23 12
v 15 26 12
v 15 0 13
v 15 0 12
v 15 1 12
v 15 1 13
v 15 2 12
v 15 2 13
v 15 3 12
v 15 3 13
v 15 4 12
v 15 4 13
v 15 5 12
v 15 5 13
v 15 6 12
v 15 6 13
v 15 7 12
v 15 7 13
v 15 8 12
v 15 8 13
v 15 9 12
v 15 9 13
v 15 10 12
v 15 10 13
v 15 11 12
v 15 11 13
v 15 12 12
v 15 12 13
v 15 13 12
v 15 13 13
v 15 14 12
v 15 14 13
v 15 15 12
v 15 15 13
v 15 16 12
v 15 16 13
v 15 17 12
v 15 17 13
v 15 18 12
v 15 18 13
v 15 19 12
v 15 19 13
v 15 20 12
v 15 20 13
v 15 21 12
v 15 21 13
v 15 22 12
v 15 22 13
v 15 23 13
v 15 26 13
v 15 0 14
v 15 1 14
v 15 2 14
v 15 3 14
v 15 4 14
v 15 5 14
v 15 6 14
v 15 7 14
v 15 8 14
v 15 9 14
v 15 10 14
v 15 11 14
v 15 12 14
v 15 13 14
v 15 14 14
v 15 15 14
v 15 16 14
v 15 17 14
v 15 18 14
v 15 19 14
v 15 20 14
v 15 21 14
v 15 22 14
v 15 23 14
v 15 26 14
v 15 23 15
v 15 26 15
v 15 23 16
v 15 27 15
v 15 28 15
v 15 29 15
v 15 30 15
v 15 31 15
v 15 32 15
v 15 33 15
v 15 34 15
v 15 35 15
v 15 36 15
v 15 37 15
v 15 38 15
v 15 39 15
v 15 40 15
v 15 41 15
v 15 42 15
v 15 43 15
v 15 42 16
v 15 43 16
v 15 44 15
v 15 44 16
v 15 45 15
v 15 45 16
v 15 46 15
v 15 46 16
v 15 47 15
v 15 47 16
v 15 48 15
v 15 48 16
v 15 49 15
v 15 49 16
v 15 50 15
v 15 50 16
v 15 51 15
v 15 51 16
v 15 52 15
v 15 52 16
v 15 53 15
v 15 53 16
v 15 54 15
v 15 54 16
v 15 55 15
v 15 55 16
v 15 56 15
v 15 56 16
v 15 57 15
v 15 57 16
v 15 58 15
v 15 58 16
v 15 59 15
v 15 59 16
v 15 60 15
v 15 60 16
v 15 61 15
v 15 61 16
v 15 62 15
v 15 62 16
v 15 63 15
v 15 63 16
v 15 23 17
v 15 24 17
v 15 25 17
v 15 26 17
v 15 27 17
v 15 28 17
v 15 29 17
v 15 30 17
v 15 31 17
v 15 32 17
v 15 33 17
v 15 34 17
v 15 35 17
v 15 36 17
v 15 37 17
v 15 38 17
v 15 39 17
v 15 40 17
v 15 41 17
v 15 42 17
v 15 43 17
v 15 44 17
v 15 45 17
v 15 46 17
v 15 47 17
v 15 48 17
v 15 49 17
v 15 50 17
v 15 51 17
v 15 52 17
v 15 53 17
v 15 54 17
v 15 55 17
v 15 56 17
v 15 57 17
v 15 58 17
v 15 59 17
v 15 60 17
v 15 61 17
v 15 62 17
v 15 63 17
v 16 23 -16
v 16 23 -17
v 16 24 -17
v 16 24 -16
v 16 25 -17
v 16 25 -16
v 16 26 -17
v 16 26 -16
v 16 23 -15
v 16 24 -15
v 16 25 -15
v 16 26 -15
v 16 23 -14
v 16 24 -14
v 16 25 -14
v 16 26 -14
v 16 23 -13
v 16 24 -13
v 16 25 -13
v 16 26 -13
v 16 23 -12
v 16 24 -12
v 16 25 -12
v 16 26 -12
v 16 23 -11
v 16 24 -11
v 16 25 -11
v 16 26 -11
v 16 23 -10
v 16 24 -10
v 16 25 -10
v 16 26 -10
v 16 23 -9
v 16 24 -9
v 16 25 -9
v 16 26 -9
v 16 23 -8
v 16 24 -8
v 16 25 -8
v 16 26 -8
v 16 23 -7
v 16 24 -7
v 16 25 -7
v 16 26 -7
v 16 23 -6
v 16 24 -6
v 16 25 -6
v 16 26 -6
v 16 23 -5
v 16 24 -5
v 16 25 -5
v 16 26 -5
v 16 23 -4
v 16 24 -4
v 16 25 -4
v 16 26 -4
v 16 23 -3
v 16 24 -3
v 16 25 -3
v 16 26 -3
v 16 23 -2
v 16 24 -2
v 16 25 -2
v 16 26 -2
v 16 23 -1
v 16 24 -1
v 16 25 -1
v 16 26 -1
v 16 23 0
v 16 24 0
v 16 25 0
v 16 26 0
v 16 23 1
v 16 24 1
v 16 25 1
v 16 26 1
v 16 23 2
v 16 24 2
v 16 25 2
v 16 26 2
v 16 23 3
v 16 24 3
v 16 25 3
v 16 26 3
v 16 23 4
v 16 24 4
v 16 25 4
v 16 26 4
v 16 23 5
v 16 24 5
v 16 25 5
v 16 26 5
v 16 23 6
v 16 24 6
v 16 25 6
v 16 26 6
v 16 23 7
v 16 24 7
v 16 25 7
v 16 26 7
v 16 23 8
v 16 24 8
v 16 25 8
v 16 26 8
v 16 23 9
v 16 24 9
v 16 25 9
v 16 26 9
v 16 23 10
v 16 24 10
v 16 25 10
v 16 26 10
v 16 23 11
v 16 24 11
v 16 25 11
v 16 26 11
v 16 23 12
v 16 24 12
v 16 25 12
v 16 26 12
v 16 23 13
v 16 24 13
v 16 25 13
v 16 26 13
v 16 23 14
v 16 24 14
v 16 25 14
v 16 26 14
v 16 23 15
v 16 24 15
v 16 25 15
v 16 26 15
v 16 23 16
v 16 24 16
v 16 25 16
v 16 26 16
v 16 27 15
v 16 27 16
v 16 28 15
v 16 28 16
v 16 29 15
v 16 29 16
v 16 30 15
v 16 30 16
v 16 31 15
v 16 31 16
v 16 32 15
v 16 32 16
v 16 33 15
v 16 33 16
v 16 34 15
v 16 34 16
v 16 35 15
v 16 35 16
v 16 36 15
v 16 36 16
v 16 37 15
v 16 37 16
v 16 38 15
v 16 38 16
v 16 39 15
v 16 39 16
v 16 40 15
v 16 40 16
v 16 41 15
v 16 41 16
v 16 42 15
v 16 42 16
v 16 23 17
v 16 24 17
v 16 25 17
v 16 26 17
v 16 27 17
v 16 28 17
v 16 29 17
v 16 30 17
v 16 31 17
v 16 32 17
v 16 33 17
v 16 34 17
v 16 35 17
v 16 36 17
v 16 37 17
v 16 38 17
v 16 39 17
v 16 40 17
v 16 41 17
v 16 42 17
v 16 43 16
v 16 43 17
v 16 44 16
v 16 44 17
v 16 45 16
v 16 45 17
v 16 46 16
v 16 46 17
v 16 47 16
v 16 47 17
v 16 48 16
v 16 48 17
v 16 49 16
v 16 49 17
v 16 50 16
v 16 50 17
v 16 51 16
v 16 51 17
v 16 52 16
v 16 52 17
v 16 53 16
v 16 53 17
v 16 54 16
v 16 54 17
v 16 55 16
v 16 55 17
v 16 56 16
v 16 56 17
v 16 57 16
v 16 57 17
v 16 58 16
v 16 58 17
v 16 59 16
v 16 59 17
v 16 60 16
v 16 60 17
v 16 61 16
v 16 61 17

o Brown_Concrete
g Brown_Concrete
usemtl brown_concrete
f 2/2/1 3/4/1 4/3/1 1/1/1
f 2/3/2 1/1/2 6/2/2 5/4/2
f 1/2/3 4/4/3 7/3/3 6/1/3
f 3/2/1 8/4/1 9/3/1 4/1/1
f 4/2/3 9/4/3 10/3/3 7/1/3
f 8/2/1 11/4/1 12/3/1 9/1/1
f 9/2/3 12/4/3 13/3/3 10/1/3
f 11/1/5 14/2/5 13/4/5 12/3/5
f 15/2/1 16/4/1 3/3/1 2/1/1
f 15/3/2 2/1/2 5/2/2 17/4/2
f 16/2/1 18/4/1 8/3/1 3/1/1
f 18/2/1 19/4/1 11/3/1 8/1/1
f 19/1/5 20/2/5 14/4/5 11/3/5
f 21/2/1 22/4/1 16/3/1 15/1/1
f 21/3/2 15/1/2 17/2/2 23/4/2
f 22/2/1 24/4/1 18/3/1 16/1/1
f 24/2/1 25/4/1 19/3/1 18/1/1
f 25/1/5 26/2/5 20/4/5 19/3/5
f 27/2/1 28/4/1 22/3/1 21/1/1
f 27/3/2 21/1/2 23/2/2 29/4/2
f 28/2/1 30/4/1 24/3/1 22/1/1
f 30/2/1 31/4/1 25/3/1 24/1/1
f 31/1/5 32/2/5 26/4/5 25/3/5
f 33/2/1 34/4/1 28/3/1 27/1/1
f 33/3/2 27/1/2 29/2/2 35/4/2
f 34/2/1 36/4/1 30/3/1 28/1/1
f 36/2/1 37/4/1 31/3/1 30/1/1
f 37/1/5 38/2/5 32/4/5 31/3/5
f 39/2/1 40/4/1 34/3/1 33/1/1
f 39/3/2 33/1/2 35/2/2 41/4/2
f 40/2/1 42/4/1 36/3/1 34/1/1
f 42/2/1 43/4/1 37/3/1 36/1/1
f 43/1/5 44/2/5 38/4/5 37/3/5
f 45/2/1 46/4/1 40/3/1 39/1/1
f 45/3/2 39/1/2 41/2/2 47/4/2
f 46/2/1 48/4/1 42/3/1 40/1/1
f 48/2/1 49/4/1 43/3/1 42/1/1
f 49/1/5 50/2/5 44/4/5 43/3/5
f 51/2/1 52/4/1 46/3/1 45/1/1
f 51/3/2 45/1/2 47/2/2 53/4/2
f 52/2/1 54/4/1 48/3/1 46/1/1
f 54/2/1 55/4/1 49/3/1 48/1/1
f 55/1/5 56/2/5 50/4/5 49/3/5
f 57/2/1 58/4/1 52/3/1 51/1/1
f 57/3/2 51/1/2 53/2/2 59/4/2
f 58/2/1 60/4/1 54/3/1 52/1/1
f 60/2/1 61/4/1 55/3/1 54/1/1
f 61/1/5 62/2/5 56/4/5 55/3/5
f 63/2/1 64/4/1 58/3/1 57/1/1
f 63/3/2 57/1/2 59/2/2 65/4/2
f 64/2/1 66/4/1 60/3/1 58/1/1
f 66/2/1 67/4/1 61/3/1 60/1/1
f 67/1/5 68/2/5 62/4/5 61/3/5
f 69/2/1 70/4/1 64/3/1 63/1/1
f 69/3/2 63/1/2 65/2/2 71/4/2
f 70/2/1 72/4/1 66/3/1 64/1/1
f 72/2/1 73/4/1 67/3/1 66/1/1
f 73/1/5 74/2/5 68/4/5 67/3/5
f 75/2/1 76/4/1 70/3/1 69/1/1
f 75/3/2 69/1/2 71/2/2 77/4/2
f 76/2/1 78/4/1 72/3/1 70/1/1
f 78/2/1 79/4/1 73/3/1 72/1/1
f 79/1/5 80/2/5 74/4/5 73/3/5
f 81/2/1 82/4/1 76/3/1 75/1/1
f 81/3/2 75/1/2 77/2/2 83/4/2
f 82/2/1 84/4/1 78/3/1 76/1/1
f 84/2/1 85/4/1 79/3/1 78/1/1
f 85/1/5 86/2/5 80/4/5 79/3/5
f 87/2/1 88/4/1 82/3/1 81/1/1
f 87/3/2 81/1/2 83/2/2 89/4/2
f 88/2/1 90/4/1 84/3/1 82/1/1
f 90/2/1 91/4/1 85/3/1 84/1/1
f 91/1/5 92/2/5 86/4/5 85/3/5
f 93/2/1 94/4/1 88/3/1 87/1/1
f 93/3/2 87/1/2 89/2/2 95/4/2
f 94/2/1 96/4/1 90/3/1 88/1/1
f 96/2/1 97/4/1 91/3/1 90/1/1
f 97/1/5 98/2/5 92/4/5 91/3/5
f 99/2/1 100/4/1 94/3/1 93/1/1
f 99/3/2 93/1/2 95/2/2 101/4/2
f 100/2/1 102/4/1 96/3/1 94/1/1
f 102/2/1 103/4/1 97/3/1 96/1/1
f 103/1/5 104/2/5 98/4/5 97/3/5
f 105/2/1 106/4/1 100/3/1 99/1/1
f 105/3/2 99/1/2 101/2/2 107/4/2
f 106/2/1 108/4/1 102/3/1 100/1/1
f 108/2/1 109/4/1 103/3/1 102/1/1
f 109/1/5 110/2/5 104/4/5 103/3/5
f 111/2/1 112/4/1 106/3/1 105/1/1
f 111/3/2 105/1/2 107/2/2 113/4/2
f 112/2/1 114/4/1 108/3/1 106/1/1
f 114/2/1 115/4/1 109/3/1 108/1/1
f 115/1/5 116/2/5 110/4/5 109/3/5
f 117/2/1 118/4/1 112/3/1 111/1/1
f 117/3/2 111/1/2 113/2/2 119/4/2
f 118/2/1 120/4/1 114/3/1 112/1/1
f 120/2/1 121/4/1 115/3/1 114/1/1
f 121/1/5 122/2/5 116/4/5 115/3/5
f 123/2/1 124/4/1 118/3/1 117/1/1
f 123/3/2 117/1/2 119/2/2 125/4/2
f 124/2/1 126/4/1 120/3/1 118/1/1
f 126/2/1 127/4/1 121/3/1 120/1/1
f 127/1/5 128/2/5 122/4/5 121/3/5
f 129/2/1 130/4/1 124/3/1 123/1/1
f 129/3/2 123/1/2 125/2/2 131/4/2
f 130/2/1 132/4/1 126/3/1 124/1/1
f 132/2/1 133/4/1 127/3/1 126/1/1
f 133/1/5 134/2/5 128/4/5 127/3/5
f 135/2/1 136/4/1 130/3/1 129/1/1
f 135/3/2 129/1/2 131/2/2 137/4/2
f 136/2/1 138/4/1 132/3/1 130/1/1
f 138/2/1 139/4/1 133/3/1 132/1/1
f 139/1/5 140/2/5 134/4/5 133/3/5
f 141/2/1 142/4/1 136/3/1 135/1/1
f 141/3/2 135/1/2 137/2/2 143/4/2
f 142/2/1 144/4/1 138/3/1 136/1/1
f 144/2/1 145/4/1 139/3/1 138/1/1
f 145/1/5 146/2/5 140/4/5 139/3/5
f 147/2/1 148/4/1 142/3/1 141/1/1
f 147/3/2 141/1/2 143/2/2 149/4/2
f 148/2/1 150/4/1 144/3/1 142/1/1
f 150/2/1 151/4/1 145/3/1 144/1/1
f 151/1/5 152/2/5 146/4/5 145/3/5
f 153/2/1 154/4/1 148/3/1 147/1/1
f 153/3/2 147/1/2 149/2/2 155/4/2
f 154/2/1 156/4/1 150/3/1 148/1/1
f 156/2/1 157/4/1 151/3/1 150/1/1
f 157/1/5 158/2/5 152/4/5 151/3/5
f 159/2/1 160/4/1 154/3/1 153/1/1
f 159/3/2 153/1/2 155/2/2 161/4/2
f 160/2/1 162/4/1 156/3/1 154/1/1
f 162/2/1 163/4/1 157/3/1 156/1/1
f 163/1/5 164/2/5 158/4/5 157/3/5
f 165/2/1 166/4/1 160/3/1 159/1/1
f 165/3/2 159/1/2 161/2/2 167/4/2
f 166/2/1 168/4/1 162/3/1 160/1/1
f 168/2/1 169/4/1 163/3/1 162/1/1
f 169/1/5 170/2/5 164/4/5 163/3/5
f 171/2/1 172/4/1 166/3/1 165/1/1
f 171/3/2 165/1/2 167/2/2 173/4/2
f 172/2/1 174/4/1 168/3/1 166/1/1
f 174/2/1 175/4/1 169/3/1 168/1/1
f 175/1/5 176/2/5 170/4/5 169/3/5
f 177/2/1 178/4/1 172/3/1 171/1/1
f 177/3/2 171/1/2 173/2/2 179/4/2
f 178/2/1 180/4/1 174/3/1 172/1/1
f 180/2/1 181/4/1 175/3/1 174/1/1
f 181/1/5 182/2/5 176/4/5 175/3/5
f 183/2/1 184/4/1 178/3/1 177/1/1
f 183/3/2 177/1/2 179/2/2 185/4/2
f 184/2/1 186/4/1 180/3/1 178/1/1
f 186/2/1 187/4/1 181/3/1 180/1/1
f 187/1/5 188/2/5 182/4/5 181/3/5
f 189/2/1 190/4/1 184/3/1 183/1/1
f 189/3/2 183/1/2 185/2/2 191/4/2
f 190/2/1 192/4/1 186/3/1 184/1/1
f 192/2/1 193/4/1 187/3/1 186/1/1
f 193/1/5 194/2/5 188/4/5 187/3/5
f 195/2/1 196/4/1 190/3/1 189/1/1
f 195/3/2 189/1/2 191/2/2 197/4/2
f 196/2/1 198/4/1 192/3/1 190/1/1
f 198/2/1 199/4/1 193/3/1 192/1/1
f 199/1/5 200/2/5 194/4/5 193/3/5
f 201/2/1 202/4/1 196/3/1 195/1/1
f 201/3/2 195/1/2 197/2/2 203/4/2
f 202/2/1 204/4/1 198/3/1 196/1/1
f 204/2/1 205/4/1 199/3/1 198/1/1
f 205/2/1 206/4/1 207/3/1 199/1/1
f 199/2/3 207/4/3 208/3/3 200/1/3
f 206/2/1 209/4/1 210/3/1 207/1/1
f 207/2/3 210/4/3 211/3/3 208/1/3
f 209/2/1 212/4/1 213/3/1 210/1/1
f 210/2/3 213/4/3 214/3/3 211/1/3
f 212/2/1 215/4/1 216/3/1 213/1/1
f 213/2/3 216/4/3 217/3/3 214/1/3
f 215/2/1 218/4/1 219/3/1 216/1/1
f 216/2/3 219/4/3 220/3/3 217/1/3
f 218/2/1 221/4/1 222/3/1 219/1/1
f 219/2/3 222/4/3 223/3/3 220/1/3
f 221/2/1 224/4/1 225/3/1 222/1/1
f 222/2/3 225/4/3 226/3/3 223/1/3
f 224/2/1 227/4/1 228/3/1 225/1/1
f 225/2/3 228/4/3 229/3/3 226/1/3
f 227/2/1 230/4/1 231/3/1 228/1/1
f 228/2/3 231/4/3 232/3/3 229/1/3
f 230/2/1 233/4/1 234/3/1 231/1/1
f 231/2/3 234/4/3 235/3/3 232/1/3
f 233/2/1 236/4/1 237/3/1 234/1/1
f 234/2/3 237/4/3 238/3/3 235/1/3
f 236/2/1 239/4/1 240/3/1 237/1/1
f 237/2/3 240/4/3 241/3/3 238/1/3
f 239/2/1 242/4/1 243/3/1 240/1/1
f 240/2/3 243/4/3 244/3/3 241/1/3
f 242/2/1 245/4/1 246/3/1 243/1/1
f 243/2/3 246/4/3 247/3/3 244/1/3
f 245/2/1 248/4/1 249/3/1 246/1/1
f 246/2/3 249/4/3 250/3/3 247/1/3
f 248/2/1 251/4/1 252/3/1 249/1/1
f 249/2/3 252/4/3 253/3/3 250/1/3
f 251/1/5 254/2/5 253/4/5 252/3/5
f 255/2/1 256/4/1 202/3/1 201/1/1
f 255/3/2 201/1/2 203/2/2 257/4/2
f 255/1/6 257/2/6 258/4/6 256/3/6
f 256/2/1 259/4/1 204/3/1 202/1/1
f 256/1/6 258/2/6 260/4/6 259/3/6
f 259/2/1 261/4/1 205/3/1 204/1/1
f 259/1/6 260/2/6 262/4/6 261/3/6
f 261/2/1 263/4/1 206/3/1 205/1/1
f 261/1/6 262/2/6 264/4/6 263/3/6
f 263/2/1 265/4/1 209/3/1 206/1/1
f 263/1/6 264/2/6 266/4/6 265/3/6
f 265/2/1 267/4/1 212/3/1 209/1/1
f 265/1/6 266/2/6 268/4/6 267/3/6
f 267/2/1 269/4/1 215/3/1 212/1/1
f 267/1/6 268/2/6 270/4/6 269/3/6
f 269/2/1 271/4/1 218/3/1 215/1/1
f 269/1/6 270/2/6 272/4/6 271/3/6
f 271/2/1 273/4/1 221/3/1 218/1/1
f 271/1/6 272/2/6 274/4/6 273/3/6
f 273/2/1 275/4/1 224/3/1 221/1/1
f 273/1/6 274/2/6 276/4/6 275/3/6
f 275/2/1 277/4/1 227/3/1 224/1/1
f 275/1/6 276/2/6 278/4/6 277/3/6
f 277/2/1 279/4/1 230/3/1 227/1/1
f 277/1/6 278/2/6 280/4/6 279/3/6
f 279/2/1 281/4/1 233/3/1 230/1/1
f 279/1/6 280/2/6 282/4/6 281/3/6
f 281/2/1 283/4/1 236/3/1 233/1/1
f 281/1/6 282/2/6 284/4/6 283/3/6
f 283/2/1 285/4/1 239/3/1 236/1/1
f 283/1/6 284/2/6 286/4/6 285/3/6
f 285/2/1 287/4/1 242/3/1 239/1/1
f 285/1/6 286/2/6 288/4/6 287/3/6
f 287/2/1 289/4/1 245/3/1 242/1/1
f 287/1/6 288/2/6 290/4/6 289/3/6
f 289/2/1 291/4/1 248/3/1 245/1/1
f 289/1/6 290/2/6 292/4/6 291/3/6
f 291/2/1 293/4/1 251/3/1 248/1/1
f 291/1/6 292/2/6 294/4/6 293/3/6
f 293/2/1 295/4/1 296/3/1 251/1/1
f 251/2/3 296/4/3 297/3/3 254/1/3
f 293/1/6 294/2/6 298/4/6 295/3/6
f 295/2/1 299/4/1 300/3/1 296/1/1
f 296/2/3 300/4/3 301/3/3 297/1/3
f 295/1/6 298/2/6 302/4/6 299/3/6
f 299/2/1 303/4/1 304/3/1 300/1/1
f 300/2/3 304/4/3 305/3/3 301/1/3
f 299/1/6 302/2/6 306/4/6 303/3/6
f 303/2/1 307/4/1 308/3/1 304/1/1
f 304/2/3 308/4/3 309/3/3 305/1/3
f 303/1/6 306/2/6 310/4/6 307/3/6
f 307/2/1 311/4/1 312/3/1 308/1/1
f 308/2/3 312/4/3 313/3/3 309/1/3
f 307/1/6 310/2/6 314/4/6 311/3/6
f 311/2/1 315/4/1 316/3/1 312/1/1
f 312/2/3 316/4/3 317/3/3 313/1/3
f 311/1/6 314/2/6 318/4/6 315/3/6
f 315/2/1 319/4/1 320/3/1 316/1/1
f 316/2/3 320/4/3 321/3/3 317/1/3
f 315/1/6 318/2/6 322/4/6 319/3/6
f 319/2/1 323/4/1 324/3/1 320/1/1
f 320/2/3 324/4/3 325/3/3 321/1/3
f 319/1/6 322/2/6 326/4/6 323/3/6
f 323/2/1 327/4/1 328/3/1 324/1/1
f 324/2/3 328/4/3 329/3/3 325/1/3
f 323/1/6 326/2/6 330/4/6 327/3/6
f 327/2/1 331/4/1 332/3/1 328/1/1
f 328/2/3 332/4/3 333/3/3 329/1/3
f 327/1/6 330/2/6 334/4/6 331/3/6
f 331/2/1 335/4/1 336/3/1 332/1/1
f 332/2/3 336/4/3 337/3/3 333/1/3
f 331/1/6 334/2/6 338/4/6 335/3/6
f 335/2/1 339/4/1 340/3/1 336/1/1
f 336/2/3 340/4/3 341/3/3 337/1/3
f 335/1/6 338/2/6 342/4/6 339/3/6
f 339/2/1 343/4/1 344/3/1 340/1/1
f 340/2/3 344/4/3 345/3/3 341/1/3
f 339/1/6 342/2/6 346/4/6 343/3/6
f 343/2/1 347/4/1 348/3/1 344/1/1
f 344/2/3 348/4/3 349/3/3 345/1/3
f 343/1/6 346/2/6 350/4/6 347/3/6
f 347/2/1 351/4/1 352/3/1 348/1/1
f 348/2/3 352/4/3 353/3/3 349/1/3
f 347/1/6 350/2/6 354/4/6 351/3/6
f 351/2/1 355/4/1 356/3/1 352/1/1
f 352/2/3 356/4/3 357/3/3 353/1/3
f 351/1/6 354/2/6 358/4/6 355/3/6
f 355/2/1 359/4/1 360/3/1 356/1/1
f 356/2/3 360/4/3 361/3/3 357/1/3
f 355/1/6 358/2/6 362/4/6 359/3/6
f 359/2/1 363/4/1 364/3/1 360/1/1
f 360/2/3 364/4/3 365/3/3 361/1/3
f 359/1/6 362/2/6 366/4/6 363/3/6
f 363/2/1 367/4/1 368/3/1 364/1/1
f 364/2/3 368/4/3 369/3/3 365/1/3
f 367/1/5 370/2/5 369/4/5 368/3/5
f 363/1/6 366/2/6 370/4/6 367/3/6
f 5/3/2 6/1/2 372/2/2 371/4/2
f 6/2/3 7/4/3 373/3/3 372/1/3
f 7/2/3 10/4/3 374/3/3 373/1/3
f 10/2/3 13/4/3 375/3/3 374/1/3
f 14/1/5 376/2/5 375/4/5 13/3/5
f 378/2/1 379/4/1 380/3/1 377/1/1
f 378/3/2 377/1/2 382/2/2 381/4/2
f 377/2/3 380/4/3 383/3/3 382/1/3
f 379/2/1 384/4/1 385/3/1 380/1/1
f 380/2/3 385/4/3 386/3/3 383/1/3
f 384/2/1 387/4/1 388/3/1 385/1/1
f 385/2/3 388/4/3 389/3/3 386/1/3
f 387/2/1 390/4/1 391/3/1 388/1/1
f 388/2/3 391/4/3 392/3/3 389/1/3
f 390/2/1 393/4/1 394/3/1 391/1/1
f 391/2/3 394/4/3 395/3/3 392/1/3
f 393/2/1 396/4/1 397/3/1 394/1/1
f 394/2/3 397/4/3 398/3/3 395/1/3
f 396/2/1 399/4/1 400/3/1 397/1/1
f 397/2/3 400/4/3 401/3/3 398/1/3
f 399/2/1 402/4/1 403/3/1 400/1/1
f 400/2/3 403/4/3 404/3/3 401/1/3
f 402/2/1 405/4/1 406/3/1 403/1/1
f 403/2/3 406/4/3 407/3/3 404/1/3
f 405/2/1 408/4/1 409/3/1 406/1/1
f 406/2/3 409/4/3 410/3/3 407/1/3
f 408/2/1 411/4/1 412/3/1 409/1/1
f 409/2/3 412/4/3 413/3/3 410/1/3
f 411/2/1 414/4/1 415/3/1 412/1/1
f 412/2/3 415/4/3 416/3/3 413/1/3
f 414/2/1 417/4/1 418/3/1 415/1/1
f 415/2/3 418/4/3 419/3/3 416/1/3
f 417/2/1 420/4/1 421/3/1 418/1/1
f 418/2/3 421/4/3 422/3/3 419/1/3
f 420/2/1 423/4/1 424/3/1 421/1/1
f 421/2/3 424/4/3 425/3/3 422/1/3
f 423/2/1 426/4/1 427/3/1 424/1/1
f 424/2/3 427/4/3 428/3/3 425/1/3
f 426/2/1 429/4/1 430/3/1 427/1/1
f 427/2/3 430/4/3 431/3/3 428/1/3
f 429/2/1 432/4/1 433/3/1 430/1/1
f 430/2/3 433/4/3 434/3/3 431/1/3
f 432/2/1 435/4/1 436/3/1 433/1/1
f 433/2/3 436/4/3 437/3/3 434/1/3
f 435/2/1 438/4/1 439/3/1 436/1/1
f 436/2/3 439/4/3 440/3/3 437/1/3
f 438/2/1 441/4/1 442/3/1 439/1/1
f 439/2/3 442/4/3 443/3/3 440/1/3
f 441/2/1 444/4/1 445/3/1 442/1/1
f 442/2/3 445/4/3 446/3/3 443/1/3
f 444/2/1 17/4/1 5/3/1 445/1/1
f 445/2/3 5/4/3 371/3/3 446/1/3
f 20/1/5 447/2/5 376/4/5 14/3/5
f 448/2/1 449/4/1 379/3/1 378/1/1
f 448/3/2 378/1/2 381/2/2 450/4/2
f 448/1/6 450/2/6 451/4/6 449/3/6
f 449/2/1 452/4/1 384/3/1 379/1/1
f 449/1/6 451/2/6 453/4/6 452/3/6
f 452/2/1 454/4/1 387/3/1 384/1/1
f 452/1/6 453/2/6 455/4/6 454/3/6
f 454/2/1 456/4/1 390/3/1 387/1/1
f 454/1/6 455/2/6 457/4/6 456/3/6
f 456/2/1 458/4/1 393/3/1 390/1/1
f 456/1/6 457/2/6 459/4/6 458/3/6
f 458/2/1 460/4/1 396/3/1 393/1/1
f 458/1/6 459/2/6 461/4/6 460/3/6
f 460/2/1 462/4/1 399/3/1 396/1/1
f 460/1/6 461/2/6 463/4/6 462/3/6
f 462/2/1 464/4/1 402/3/1 399/1/1
f 462/1/6 463/2/6 465/4/6 464/3/6
f 464/2/1 466/4/1 405/3/1 402/1/1
f 464/1/6 465/2/6 467/4/6 466/3/6
f 466/2/1 468/4/1 408/3/1 405/1/1
f 466/1/6 467/2/6 469/4/6 468/3/6
f 468/2/1 470/4/1 411/3/1 408/1/1
f 468/1/6 469/2/6 471/4/6 470/3/6
f 470/2/1 472/4/1 414/3/1 411/1/1
f 470/1/6 471/2/6 473/4/6 472/3/6
f 472/2/1 474/4/1 417/3/1 414/1/1
f 472/1/6 473/2/6 475/4/6 474/3/6
f 474/2/1 476/4/1 420/3/1 417/1/1
f 474/1/6 475/2/6 477/4/6 476/3/6
f 476/2/1 478/4/1 423/3/1 420/1/1
f 476/1/6 477/2/6 479/4/6 478/3/6
f 478/2/1 480/4/1 426/3/1 423/1/1
f 478/1/6 479/2/6 481/4/6 480/3/6
f 480/2/1 482/4/1 429/3/1 426/1/1
f 480/1/6 481/2/6 483/4/6 482/3/6
f 482/2/1 484/4/1 432/3/1 429/1/1
f 482/1/6 483/2/6 485/4/6 484/3/6
f 484/2/1 486/4/1 435/3/1 432/1/1
f 484/1/6 485/2/6 487/4/6 486/3/6
f 486/2/1 488/4/1 438/3/1 435/1/1
f 486/1/6 487/2/6 489/4/6 488/3/6
f 488/2/1 490/4/1 441/3/1 438/1/1
f 488/1/6 489/2/6 491/4/6 490/3/6
f 490/2/1 492/4/1 444/3/1 441/1/1
f 490/1/6 491/2/6 493/4/6 492/3/6
f 492/2/1 23/4/1 17/3/1 444/1/1
f 492/1/6 493/2/6 494/4/6 23/3/6
f 26/1/5 495/2/5 447/4/5 20/3/5
f 29/3/2 23/1/2 494/2/2 496/4/2
f 32/1/5 497/2/5 495/4/5 26/3/5
f 35/3/2 29/1/2 496/2/2 498/4/2
f 38/1/5 499/2/5 497/4/5 32/3/5
f 41/3/2 35/1/2 498/2/2 500/4/2
f 44/1/5 501/2/5 499/4/5 38/3/5
f 47/3/2 41/1/2 500/2/2 502/4/2
f 50/1/5 503/2/5 501/4/5 44/3/5
f 53/3/2 47/1/2 502/2/2 504/4/2
f 56/1/5 505/2/5 503/4/5 50/3/5
f 59/3/2 53/1/2 504/2/2 506/4/2
f 62/1/5 507/2/5 505/4/5 56/3/5
f 65/3/2 59/1/2 506/2/2 508/4/2
f 68/1/5 509/2/5 507/4/5 62/3/5
f 71/3/2 65/1/2 508/2/2 510/4/2
f 74/1/5 511/2/5 509/4/5 68/3/5
f 77/3/2 71/1/2 510/2/2 512/4/2
f 80/1/5 513/2/5 511/4/5 74/3/5
f 83/3/2 77/1/2 512/2/2 514/4/2
f 86/1/5 515/2/5 513/4/5 80/3/5
f 89/3/2 83/1/2 514/2/2 516/4/2
f 92/1/5 517/2/5 515/4/5 86/3/5
f 95/3/2 89/1/2 516/2/2 518/4/2
f 98/1/5 519/2/5 517/4/5 92/3/5
f 101/3/2 95/1/2 518/2/2 520/4/2
f 104/1/5 521/2/5 519/4/5 98/3/5
f 107/3/2 101/1/2 520/2/2 522/4/2
f 110/1/5 523/2/5 521/4/5 104/3/5
f 113/3/2 107/1/2 522/2/2 524/4/2
f 116/1/5 525/2/5 523/4/5 110/3/5
f 119/3/2 113/1/2 524/2/2 526/4/2
f 122/1/5 527/2/5 525/4/5 116/3/5
f 125/3/2 119/1/2 526/2/2 528/4/2
f 128/1/5 529/2/5 527/4/5 122/3/5
f 131/3/2 125/1/2 528/2/2 530/4/2
f 134/1/5 531/2/5 529/4/5 128/3/5
f 137/3/2 131/1/2 530/2/2 532/4/2
f 140/1/5 533/2/5 531/4/5 134/3/5
f 143/3/2 137/1/2 532/2/2 534/4/2
f 146/1/5 535/2/5 533/4/5 140/3/5
f 149/3/2 143/1/2 534/2/2 536/4/2
f 152/1/5 537/2/5 535/4/5 146/3/5
f 155/3/2 149/1/2 536/2/2 538/4/2
f 158/1/5 539/2/5 537/4/5 152/3/5
f 161/3/2 155/1/2 538/2/2 540/4/2
f 164/1/5 541/2/5 539/4/5 158/3/5
f 167/3/2 161/1/2 540/2/2 542/4/2
f 170/1/5 543/2/5 541/4/5 164/3/5
f 173/3/2 167/1/2 542/2/2 544/4/2
f 176/1/5 545/2/5 543/4/5 170/3/5
f 179/3/2 173/1/2 544/2/2 546/4/2
f 182/1/5 547/2/5 545/4/5 176/3/5
f 549/2/1 550/4/1 551/3/1 548/1/1
f 549/3/2 548/1/2 553/2/2 552/4/2
f 548/2/3 551/4/3 554/3/3 553/1/3
f 550/2/1 555/4/1 556/3/1 551/1/1
f 551/2/3 556/4/3 557/3/3 554/1/3
f 555/2/1 558/4/1 559/3/1 556/1/1
f 556/2/3 559/4/3 560/3/3 557/1/3
f 558/2/1 561/4/1 562/3/1 559/1/1
f 559/2/3 562/4/3 563/3/3 560/1/3
f 561/2/1 564/4/1 565/3/1 562/1/1
f 562/2/3 565/4/3 566/3/3 563/1/3
f 564/2/1 567/4/1 568/3/1 565/1/1
f 565/2/3 568/4/3 569/3/3 566/1/3
f 567/2/1 570/4/1 571/3/1 568/1/1
f 568/2/3 571/4/3 572/3/3 569/1/3
f 570/2/1 573/4/1 574/3/1 571/1/1
f 571/2/3 574/4/3 575/3/3 572/1/3
f 573/2/1 576/4/1 577/3/1 574/1/1
f 574/2/3 577/4/3 578/3/3 575/1/3
f 576/2/1 579/4/1 580/3/1 577/1/1
f 577/2/3 580/4/3 581/3/3 578/1/3
f 579/2/1 582/4/1 583/3/1 580/1/1
f 580/2/3 583/4/3 584/3/3 581/1/3
f 582/2/1 585/4/1 586/3/1 583/1/1
f 583/2/3 586/4/3 587/3/3 584/1/3
f 585/2/1 588/4/1 589/3/1 586/1/1
f 586/2/3 589/4/3 590/3/3 587/1/3
f 588/2/1 591/4/1 592/3/1 589/1/1
f 589/2/3 592/4/3 593/3/3 590/1/3
f 591/2/1 594/4/1 595/3/1 592/1/1
f 592/2/3 595/4/3 596/3/3 593/1/3
f 594/2/1 597/4/1 598/3/1 595/1/1
f 595/2/3 598/4/3 599/3/3 596/1/3
f 597/2/1 600/4/1 601/3/1 598/1/1
f 598/2/3 601/4/3 602/3/3 599/1/3
f 600/2/1 603/4/1 604/3/1 601/1/1
f 601/2/3 604/4/3 605/3/3 602/1/3
f 603/2/1 606/4/1 607/3/1 604/1/1
f 604/2/3 607/4/3 608/3/3 605/1/3
f 606/2/1 609/4/1 610/3/1 607/1/1
f 607/2/3 610/4/3 611/3/3 608/1/3
f 609/2/1 612/4/1 613/3/1 610/1/1
f 610/2/3 613/4/3 614/3/3 611/1/3
f 612/2/1 615/4/1 616/3/1 613/1/1
f 613/2/3 616/4/3 617/3/3 614/1/3
f 615/2/1 185/4/1 179/3/1 616/1/1
f 616/2/3 179/4/3 546/3/3 617/1/3
f 188/1/5 618/2/5 547/4/5 182/3/5
f 619/2/1 620/4/1 550/3/1 549/1/1
f 619/3/2 549/1/2 552/2/2 621/4/2
f 619/1/6 621/2/6 622/4/6 620/3/6
f 620/2/1 623/4/1 555/3/1 550/1/1
f 620/1/6 622/2/6 624/4/6 623/3/6
f 623/2/1 625/4/1 558/3/1 555/1/1
f 623/1/6 624/2/6 626/4/6 625/3/6
f 625/2/1 627/4/1 561/3/1 558/1/1
f 625/1/6 626/2/6 628/4/6 627/3/6
f 627/2/1 629/4/1 564/3/1 561/1/1
f 627/1/6 628/2/6 630/4/6 629/3/6
f 629/2/1 631/4/1 567/3/1 564/1/1
f 629/1/6 630/2/6 632/4/6 631/3/6
f 631/2/1 633/4/1 570/3/1 567/1/1
f 631/1/6 632/2/6 634/4/6 633/3/6
f 633/2/1 635/4/1 573/3/1 570/1/1
f 633/1/6 634/2/6 636/4/6 635/3/6
f 635/2/1 637/4/1 576/3/1 573/1/1
f 635/1/6 636/2/6 638/4/6 637/3/6
f 637/2/1 639/4/1 579/3/1 576/1/1
f 637/1/6 638/2/6 640/4/6 639/3/6
f 639/2/1 641/4/1 582/3/1 579/1/1
f 639/1/6 640/2/6 642/4/6 641/3/6
f 641/2/1 643/4/1 585/3/1 582/1/1
f 641/1/6 642/2/6 644/4/6 643/3/6
f 643/2/1 645/4/1 588/3/1 585/1/1
f 643/1/6 644/2/6 646/4/6 645/3/6
f 645/2/1 647/4/1 591/3/1 588/1/1
f 645/1/6 646/2/6 648/4/6 647/3/6
f 647/2/1 649/4/1 594/3/1 591/1/1
f 647/1/6 648/2/6 650/4/6 649/3/6
f 649/2/1 651/4/1 597/3/1 594/1/1
f 649/1/6 650/2/6 652/4/6 651/3/6
f 651/2/1 653/4/1 600/3/1 597/1/1
f 651/1/6 652/2/6 654/4/6 653/3/6
f 653/2/1 655/4/1 603/3/1 600/1/1
f 653/1/6 654/2/6 656/4/6 655/3/6
f 655/2/1 657/4/1 606/3/1 603/1/1
f 655/1/6 656/2/6 658/4/6 657/3/6
f 657/2/1 659/4/1 609/3/1 606/1/1
f 657/1/6 658/2/6 660/4/6 659/3/6
f 659/2/1 661/4/1 612/3/1 609/1/1
f 659/1/6 660/2/6 662/4/6 661/3/6
f 661/2/1 663/4/1 615/3/1 612/1/1
f 661/1/6 662/2/6 664/4/6 663/3/6
f 663/2/1 191/4/1 185/3/1 615/1/1
f 663/1/6 664/2/6 665/4/6 191/3/6
f 194/1/5 666/2/5 618/4/5 188/3/5
f 197/3/2 191/1/2 665/2/2 667/4/2
f 200/1/5 668/2/5 666/4/5 194/3/5
f 203/3/2 197/1/2 667/2/2 669/4/2
f 200/2/3 208/4/3 670/3/3 668/1/3
f 208/2/3 211/4/3 671/3/3 670/1/3
f 211/2/3 214/4/3 672/3/3 671/1/3
f 214/2/3 217/4/3 673/3/3 672/1/3
f 217/2/3 220/4/3 674/3/3 673/1/3
f 220/2/3 223/4/3 675/3/3 674/1/3
f 223/2/3 226/4/3 676/3/3 675/1/3
f 226/2/3 229/4/3 677/3/3 676/1/3
f 229/2/3 232/4/3 678/3/3 677/1/3
f 232/2/3 235/4/3 679/3/3 678/1/3
f 235/2/3 238/4/3 680/3/3 679/1/3
f 238/2/3 241/4/3 681/3/3 680/1/3
f 241/2/3 244/4/3 682/3/3 681/1/3
f 244/2/3 247/4/3 683/3/3 682/1/3
f 247/2/3 250/4/3 684/3/3 683/1/3
f 250/2/3 253/4/3 685/3/3 684/1/3
f 254/2/1 297/4/1 686/3/1 253/1/1
f 253/2/3 686/4/3 687/3/3 685/1/3
f 297/2/1 301/4/1 688/3/1 686/1/1
f 686/2/3 688/4/3 689/3/3 687/1/3
f 301/2/1 305/4/1 690/3/1 688/1/1
f 688/2/3 690/4/3 691/3/3 689/1/3
f 305/2/1 309/4/1 692/3/1 690/1/1
f 690/2/3 692/4/3 693/3/3 691/1/3
f 309/2/1 313/4/1 694/3/1 692/1/1
f 692/2/3 694/4/3 695/3/3 693/1/3
f 313/2/1 317/4/1 696/3/1 694/1/1
f 694/2/3 696/4/3 697/3/3 695/1/3
f 317/2/1 321/4/1 698/3/1 696/1/1
f 696/2/3 698/4/3 699/3/3 697/1/3
f 321/2/1 325/4/1 700/3/1 698/1/1
f 698/2/3 700/4/3 701/3/3 699/1/3
f 325/2/1 329/4/1 702/3/1 700/1/1
f 700/2/3 702/4/3 703/3/3 701/1/3
f 329/2/1 333/4/1 704/3/1 702/1/1
f 702/2/3 704/4/3 705/3/3 703/1/3
f 333/2/1 337/4/1 706/3/1 704/1/1
f 704/2/3 706/4/3 707/3/3 705/1/3
f 337/2/1 341/4/1 708/3/1 706/1/1
f 706/2/3 708/4/3 709/3/3 707/1/3
f 341/2/1 345/4/1 710/3/1 708/1/1
f 708/2/3 710/4/3 711/3/3 709/1/3
f 345/2/1 349/4/1 712/3/1 710/1/1
f 710/2/3 712/4/3 713/3/3 711/1/3
f 349/2/1 353/4/1 714/3/1 712/1/1
f 712/2/3 714/4/3 715/3/3 713/1/3
f 353/2/1 357/4/1 716/3/1 714/1/1
f 714/2/3 716/4/3 717/3/3 715/1/3
f 357/2/1 361/4/1 718/3/1 716/1/1
f 716/2/3 718/4/3 719/3/3 717/1/3
f 361/2/1 365/4/1 720/3/1 718/1/1
f 718/2/3 720/4/3 721/3/3 719/1/3
f 365/2/1 369/4/1 722/3/1 720/1/1
f 720/2/3 722/4/3 723/3/3 721/1/3
f 369/2/1 724/4/1 725/3/1 722/1/1
f 722/2/3 725/4/3 726/3/3 723/1/3
f 724/1/5 727/2/5 726/4/5 725/3/5
f 257/3/2 203/1/2 669/2/2 728/4/2
f 257/1/6 728/2/6 729/4/6 258/3/6
f 258/1/6 729/2/6 730/4/6 260/3/6
f 260/1/6 730/2/6 731/4/6 262/3/6
f 262/1/6 731/2/6 732/4/6 264/3/6
f 264/1/6 732/2/6 733/4/6 266/3/6
f 266/1/6 733/2/6 734/4/6 268/3/6
f 268/1/6 734/2/6 735/4/6 270/3/6
f 270/1/6 735/2/6 736/4/6 272/3/6
f 272/1/6 736/2/6 737/4/6 274/3/6
f 274/1/6 737/2/6 738/4/6 276/3/6
f 276/1/6 738/2/6 739/4/6 278/3/6
f 278/1/6 739/2/6 740/4/6 280/3/6
f 280/1/6 740/2/6 741/4/6 282/3/6
f 282/1/6 741/2/6 742/4/6 284/3/6
f 284/1/6 742/2/6 743/4/6 286/3/6
f 286/1/6 743/2/6 744/4/6 288/3/6
f 288/1/6 744/2/6 745/4/6 290/3/6
f 290/1/6 745/2/6 746/4/6 292/3/6
f 292/1/6 746/2/6 747/4/6 294/3/6
f 294/1/6 747/2/6 748/4/6 298/3/6
f 298/1/6 748/2/6 749/4/6 302/3/6
f 302/1/6 749/2/6 750/4/6 306/3/6
f 306/1/6 750/2/6 751/4/6 310/3/6
f 310/1/6 751/2/6 752/4/6 314/3/6
f 314/1/6 752/2/6 753/4/6 318/3/6
f 318/1/6 753/2/6 754/4/6 322/3/6
f 322/1/6 754/2/6 755/4/6 326/3/6
f 326/1/6 755/2/6 756/4/6 330/3/6
f 330/1/6 756/2/6 757/4/6 334/3/6
f 334/1/6 757/2/6 758/4/6 338/3/6
f 338/1/6 758/2/6 759/4/6 342/3/6
f 342/1/6 759/2/6 760/4/6 346/3/6
f 346/1/6 760/2/6 761/4/6 350/3/6
f 350/1/6 761/2/6 762/4/6 354/3/6
f 354/1/6 762/2/6 763/4/6 358/3/6
f 358/1/6 763/2/6 764/4/6 362/3/6
f 362/1/6 764/2/6 765/4/6 366/3/6
f 366/1/6 765/2/6 766/4/6 370/3/6
f 370/2/1 767/4/1 724/3/1 369/1/1
f 767/1/5 768/2/5 727/4/5 724/3/5
f 370/1/6 766/2/6 768/4/6 767/3/6
f 371/3/2 372/1/2 770/2/2 769/4/2
f 372/2/3 373/4/3 771/3/3 770/1/3
f 373/2/3 374/4/3 772/3/3 771/1/3
f 374/2/3 375/4/3 773/3/3 772/1/3
f 376/1/5 774/2/5 773/4/5 375/3/5
f 381/3/2 382/1/2 776/2/2 775/4/2
f 382/2/3 383/4/3 777/3/3 776/1/3
f 775/1/4 776/2/4 777/4/4 778/3/4
f 383/2/3 386/4/3 779/3/3 777/1/3
f 778/1/4 777/2/4 779/4/4 780/3/4
f 386/2/3 389/4/3 781/3/3 779/1/3
f 780/1/4 779/2/4 781/4/4 782/3/4
f 389/2/3 392/4/3 783/3/3 781/1/3
f 782/1/4 781/2/4 783/4/4 784/3/4
f 392/2/3 395/4/3 785/3/3 783/1/3
f 784/1/4 783/2/4 785/4/4 786/3/4
f 395/2/3 398/4/3 787/3/3 785/1/3
f 786/1/4 785/2/4 787/4/4 788/3/4
f 398/2/3 401/4/3 789/3/3 787/1/3
f 788/1/4 787/2/4 789/4/4 790/3/4
f 401/2/3 404/4/3 791/3/3 789/1/3
f 790/1/4 789/2/4 791/4/4 792/3/4
f 404/2/3 407/4/3 793/3/3 791/1/3
f 792/1/4 791/2/4 793/4/4 794/3/4
f 407/2/3 410/4/3 795/3/3 793/1/3
f 794/1/4 793/2/4 795/4/4 796/3/4
f 410/2/3 413/4/3 797/3/3 795/1/3
f 796/1/4 795/2/4 797/4/4 798/3/4
f 413/2/3 416/4/3 799/3/3 797/1/3
f 798/1/4 797/2/4 799/4/4 800/3/4
f 416/2/3 419/4/3 801/3/3 799/1/3
f 800/1/4 799/2/4 801/4/4 802/3/4
f 419/2/3 422/4/3 803/3/3 801/1/3
f 802/1/4 801/2/4 803/4/4 804/3/4
f 422/2/3 425/4/3 805/3/3 803/1/3
f 804/1/4 803/2/4 805/4/4 806/3/4
f 425/2/3 428/4/3 807/3/3 805/1/3
f 806/1/4 805/2/4 807/4/4 808/3/4
f 428/2/3 431/4/3 809/3/3 807/1/3
f 808/1/4 807/2/4 809/4/4 810/3/4
f 431/2/3 434/4/3 811/3/3 809/1/3
f 810/1/4 809/2/4 811/4/4 812/3/4
f 434/2/3 437/4/3 813/3/3 811/1/3
f 812/1/4 811/2/4 813/4/4 814/3/4
f 437/2/3 440/4/3 815/3/3 813/1/3
f 814/1/4 813/2/4 815/4/4 816/3/4
f 440/2/3 443/4/3 817/3/3 815/1/3
f 816/1/4 815/2/4 817/4/4 818/3/4
f 443/2/3 446/4/3 819/3/3 817/1/3
f 818/1/4 817/2/4 819/4/4 820/3/4
f 446/2/3 371/4/3 769/3/3 819/1/3
f 820/1/4 819/2/4 769/4/4 821/3/4
f 447/1/5 822/2/5 774/4/5 376/3/5
f 450/3/2 381/1/2 775/2/2 823/4/2
f 823/1/4 775/2/4 778/4/4 824/3/4
f 450/1/6 823/2/6 824/4/6 451/3/6
f 824/1/4 778/2/4 780/4/4 825/3/4
f 451/1/6 824/2/6 825/4/6 453/3/6
f 825/1/4 780/2/4 782/4/4 826/3/4
f 453/1/6 825/2/6 826/4/6 455/3/6
f 826/1/4 782/2/4 784/4/4 827/3/4
f 455/1/6 826/2/6 827/4/6 457/3/6
f 827/1/4 784/2/4 786/4/4 828/3/4
f 457/1/6 827/2/6 828/4/6 459/3/6
f 828/1/4 786/2/4 788/4/4 829/3/4
f 459/1/6 828/2/6 829/4/6 461/3/6
f 829/1/4 788/2/4 790/4/4 830/3/4
f 461/1/6 829/2/6 830/4/6 463/3/6
f 830/1/4 790/2/4 792/4/4 831/3/4
f 463/1/6 830/2/6 831/4/6 465/3/6
f 831/1/4 792/2/4 794/4/4 832/3/4
f 465/1/6 831/2/6 832/4/6 467/3/6
f 832/1/4 794/2/4 796/4/4 833/3/4
f 467/1/6 832/2/6 833/4/6 469/3/6
f 833/1/4 796/2/4 798/4/4 834/3/4
f 469/1/6 833/2/6 834/4/6 471/3/6
f 834/1/4 798/2/4 800/4/4 835/3/4
f 471/1/6 834/2/6 835/4/6 473/3/6
f 835/1/4 800/2/4 802/4/4 836/3/4
f 473/1/6 835/2/6 836/4/6 475/3/6
f 836/1/4 802/2/4 804/4/4 837/3/4
f 475/1/6 836/2/6 837/4/6 477/3/6
f 837/1/4 804/2/4 806/4/4 838/3/4
f 477/1/6 837/2/6 838/4/6 479/3/6
f 838/1/4 806/2/4 808/4/4 839/3/4
f 479/1/6 838/2/6 839/4/6 481/3/6
f 839/1/4 808/2/4 810/4/4 840/3/4
f 481/1/6 839/2/6 840/4/6 483/3/6
f 840/1/4 810/2/4 812/4/4 841/3/4
f 483/1/6 840/2/6 841/4/6 485/3/6
f 841/1/4 812/2/4 814/4/4 842/3/4
f 485/1/6 841/2/6 842/4/6 487/3/6
f 842/1/4 814/2/4 816/4/4 843/3/4
f 487/1/6 842/2/6 843/4/6 489/3/6
f 843/1/4 816/2/4 818/4/4 844/3/4
f 489/1/6 843/2/6 844/4/6 491/3/6
f 844/1/4 818/2/4 820/4/4 845/3/4
f 491/1/6 844/2/6 845/4/6 493/3/6
f 845/1/4 820/2/4 821/4/4 846/3/4
f 493/1/6 845/2/6 846/4/6 494/3/6
f 495/1/5 847/2/5 822/4/5 447/3/5
f 496/3/2 494/1/2 846/2/2 848/4/2
f 497/1/5 849/2/5 847/4/5 495/3/5
f 498/3/2 496/1/2 848/2/2 850/4/2
f 499/1/5 851/2/5 849/4/5 497/3/5
f 500/3/2 498/1/2 850/2/2 852/4/2
f 501/1/5 853/2/5 851/4/5 499/3/5
f 502/3/2 500/1/2 852/2/2 854/4/2
f 503/1/5 855/2/5 853/4/5 501/3/5
f 504/3/2 502/1/2 854/2/2 856/4/2
f 505/1/5 857/2/5 855/4/5 503/3/5
f 506/3/2 504/1/2 856/2/2 858/4/2
f 507/1/5 859/2/5 857/4/5 505/3/5
f 508/3/2 506/1/2 858/2/2 860/4/2
f 509/1/5 861/2/5 859/4/5 507/3/5
f 510/3/2 508/1/2 860/2/2 862/4/2
f 511/1/5 863/2/5 861/4/5 509/3/5
f 512/3/2 510/1/2 862/2/2 864/4/2
f 513/1/5 865/2/5 863/4/5 511/3/5
f 514/3/2 512/1/2 864/2/2 866/4/2
f 515/1/5 867/2/5 865/4/5 513/3/5
f 516/3/2 514/1/2 866/2/2 868/4/2
f 517/1/5 869/2/5 867/4/5 515/3/5
f 518/3/2 516/1/2 868/2/2 870/4/2
f 519/1/5 871/2/5 869/4/5 517/3/5
f 520/3/2 518/1/2 870/2/2 872/4/2
f 521/1/5 873/2/5 871/4/5 519/3/5
f 522/3/2 520/1/2 872/2/2 874/4/2
f 523/1/5 875/2/5 873/4/5 521/3/5
f 524/3/2 522/1/2 874/2/2 876/4/2
f 525/1/5 877/2/5 875/4/5 523/3/5
f 526/3/2 524/1/2 876/2/2 878/4/2
f 527/1/5 879/2/5 877/4/5 525/3/5
f 528/3/2 526/1/2 878/2/2 880/4/2
f 529/1/5 881/2/5 879/4/5 527/3/5
f 530/3/2 528/1/2 880/2/2 882/4/2
f 531/1/5 883/2/5 881/4/5 529/3/5
f 532/3/2 530/1/2 882/2/2 884/4/2
f 533/1/5 885/2/5 883/4/5 531/3/5
f 534/3/2 532/1/2 884/2/2 886/4/2
f 535/1/5 887/2/5 885/4/5 533/3/5
f 536/3/2 534/1/2 886/2/2 888/4/2
f 537/1/5 889/2/5 887/4/5 535/3/5
f 538/3/2 536/1/2 888/2/2 890/4/2
f 539/1/5 891/2/5 889/4/5 537/3/5
f 540/3/2 538/1/2 890/2/2 892/4/2
f 541/1/5 893/2/5 891/4/5 539/3/5
f 542/3/2 540/1/2 892/2/2 894/4/2
f 543/1/5 895/2/5 893/4/5 541/3/5
f 544/3/2 542/1/2 894/2/2 896/4/2
f 545/1/5 897/2/5 895/4/5 543/3/5
f 546/3/2 544/1/2 896/2/2 898/4/2
f 547/1/5 899/2/5 897/4/5 545/3/5
f 552/3/2 553/1/2 901/2/2 900/4/2
f 553/2/3 554/4/3 902/3/3 901/1/3
f 900/1/4 901/2/4 902/4/4 903/3/4
f 554/2/3 557/4/3 904/3/3 902/1/3
f 903/1/4 902/2/4 904/4/4 905/3/4
f 557/2/3 560/4/3 906/3/3 904/1/3
f 905/1/4 904/2/4 906/4/4 907/3/4
f 560/2/3 563/4/3 908/3/3 906/1/3
f 907/1/4 906/2/4 908/4/4 909/3/4
f 563/2/3 566/4/3 910/3/3 908/1/3
f 909/1/4 908/2/4 910/4/4 911/3/4
f 566/2/3 569/4/3 912/3/3 910/1/3
f 911/1/4 910/2/4 912/4/4 913/3/4
f 569/2/3 572/4/3 914/3/3 912/1/3
f 913/1/4 912/2/4 914/4/4 915/3/4
f 572/2/3 575/4/3 916/3/3 914/1/3
f 915/1/4 914/2/4 916/4/4 917/3/4
f 575/2/3 578/4/3 918/3/3 916/1/3
f 917/1/4 916/2/4 918/4/4 919/3/4
f 578/2/3 581/4/3 920/3/3 918/1/3
f 919/1/4 918/2/4 920/4/4 921/3/4
f 581/2/3 584/4/3 922/3/3 920/1/3
f 921/1/4 920/2/4 922/4/4 923/3/4
f 584/2/3 587/4/3 924/3/3 922/1/3
f 923/1/4 922/2/4 924/4/4 925/3/4
f 587/2/3 590/4/3 926/3/3 924/1/3
f 925/1/4 924/2/4 926/4/4 927/3/4
f 590/2/3 593/4/3 928/3/3 926/1/3
f 927/1/4 926/2/4 928/4/4 929/3/4
f 593/2/3 596/4/3 930/3/3 928/1/3
f 929/1/4 928/2/4 930/4/4 931/3/4
f 596/2/3 599/4/3 932/3/3 930/1/3
f 931/1/4 930/2/4 932/4/4 933/3/4
f 599/2/3 602/4/3 934/3/3 932/1/3
f 933/1/4 932/2/4 934/4/4 935/3/4
f 602/2/3 605/4/3 936/3/3 934/1/3
f 935/1/4 934/2/4 936/4/4 937/3/4
f 605/2/3 608/4/3 938/3/3 936/1/3
f 937/1/4 936/2/4 938/4/4 939/3/4
f 608/2/3 611/4/3 940/3/3 938/1/3
f 939/1/4 938/2/4 940/4/4 941/3/4
f 611/2/3 614/4/3 942/3/3 940/1/3
f 941/1/4 940/2/4 942/4/4 943/3/4
f 614/2/3 617/4/3 944/3/3 942/1/3
f 943/1/4 942/2/4 944/4/4 945/3/4
f 617/2/3 546/4/3 898/3/3 944/1/3
f 945/1/4 944/2/4 898/4/4 946/3/4
f 618/1/5 947/2/5 899/4/5 547/3/5
f 621/3/2 552/1/2 900/2/2 948/4/2
f 948/1/4 900/2/4 903/4/4 949/3/4
f 621/1/6 948/2/6 949/4/6 622/3/6
f 949/1/4 903/2/4 905/4/4 950/3/4
f 622/1/6 949/2/6 950/4/6 624/3/6
f 950/1/4 905/2/4 907/4/4 951/3/4
f 624/1/6 950/2/6 951/4/6 626/3/6
f 951/1/4 907/2/4 909/4/4 952/3/4
f 626/1/6 951/2/6 952/4/6 628/3/6
f 952/1/4 909/2/4 911/4/4 953/3/4
f 628/1/6 952/2/6 953/4/6 630/3/6
f 953/1/4 911/2/4 913/4/4 954/3/4
f 630/1/6 953/2/6 954/4/6 632/3/6
f 954/1/4 913/2/4 915/4/4 955/3/4
f 632/1/6 954/2/6 955/4/6 634/3/6
f 955/1/4 915/2/4 917/4/4 956/3/4
f 634/1/6 955/2/6 956/4/6 636/3/6
f 956/1/4 917/2/4 919/4/4 957/3/4
f 636/1/6 956/2/6 957/4/6 638/3/6
f 957/1/4 919/2/4 921/4/4 958/3/4
f 638/1/6 957/2/6 958/4/6 640/3/6
f 958/1/4 921/2/4 923/4/4 959/3/4
f 640/1/6 958/2/6 959/4/6 642/3/6
f 959/1/4 923/2/4 925/4/4 960/3/4
f 642/1/6 959/2/6 960/4/6 644/3/6
f 960/1/4 925/2/4 927/4/4 961/3/4
f 644/1/6 960/2/6 961/4/6 646/3/6
f 961/1/4 927/2/4 929/4/4 962/3/4
f 646/1/6 961/2/6 962/4/6 648/3/6
f 962/1/4 929/2/4 931/4/4 963/3/4
f 648/1/6 962/2/6 963/4/6 650/3/6
f 963/1/4 931/2/4 933/4/4 964/3/4
f 650/1/6 963/2/6 964/4/6 652/3/6
f 964/1/4 933/2/4 935/4/4 965/3/4
f 652/1/6 964/2/6 965/4/6 654/3/6
f 965/1/4 935/2/4 937/4/4 966/3/4
f 654/1/6 965/2/6 966/4/6 656/3/6
f 966/1/4 937/2/4 939/4/4 967/3/4
f 656/1/6 966/2/6 967/4/6 658/3/6
f 967/1/4 939/2/4 941/4/4 968/3/4
f 658/1/6 967/2/6 968/4/6 660/3/6
f 968/1/4 941/2/4 943/4/4 969/3/4
f 660/1/6 968/2/6 969/4/6 662/3/6
f 969/1/4 943/2/4 945/4/4 970/3/4
f 662/1/6 969/2/6 970/4/6 664/3/6
f 970/1/4 945/2/4 946/4/4 971/3/4
f 664/1/6 970/2/6 971/4/6 665/3/6
f 666/1/5 972/2/5 947/4/5 618/3/5
f 667/3/2 665/1/2 971/2/2 973/4/2
f 668/1/5 974/2/5 972/4/5 666/3/5
f 669/3/2 667/1/2 973/2/2 975/4/2
f 668/2/3 670/4/3 976/3/3 974/1/3
f 670/2/3 671/4/3 977/3/3 976/1/3
f 671/2/3 672/4/3 978/3/3 977/1/3
f 672/2/3 673/4/3 979/3/3 978/1/3
f 673/2/3 674/4/3 980/3/3 979/1/3
f 674/2/3 675/4/3 981/3/3 980/1/3
f 675/2/3 676/4/3 982/3/3 981/1/3
f 676/2/3 677/4/3 983/3/3 982/1/3
f 677/2/3 678/4/3 984/3/3 983/1/3
f 678/2/3 679/4/3 985/3/3 984/1/3
f 679/2/3 680/4/3 986/3/3 985/1/3
f 680/2/3 681/4/3 987/3/3 986/1/3
f 681/2/3 682/4/3 988/3/3 987/1/3
f 682/2/3 683/4/3 989/3/3 988/1/3
f 683/2/3 684/4/3 990/3/3 989/1/3
f 684/2/3 685/4/3 991/3/3 990/1/3
f 685/2/3 687/4/3 992/3/3 991/1/3
f 687/2/3 689/4/3 993/3/3 992/1/3
f 689/2/3 691/4/3 994/3/3 993/1/3
f 691/2/3 693/4/3 995/3/3 994/1/3
f 693/2/3 695/4/3 996/3/3 995/1/3
f 695/2/3 697/4/3 997/3/3 996/1/3
f 697/2/3 699/4/3 998/3/3 997/1/3
f 699/2/3 701/4/3 999/3/3 998/1/3
f 701/2/3 703/4/3 1000/3/3 999/1/3
f 703/2/3 705/4/3 1001/3/3 1000/1/3
f 705/2/3 707/4/3 1002/3/3 1001/1/3
f 707/2/3 709/4/3 1003/3/3 1002/1/3
f 709/2/3 711/4/3 1004/3/3 1003/1/3
f 711/2/3 713/4/3 1005/3/3 1004/1/3
f 713/2/3 715/4/3 1006/3/3 1005/1/3
f 715/2/3 717/4/3 1007/3/3 1006/1/3
f 717/2/3 719/4/3 1008/3/3 1007/1/3
f 719/2/3 721/4/3 1009/3/3 1008/1/3
f 721/2/3 723/4/3 1010/3/3 1009/1/3
f 723/2/3 726/4/3 1011/3/3 1010/1/3
f 727/2/1 1012/4/1 1013/3/1 726/1/1
f 726/2/3 1013/4/3 1014/3/3 1011/1/3
f 1012/1/5 1015/2/5 1014/4/5 1013/3/5
f 728/3/2 669/1/2 975/2/2 1016/4/2
f 728/1/6 1016/2/6 1017/4/6 729/3/6
f 729/1/6 1017/2/6 1018/4/6 730/3/6
f 730/1/6 1018/2/6 1019/4/6 731/3/6
f 731/1/6 1019/2/6 1020/4/6 732/3/6
f 732/1/6 1020/2/6 1021/4/6 733/3/6
f 733/1/6 1021/2/6 1022/4/6 734/3/6
f 734/1/6 1022/2/6 1023/4/6 735/3/6
f 735/1/6 1023/2/6 1024/4/6 736/3/6
f 736/1/6 1024/2/6 1025/4/6 737/3/6
f 737/1/6 1025/2/6 1026/4/6 738/3/6
f 738/1/6 1026/2/6 1027/4/6 739/3/6
f 739/1/6 1027/2/6 1028/4/6 740/3/6
f 740/1/6 1028/2/6 1029/4/6 741/3/6
f 741/1/6 1029/2/6 1030/4/6 742/3/6
f 742/1/6 1030/2/6 1031/4/6 743/3/6
f 743/1/6 1031/2/6 1032/4/6 744/3/6
f 744/1/6 1032/2/6 1033/4/6 745/3/6
f 745/1/6 1033/2/6 1034/4/6 746/3/6
f 746/1/6 1034/2/6 1035/4/6 747/3/6
f 747/1/6 1035/2/6 1036/4/6 748/3/6
f 748/1/6 1036/2/6 1037/4/6 749/3/6
f 749/1/6 1037/2/6 1038/4/6 750/3/6
f 750/1/6 1038/2/6 1039/4/6 751/3/6
f 751/1/6 1039/2/6 1040/4/6 752/3/6
f 752/1/6 1040/2/6 1041/4/6 753/3/6
f 753/1/6 1041/2/6 1042/4/6 754/3/6
f 754/1/6 1042/2/6 1043/4/6 755/3/6
f 755/1/6 1043/2/6 1044/4/6 756/3/6
f 756/1/6 1044/2/6 1045/4/6 757/3/6
f 757/1/6 1045/2/6 1046/4/6 758/3/6
f 758/1/6 1046/2/6 1047/4/6 759/3/6
f 759/1/6 1047/2/6 1048/4/6 760/3/6
f 760/1/6 1048/2/6 1049/4/6 761/3/6
f 761/1/6 1049/2/6 1050/4/6 762/3/6
f 762/1/6 1050/2/6 1051/4/6 763/3/6
f 763/1/6 1051/2/6 1052/4/6 764/3/6
f 764/1/6 1052/2/6 1053/4/6 765/3/6
f 765/1/6 1053/2/6 1054/4/6 766/3/6
f 766/1/6 1054/2/6 1055/4/6 768/3/6
f 768/2/1 1056/4/1 1012/3/1 727/1/1
f 1056/1/5 1057/2/5 1015/4/5 1012/3/5
f 768/1/6 1055/2/6 1057/4/6 1056/3/6
f 769/3/2 770/1/2 1059/2/2 1058/4/2
f 770/2/3 771/4/3 1060/3/3 1059/1/3
f 771/2/3 772/4/3 1061/3/3 1060/1/3
f 772/2/3 773/4/3 1062/3/3 1061/1/3
f 774/1/5 1063/2/5 1062/4/5 773/3/5
f 821/3/2 769/1/2 1058/2/2 1064/4/2
f 822/1/5 1065/2/5 1063/4/5 774/3/5
f 846/3/2 821/1/2 1064/2/2 1066/4/2
f 847/1/5 1067/2/5 1065/4/5 822/3/5
f 848/3/2 846/1/2 1066/2/2 1068/4/2
f 849/1/5 1069/2/5 1067/4/5 847/3/5
f 850/3/2 848/1/2 1068/2/2 1070/4/2
f 851/1/5 1071/2/5 1069/4/5 849/3/5
f 852/3/2 850/1/2 1070/2/2 1072/4/2
f 853/1/5 1073/2/5 1071/4/5 851/3/5
f 854/3/2 852/1/2 1072/2/2 1074/4/2
f 855/1/5 1075/2/5 1073/4/5 853/3/5
f 856/3/2 854/1/2 1074/2/2 1076/4/2
f 857/1/5 1077/2/5 1075/4/5 855/3/5
f 858/3/2 856/1/2 1076/2/2 1078/4/2
f 859/1/5 1079/2/5 1077/4/5 857/3/5
f 860/3/2 858/1/2 1078/2/2 1080/4/2
f 861/1/5 1081/2/5 1079/4/5 859/3/5
f 862/3/2 860/1/2 1080/2/2 1082/4/2
f 863/1/5 1083/2/5 1081/4/5 861/3/5
f 864/3/2 862/1/2 1082/2/2 1084/4/2
f 865/1/5 1085/2/5 1083/4/5 863/3/5
f 866/3/2 864/1/2 1084/2/2 1086/4/2
f 867/1/5 1087/2/5 1085/4/5 865/3/5
f 868/3/2 866/1/2 1086/2/2 1088/4/2
f 869/1/5 1089/2/5 1087/4/5 867/3/5
f 870/3/2 868/1/2 1088/2/2 1090/4/2
f 871/1/5 1091/2/5 1089/4/5 869/3/5
f 872/3/2 870/1/2 1090/2/2 1092/4/2
f 873/1/5 1093/2/5 1091/4/5 871/3/5
f 874/3/2 872/1/2 1092/2/2 1094/4/2
f 875/1/5 1095/2/5 1093/4/5 873/3/5
f 876/3/2 874/1/2 1094/2/2 1096/4/2
f 877/1/5 1097/2/5 1095/4/5 875/3/5
f 878/3/2 876/1/2 1096/2/2 1098/4/2
f 879/1/5 1099/2/5 1097/4/5 877/3/5
f 880/3/2 878/1/2 1098/2/2 1100/4/2
f 881/1/5 1101/2/5 1099/4/5 879/3/5
f 882/3/2 880/1/2 1100/2/2 1102/4/2
f 883/1/5 1103/2/5 1101/4/5 881/3/5
f 884/3/2 882/1/2 1102/2/2 1104/4/2
f 885/1/5 1105/2/5 1103/4/5 883/3/5
f 886/3/2 884/1/2 1104/2/2 1106/4/2
f 887/1/5 1107/2/5 1105/4/5 885/3/5
f 888/3/2 886/1/2 1106/2/2 1108/4/2
f 889/1/5 1109/2/5 1107/4/5 887/3/5
f 890/3/2 888/1/2 1108/2/2 1110/4/2
f 891/1/5 1111/2/5 1109/4/5 889/3/5
f 892/3/2 890/1/2 1110/2/2 1112/4/2
f 893/1/5 1113/2/5 1111/4/5 891/3/5
f 894/3/2 892/1/2 1112/2/2 1114/4/2
f 895/1/5 1115/2/5 1113/4/5 893/3/5
f 896/3/2 894/1/2 1114/2/2 1116/4/2
f 897/1/5 1117/2/5 1115/4/5 895/3/5
f 898/3/2 896/1/2 1116/2/2 1118/4/2
f 899/1/5 1119/2/5 1117/4/5 897/3/5
f 946/3/2 898/1/2 1118/2/2 1120/4/2
f 947/1/5 1121/2/5 1119/4/5 899/3/5
f 971/3/2 946/1/2 1120/2/2 1122/4/2
f 972/1/5 1123/2/5 1121/4/5 947/3/5
f 973/3/2 971/1/2 1122/2/2 1124/4/2
f 974/1/5 1125/2/5 1123/4/5 972/3/5
f 975/3/2 973/1/2 1124/2/2 1126/4/2
f 974/2/3 976/4/3 1127/3/3 1125/1/3
f 976/2/3 977/4/3 1128/3/3 1127/1/3
f 977/2/3 978/4/3 1129/3/3 1128/1/3
f 978/2/3 979/4/3 1130/3/3 1129/1/3
f 979/2/3 980/4/3 1131/3/3 1130/1/3
f 980/2/3 981/4/3 1132/3/3 1131/1/3
f 981/2/3 982/4/3 1133/3/3 1132/1/3
f 982/2/3 983/4/3 1134/3/3 1133/1/3
f 983/2/3 984/4/3 1135/3/3 1134/1/3
f 984/2/3 985/4/3 1136/3/3 1135/1/3
f 985/2/3 986/4/3 1137/3/3 1136/1/3
f 986/2/3 987/4/3 1138/3/3 1137/1/3
f 987/2/3 988/4/3 1139/3/3 1138/1/3
f 988/2/3 989/4/3 1140/3/3 1139/1/3
f 989/2/3 990/4/3 1141/3/3 1140/1/3
f 990/2/3 991/4/3 1142/3/3 1141/1/3
f 991/2/3 992/4/3 1143/3/3 1142/1/3
f 992/2/3 993/4/3 1144/3/3 1143/1/3
f 993/2/3 994/4/3 1145/3/3 1144/1/3
f 994/2/3 995/4/3 1146/3/3 1145/1/3
f 995/2/3 996/4/3 1147/3/3 1146/1/3
f 996/2/3 997/4/3 1148/3/3 1147/1/3
f 997/2/3 998/4/3 1149/3/3 1148/1/3
f 998/2/3 999/4/3 1150/3/3 1149/1/3
f 999/2/3 1000/4/3 1151/3/3 1150/1/3
f 1000/2/3 1001/4/3 1152/3/3 1151/1/3
f 1001/2/3 1002/4/3 1153/3/3 1152/1/3
f 1002/2/3 1003/4/3 1154/3/3 1153/1/3
f 1003/2/3 1004/4/3 1155/3/3 1154/1/3
f 1004/2/3 1005/4/3 1156/3/3 1155/1/3
f 1005/2/3 1006/4/3 1157/3/3 1156/1/3
f 1006/2/3 1007/4/3 1158/3/3 1157/1/3
f 1007/2/3 1008/4/3 1159/3/3 1158/1/3
f 1008/2/3 1009/4/3 1160/3/3 1159/1/3
f 1009/2/3 1010/4/3 1161/3/3 1160/1/3
f 1010/2/3 1011/4/3 1162/3/3 1161/1/3
f 1011/2/3 1014/4/3 1163/3/3 1162/1/3
f 1015/2/1 1164/4/1 1165/3/1 1014/1/1
f 1014/2/3 1165/4/3 1166/3/3 1163/1/3
f 1164/1/5 1167/2/5 1166/4/5 1165/3/5
f 1016/3/2 975/1/2 1126/2/2 1168/4/2
f 1016/1/6 1168/2/6 1169/4/6 1017/3/6
f 1017/1/6 1169/2/6 1170/4/6 1018/3/6
f 1018/1/6 1170/2/6 1171/4/6 1019/3/6
f 1019/1/6 1171/2/6 1172/4/6 1020/3/6
f 1020/1/6 1172/2/6 1173/4/6 1021/3/6
f 1021/1/6 1173/2/6 1174/4/6 1022/3/6
f 1022/1/6 1174/2/6 1175/4/6 1023/3/6
f 1023/1/6 1175/2/6 1176/4/6 1024/3/6
f 1024/1/6 1176/2/6 1177/4/6 1025/3/6
f 1025/1/6 1177/2/6 1178/4/6 1026/3/6
f 1026/1/6 1178/2/6 1179/4/6 1027/3/6
f 1027/1/6 1179/2/6 1180/4/6 1028/3/6
f 1028/1/6 1180/2/6 1181/4/6 1029/3/6
f 1029/1/6 1181/2/6 1182/4/6 1030/3/6
f 1030/1/6 1182/2/6 1183/4/6 1031/3/6
f 1031/1/6 1183/2/6 1184/4/6 1032/3/6
f 1032/1/6 1184/2/6 1185/4/6 1033/3/6
f 1033/1/6 1185/2/6 1186/4/6 1034/3/6
f 1034/1/6 1186/2/6 1187/4/6 1035/3/6
f 1035/1/6 1187/2/6 1188/4/6 1036/3/6
f 1036/1/6 1188/2/6 1189/4/6 1037/3/6
f 1037/1/6 1189/2/6 1190/4/6 1038/3/6
f 1038/1/6 1190/2/6 1191/4/6 1039/3/6
f 1039/1/6 1191/2/6 1192/4/6 1040/3/6
f 1040/1/6 1192/2/6 1193/4/6 1041/3/6
f 1041/1/6 1193/2/6 1194/4/6 1042/3/6
f 1042/1/6 1194/2/6 1195/4/6 1043/3/6
f 1043/1/6 1195/2/6 1196/4/6 1044/3/6
f 1044/1/6 1196/2/6 1197/4/6 1045/3/6
f 1045/1/6 1197/2/6 1198/4/6 1046/3/6
f 1046/1/6 1198/2/6 1199/4/6 1047/3/6
f 1047/1/6 1199/2/6 1200/4/6 1048/3/6
f 1048/1/6 1200/2/6 1201/4/6 1049/3/6
f 1049/1/6 1201/2/6 1202/4/6 1050/3/6
f 1050/1/6 1202/2/6 1203/4/6 1051/3/6
f 1051/1/6 1203/2/6 1204/4/6 1052/3/6
f 1052/1/6 1204/2/6 1205/4/6 1053/3/6
f 1053/1/6 1205/2/6 1206/4/6 1054/3/6
f 1054/1/6 1206/2/6 1207/4/6 1055/3/6
f 1055/1/6 1207/2/6 1208/4/6 1057/3/6
f 1057/2/1 1209/4/1 1164/3/1 1015/1/1
f 1209/1/5 1210/2/5 1167/4/5 1164/3/5
f 1057/1/6 1208/2/6 1210/4/6 1209/3/6
f 1058/3/2 1059/1/2 1212/2/2 1211/4/2
f 1059/2/3 1060/4/3 1213/3/3 1212/1/3
f 1060/2/3 1061/4/3 1214/3/3 1213/1/3
f 1061/2/3 1062/4/3 1215/3/3 1214/1/3
f 1063/1/5 1216/2/5 1215/4/5 1062/3/5
f 1064/3/2 1058/1/2 1211/2/2 1217/4/2
f 1065/1/5 1218/2/5 1216/4/5 1063/3/5
f 1066/3/2 1064/1/2 1217/2/2 1219/4/2
f 1067/1/5 1220/2/5 1218/4/5 1065/3/5
f 1068/3/2 1066/1/2 1219/2/2 1221/4/2
f 1069/1/5 1222/2/5 1220/4/5 1067/3/5
f 1070/3/2 1068/1/2 1221/2/2 1223/4/2
f 1071/1/5 1224/2/5 1222/4/5 1069/3/5
f 1072/3/2 1070/1/2 1223/2/2 1225/4/2
f 1073/1/5 1226/2/5 1224/4/5 1071/3/5
f 1074/3/2 1072/1/2 1225/2/2 1227/4/2
f 1075/1/5 1228/2/5 1226/4/5 1073/3/5
f 1076/3/2 1074/1/2 1227/2/2 1229/4/2
f 1077/1/5 1230/2/5 1228/4/5 1075/3/5
f 1078/3/2 1076/1/2 1229/2/2 1231/4/2
f 1079/1/5 1232/2/5 1230/4/5 1077/3/5
f 1080/3/2 1078/1/2 1231/2/2 1233/4/2
f 1081/1/5 1234/2/5 1232/4/5 1079/3/5
f 1082/3/2 1080/1/2 1233/2/2 1235/4/2
f 1083/1/5 1236/2/5 1234/4/5 1081/3/5
f 1084/3/2 1082/1/2 1235/2/2 1237/4/2
f 1085/1/5 1238/2/5 1236/4/5 1083/3/5
f 1086/3/2 1084/1/2 1237/2/2 1239/4/2
f 1087/1/5 1240/2/5 1238/4/5 1085/3/5
f 1088/3/2 1086/1/2 1239/2/2 1241/4/2
f 1089/1/5 1242/2/5 1240/4/5 1087/3/5
f 1090/3/2 1088/1/2 1241/2/2 1243/4/2
f 1091/1/5 1244/2/5 1242/4/5 1089/3/5
f 1092/3/2 1090/1/2 1243/2/2 1245/4/2
f 1093/1/5 1246/2/5 1244/4/5 1091/3/5
f 1094/3/2 1092/1/2 1245/2/2 1247/4/2
f 1095/1/5 1248/2/5 1246/4/5 1093/3/5
f 1096/3/2 1094/1/2 1247/2/2 1249/4/2
f 1097/1/5 1250/2/5 1248/4/5 1095/3/5
f 1098/3/2 1096/1/2 1249/2/2 1251/4/2
f 1099/1/5 1252/2/5 1250/4/5 1097/3/5
f 1100/3/2 1098/1/2 1251/2/2 1253/4/2
f 1101/1/5 1254/2/5 1252/4/5 1099/3/5
f 1102/3/2 1100/1/2 1253/2/2 1255/4/2
f 1103/1/5 1256/2/5 1254/4/5 1101/3/5
f 1104/3/2 1102/1/2 1255/2/2 1257/4/2
f 1105/1/5 1258/2/5 1256/4/5 1103/3/5
f 1106/3/2 1104/1/2 1257/2/2 1259/4/2
f 1107/1/5 1260/2/5 1258/4/5 1105/3/5
f 1108/3/2 1106/1/2 1259/2/2 1261/4/2
f 1109/1/5 1262/2/5 1260/4/5 1107/3/5
f 1110/3/2 1108/1/2 1261/2/2 1263/4/2
f 1111/1/5 1264/2/5 1262/4/5 1109/3/5
f 1112/3/2 1110/1/2 1263/2/2 1265/4/2
f 1113/1/5 1266/2/5 1264/4/5 1111/3/5
f 1114/3/2 1112/1/2 1265/2/2 1267/4/2
f 1115/1/5 1268/2/5 1266/4/5 1113/3/5
f 1116/3/2 1114/1/2 1267/2/2 1269/4/2
f 1117/1/5 1270/2/5 1268/4/5 1115/3/5
f 1118/3/2 1116/1/2 1269/2/2 1271/4/2
f 1119/1/5 1272/2/5 1270/4/5 1117/3/5
f 1120/3/2 1118/1/2 1271/2/2 1273/4/2
f 1121/1/5 1274/2/5 1272/4/5 1119/3/5
f 1122/3/2 1120/1/2 1273/2/2 1275/4/2
f 1123/1/5 1276/2/5 1274/4/5 1121/3/5
f 1124/3/2 1122/1/2 1275/2/2 1277/4/2
f 1125/1/5 1278/2/5 1276/4/5 1123/3/5
f 1126/3/2 1124/1/2 1277/2/2 1279/4/2
f 1125/2/3 1127/4/3 1280/3/3 1278/1/3
f 1127/2/3 1128/4/3 1281/3/3 1280/1/3
f 1128/2/3 1129/4/3 1282/3/3 1281/1/3
f 1129/2/3 1130/4/3 1283/3/3 1282/1/3
f 1130/2/3 1131/4/3 1284/3/3 1283/1/3
f 1131/2/3 1132/4/3 1285/3/3 1284/1/3
f 1132/2/3 1133/4/3 1286/3/3 1285/1/3
f 1133/2/3 1134/4/3 1287/3/3 1286/1/3
f 1134/2/3 1135/4/3 1288/3/3 1287/1/3
f 1135/2/3 1136/4/3 1289/3/3 1288/1/3
f 1136/2/3 1137/4/3 1290/3/3 1289/1/3
f 1137/2/3 1138/4/3 1291/3/3 1290/1/3
f 1138/2/3 1139/4/3 1292/3/3 1291/1/3
f 1139/2/3 1140/4/3 1293/3/3 1292/1/3
f 1140/2/3 1141/4/3 1294/3/3 1293/1/3
f 1141/2/3 1142/4/3 1295/3/3 1294/1/3
f 1142/2/3 1143/4/3 1296/3/3 1295/1/3
f 1143/2/3 1144/4/3 1297/3/3 1296/1/3
f 1144/2/3 1145/4/3 1298/3/3 1297/1/3
f 1145/2/3 1146/4/3 1299/3/3 1298/1/3
f 1146/2/3 1147/4/3 1300/3/3 1299/1/3
f 1147/2/3 1148/4/3 1301/3/3 1300/1/3
f 1148/2/3 1149/4/3 1302/3/3 1301/1/3
f 1149/2/3 1150/4/3 1303/3/3 1302/1/3
f 1150/2/3 1151/4/3 1304/3/3 1303/1/3
f 1151/2/3 1152/4/3 1305/3/3 1304/1/3
f 1152/2/3 1153/4/3 1306/3/3 1305/1/3
f 1153/2/3 1154/4/3 1307/3/3 1306/1/3
f 1154/2/3 1155/4/3 1308/3/3 1307/1/3
f 1155/2/3 1156/4/3 1309/3/3 1308/1/3
f 1156/2/3 1157/4/3 1310/3/3 1309/1/3
f 1157/2/3 1158/4/3 1311/3/3 1310/1/3
f 1158/2/3 1159/4/3 1312/3/3 1311/1/3
f 1159/2/3 1160/4/3 1313/3/3 1312/1/3
f 1160/2/3 1161/4/3 1314/3/3 1313/1/3
f 1161/2/3 1162/4/3 1315/3/3 1314/1/3
f 1316/1/4 1314/2/4 1315/4/4 1317/3/4
f 1162/2/3 1163/4/3 1318/3/3 1315/1/3
f 1163/2/3 1166/4/3 1319/3/3 1318/1/3
f 1167/2/1 1320/4/1 1321/3/1 1166/1/1
f 1166/2/3 1321/4/3 1322/3/3 1319/1/3
f 1320/1/5 1323/2/5 1322/4/5 1321/3/5
f 1168/3/2 1126/1/2 1279/2/2 1324/4/2
f 1168/1/6 1324/2/6 1325/4/6 1169/3/6
f 1169/1/6 1325/2/6 1326/4/6 1170/3/6
f 1170/1/6 1326/2/6 1327/4/6 1171/3/6
f 1171/1/6 1327/2/6 1328/4/6 1172/3/6
f 1172/1/6 1328/2/6 1329/4/6 1173/3/6
f 1173/1/6 1329/2/6 1330/4/6 1174/3/6
f 1174/1/6 1330/2/6 1331/4/6 1175/3/6
f 1175/1/6 1331/2/6 1332/4/6 1176/3/6
f 1176/1/6 1332/2/6 1333/4/6 1177/3/6
f 1177/1/6 1333/2/6 1334/4/6 1178/3/6
f 1178/1/6 1334/2/6 1335/4/6 1179/3/6
f 1179/1/6 1335/2/6 1336/4/6 1180/3/6
f 1180/1/6 1336/2/6 1337/4/6 1181/3/6
f 1181/1/6 1337/2/6 1338/4/6 1182/3/6
f 1182/1/6 1338/2/6 1339/4/6 1183/3/6
f 1183/1/6 1339/2/6 1340/4/6 1184/3/6
f 1184/1/6 1340/2/6 1341/4/6 1185/3/6
f 1185/1/6 1341/2/6 1342/4/6 1186/3/6
f 1186/1/6 1342/2/6 1343/4/6 1187/3/6
f 1187/1/6 1343/2/6 1344/4/6 1188/3/6
f 1188/1/6 1344/2/6 1345/4/6 1189/3/6
f 1189/1/6 1345/2/6 1346/4/6 1190/3/6
f 1190/1/6 1346/2/6 1347/4/6 1191/3/6
f 1191/1/6 1347/2/6 1348/4/6 1192/3/6
f 1192/1/6 1348/2/6 1349/4/6 1193/3/6
f 1193/1/6 1349/2/6 1350/4/6 1194/3/6
f 1194/1/6 1350/2/6 1351/4/6 1195/3/6
f 1195/1/6 1351/2/6 1352/4/6 1196/3/6
f 1196/1/6 1352/2/6 1353/4/6 1197/3/6
f 1197/1/6 1353/2/6 1354/4/6 1198/3/6
f 1198/1/6 1354/2/6 1355/4/6 1199/3/6
f 1199/1/6 1355/2/6 1356/4/6 1200/3/6
f 1200/1/6 1356/2/6 1357/4/6 1201/3/6
f 1201/1/6 1357/2/6 1358/4/6 1202/3/6
f 1202/1/6 1358/2/6 1359/4/6 1203/3/6
f 1203/1/6 1359/2/6 1360/4/6 1204/3/6
f 1204/1/6 1360/2/6 1361/4/6 1205/3/6
f 1205/1/6 1361/2/6 1362/4/6 1206/3/6
f 1362/1/4 1316/2/4 1317/4/4 1363/3/4
f 1206/1/6 1362/2/6 1363/4/6 1207/3/6
f 1207/1/6 1363/2/6 1364/4/6 1208/3/6
f 1208/1/6 1364/2/6 1365/4/6 1210/3/6
f 1210/2/1 1366/4/1 1320/3/1 1167/1/1
f 1366/1/5 1367/2/5 1323/4/5 1320/3/5
f 1210/1/6 1365/2/6 1367/4/6 1366/3/6
f 1211/3/2 1212/1/2 1369/2/2 1368/4/2
f 1212/2/3 1213/4/3 1370/3/3 1369/1/3
f 1213/2/3 1214/4/3 1371/3/3 1370/1/3
f 1214/2/3 1215/4/3 1372/3/3 1371/1/3
f 1216/1/5 1373/2/5 1372/4/5 1215/3/5
f 1217/3/2 1211/1/2 1368/2/2 1374/4/2
f 1218/1/5 1375/2/5 1373/4/5 1216/3/5
f 1219/3/2 1217/1/2 1374/2/2 1376/4/2
f 1220/1/5 1377/2/5 1375/4/5 1218/3/5
f 1221/3/2 1219/1/2 1376/2/2 1378/4/2
f 1222/1/5 1379/2/5 1377/4/5 1220/3/5
f 1223/3/2 1221/1/2 1378/2/2 1380/4/2
f 1224/1/5 1381/2/5 1379/4/5 1222/3/5
f 1225/3/2 1223/1/2 1380/2/2 1382/4/2
f 1226/1/5 1383/2/5 1381/4/5 1224/3/5
f 1227/3/2 1225/1/2 1382/2/2 1384/4/2
f 1228/1/5 1385/2/5 1383/4/5 1226/3/5
f 1229/3/2 1227/1/2 1384/2/2 1386/4/2
f 1230/1/5 1387/2/5 1385/4/5 1228/3/5
f 1231/3/2 1229/1/2 1386/2/2 1388/4/2
f 1232/1/5 1389/2/5 1387/4/5 1230/3/5
f 1233/3/2 1231/1/2 1388/2/2 1390/4/2
f 1234/1/5 1391/2/5 1389/4/5 1232/3/5
f 1235/3/2 1233/1/2 1390/2/2 1392/4/2
f 1236/1/5 1393/2/5 1391/4/5 1234/3/5
f 1237/3/2 1235/1/2 1392/2/2 1394/4/2
f 1238/1/5 1395/2/5 1393/4/5 1236/3/5
f 1239/3/2 1237/1/2 1394/2/2 1396/4/2
f 1240/1/5 1397/2/5 1395/4/5 1238/3/5
f 1241/3/2 1239/1/2 1396/2/2 1398/4/2
f 1242/1/5 1399/2/5 1397/4/5 1240/3/5
f 1243/3/2 1241/1/2 1398/2/2 1400/4/2
f 1244/1/5 1401/2/5 1399/4/5 1242/3/5
f 1245/3/2 1243/1/2 1400/2/2 1402/4/2
f 1246/1/5 1403/2/5 1401/4/5 1244/3/5
f 1247/3/2 1245/1/2 1402/2/2 1404/4/2
f 1248/1/5 1405/2/5 1403/4/5 1246/3/5
f 1249/3/2 1247/1/2 1404/2/2 1406/4/2
f 1250/1/5 1407/2/5 1405/4/5 1248/3/5
f 1251/3/2 1249/1/2 1406/2/2 1408/4/2
f 1252/1/5 1409/2/5 1407/4/5 1250/3/5
f 1253/3/2 1251/1/2 1408/2/2 1410/4/2
f 1254/1/5 1411/2/5 1409/4/5 1252/3/5
f 1255/3/2 1253/1/2 1410/2/2 1412/4/2
f 1256/1/5 1413/2/5 1411/4/5 1254/3/5
f 1257/3/2 1255/1/2 1412/2/2 1414/4/2
f 1258/1/5 1415/2/5 1413/4/5 1256/3/5
f 1259/3/2 1257/1/2 1414/2/2 1416/4/2
f 1260/1/5 1417/2/5 1415/4/5 1258/3/5
f 1261/3/2 1259/1/2 1416/2/2 1418/4/2
f 1262/1/5 1419/2/5 1417/4/5 1260/3/5
f 1263/3/2 1261/1/2 1418/2/2 1420/4/2
f 1264/1/5 1421/2/5 1419/4/5 1262/3/5
f 1265/3/2 1263/1/2 1420/2/2 1422/4/2
f 1266/1/5 1423/2/5 1421/4/5 1264/3/5
f 1267/3/2 1265/1/2 1422/2/2 1424/4/2
f 1268/1/5 1425/2/5 1423/4/5 1266/3/5
f 1269/3/2 1267/1/2 1424/2/2 1426/4/2
f 1270/1/5 1427/2/5 1425/4/5 1268/3/5
f 1271/3/2 1269/1/2 1426/2/2 1428/4/2
f 1272/1/5 1429/2/5 1427/4/5 1270/3/5
f 1273/3/2 1271/1/2 1428/2/2 1430/4/2
f 1274/1/5 1431/2/5 1429/4/5 1272/3/5
f 1275/3/2 1273/1/2 1430/2/2 1432/4/2
f 1276/1/5 1433/2/5 1431/4/5 1274/3/5
f 1277/3/2 1275/1/2 1432/2/2 1434/4/2
f 1278/1/5 1435/2/5 1433/4/5 1276/3/5
f 1279/3/2 1277/1/2 1434/2/2 1436/4/2
f 1278/2/3 1280/4/3 1437/3/3 1435/1/3
f 1280/2/3 1281/4/3 1438/3/3 1437/1/3
f 1281/2/3 1282/4/3 1439/3/3 1438/1/3
f 1282/2/3 1283/4/3 1440/3/3 1439/1/3
f 1283/2/3 1284/4/3 1441/3/3 1440/1/3
f 1284/2/3 1285/4/3 1442/3/3 1441/1/3
f 1285/2/3 1286/4/3 1443/3/3 1442/1/3
f 1286/2/3 1287/4/3 1444/3/3 1443/1/3
f 1287/2/3 1288/4/3 1445/3/3 1444/1/3
f 1288/2/3 1289/4/3 1446/3/3 1445/1/3
f 1289/2/3 1290/4/3 1447/3/3 1446/1/3
f 1290/2/3 1291/4/3 1448/3/3 1447/1/3
f 1291/2/3 1292/4/3 1449/3/3 1448/1/3
f 1292/2/3 1293/4/3 1450/3/3 1449/1/3
f 1293/2/3 1294/4/3 1451/3/3 1450/1/3
f 1294/2/3 1295/4/3 1452/3/3 1451/1/3
f 1295/2/3 1296/4/3 1453/3/3 1452/1/3
f 1296/2/3 1297/4/3 1454/3/3 1453/1/3
f 1297/2/3 1298/4/3 1455/3/3 1454/1/3
f 1298/2/3 1299/4/3 1456/3/3 1455/1/3
f 1299/2/3 1300/4/3 1457/3/3 1456/1/3
f 1300/2/3 1301/4/3 1458/3/3 1457/1/3
f 1301/2/3 1302/4/3 1459/3/3 1458/1/3
f 1302/2/3 1303/4/3 1460/3/3 1459/1/3
f 1303/2/3 1304/4/3 1461/3/3 1460/1/3
f 1304/2/3 1305/4/3 1462/3/3 1461/1/3
f 1305/2/3 1306/4/3 1463/3/3 1462/1/3
f 1306/2/3 1307/4/3 1464/3/3 1463/1/3
f 1307/2/3 1308/4/3 1465/3/3 1464/1/3
f 1308/2/3 1309/4/3 1466/3/3 1465/1/3
f 1309/2/3 1310/4/3 1467/3/3 1466/1/3
f 1310/2/3 1311/4/3 1468/3/3 1467/1/3
f 1311/2/3 1312/4/3 1469/3/3 1468/1/3
f 1312/2/3 1313/4/3 1470/3/3 1469/1/3
f 1313/2/3 1314/4/3 1471/3/3 1470/1/3
f 1316/1/5 1472/2/5 1471/4/5 1314/3/5
f 1317/3/2 1315/1/2 1474/2/2 1473/4/2
f 1315/2/3 1318/4/3 1475/3/3 1474/1/3
f 1473/1/4 1474/2/4 1475/4/4 1476/3/4
f 1318/2/3 1319/4/3 1477/3/3 1475/1/3
f 1319/2/3 1322/4/3 1478/3/3 1477/1/3
f 1323/2/1 1479/4/1 1480/3/1 1322/1/1
f 1322/2/3 1480/4/3 1481/3/3 1478/1/3
f 1479/1/5 1482/2/5 1481/4/5 1480/3/5
f 1324/3/2 1279/1/2 1436/2/2 1483/4/2
f 1324/1/6 1483/2/6 1484/4/6 1325/3/6
f 1325/1/6 1484/2/6 1485/4/6 1326/3/6
f 1326/1/6 1485/2/6 1486/4/6 1327/3/6
f 1327/1/6 1486/2/6 1487/4/6 1328/3/6
f 1328/1/6 1487/2/6 1488/4/6 1329/3/6
f 1329/1/6 1488/2/6 1489/4/6 1330/3/6
f 1330/1/6 1489/2/6 1490/4/6 1331/3/6
f 1331/1/6 1490/2/6 1491/4/6 1332/3/6
f 1332/1/6 1491/2/6 1492/4/6 1333/3/6
f 1333/1/6 1492/2/6 1493/4/6 1334/3/6
f 1334/1/6 1493/2/6 1494/4/6 1335/3/6
f 1335/1/6 1494/2/6 1495/4/6 1336/3/6
f 1336/1/6 1495/2/6 1496/4/6 1337/3/6
f 1337/1/6 1496/2/6 1497/4/6 1338/3/6
f 1338/1/6 1497/2/6 1498/4/6 1339/3/6
f 1339/1/6 1498/2/6 1499/4/6 1340/3/6
f 1340/1/6 1499/2/6 1500/4/6 1341/3/6
f 1341/1/6 1500/2/6 1501/4/6 1342/3/6
f 1342/1/6 1501/2/6 1502/4/6 1343/3/6
f 1343/1/6 1502/2/6 1503/4/6 1344/3/6
f 1344/1/6 1503/2/6 1504/4/6 1345/3/6
f 1345/1/6 1504/2/6 1505/4/6 1346/3/6
f 1346/1/6 1505/2/6 1506/4/6 1347/3/6
f 1347/1/6 1506/2/6 1507/4/6 1348/3/6
f 1348/1/6 1507/2/6 1508/4/6 1349/3/6
f 1349/1/6 1508/2/6 1509/4/6 1350/3/6
f 1350/1/6 1509/2/6 1510/4/6 1351/3/6
f 1351/1/6 1510/2/6 1511/4/6 1352/3/6
f 1352/1/6 1511/2/6 1512/4/6 1353/3/6
f 1353/1/6 1512/2/6 1513/4/6 1354/3/6
f 1354/1/6 1513/2/6 1514/4/6 1355/3/6
f 1355/1/6 1514/2/6 1515/4/6 1356/3/6
f 1356/1/6 1515/2/6 1516/4/6 1357/3/6
f 1357/1/6 1516/2/6 1517/4/6 1358/3/6
f 1358/1/6 1517/2/6 1518/4/6 1359/3/6
f 1359/1/6 1518/2/6 1519/4/6 1360/3/6
f 1360/1/6 1519/2/6 1520/4/6 1361/3/6
f 1362/1/5 1521/2/5 1472/4/5 1316/3/5
f 1361/1/6 1520/2/6 1521/4/6 1362/3/6
f 1363/3/2 1317/1/2 1473/2/2 1522/4/2
f 1522/1/4 1473/2/4 1476/4/4 1523/3/4
f 1363/1/6 1522/2/6 1523/4/6 1364/3/6
f 1364/1/6 1523/2/6 1524/4/6 1365/3/6
f 1365/1/6 1524/2/6 1525/4/6 1367/3/6
f 1367/2/1 1526/4/1 1479/3/1 1323/1/1
f 1526/1/5 1527/2/5 1482/4/5 1479/3/5
f 1367/1/6 1525/2/6 1527/4/6 1526/3/6
f 1368/3/2 1369/1/2 1529/2/2 1528/4/2
f 1369/2/3 1370/4/3 1530/3/3 1529/1/3
f 1370/2/3 1371/4/3 1531/3/3 1530/1/3
f 1371/2/3 1372/4/3 1532/3/3 1531/1/3
f 1373/1/5 1533/2/5 1532/4/5 1372/3/5
f 1374/3/2 1368/1/2 1528/2/2 1534/4/2
f 1375/1/5 1535/2/5 1533/4/5 1373/3/5
f 1376/3/2 1374/1/2 1534/2/2 1536/4/2
f 1377/1/5 1537/2/5 1535/4/5 1375/3/5
f 1378/3/2 1376/1/2 1536/2/2 1538/4/2
f 1379/1/5 1539/2/5 1537/4/5 1377/3/5
f 1380/3/2 1378/1/2 1538/2/2 1540/4/2
f 1381/1/5 1541/2/5 1539/4/5 1379/3/5
f 1382/3/2 1380/1/2 1540/2/2 1542/4/2
f 1383/1/5 1543/2/5 1541/4/5 1381/3/5
f 1384/3/2 1382/1/2 1542/2/2 1544/4/2
f 1385/1/5 1545/2/5 1543/4/5 1383/3/5
f 1386/3/2 1384/1/2 1544/2/2 1546/4/2
f 1387/1/5 1547/2/5 1545/4/5 1385/3/5
f 1388/3/2 1386/1/2 1546/2/2 1548/4/2
f 1389/1/5 1549/2/5 1547/4/5 1387/3/5
f 1390/3/2 1388/1/2 1548/2/2 1550/4/2
f 1391/1/5 1551/2/5 1549/4/5 1389/3/5
f 1392/3/2 1390/1/2 1550/2/2 1552/4/2
f 1393/1/5 1553/2/5 1551/4/5 1391/3/5
f 1394/3/2 1392/1/2 1552/2/2 1554/4/2
f 1395/1/5 1555/2/5 1553/4/5 1393/3/5
f 1396/3/2 1394/1/2 1554/2/2 1556/4/2
f 1397/1/5 1557/2/5 1555/4/5 1395/3/5
f 1398/3/2 1396/1/2 1556/2/2 1558/4/2
f 1399/1/5 1559/2/5 1557/4/5 1397/3/5
f 1400/3/2 1398/1/2 1558/2/2 1560/4/2
f 1401/1/5 1561/2/5 1559/4/5 1399/3/5
f 1402/3/2 1400/1/2 1560/2/2 1562/4/2
f 1403/1/5 1563/2/5 1561/4/5 1401/3/5
f 1404/3/2 1402/1/2 1562/2/2 1564/4/2
f 1405/1/5 1565/2/5 1563/4/5 1403/3/5
f 1406/3/2 1404/1/2 1564/2/2 1566/4/2
f 1407/1/5 1567/2/5 1565/4/5 1405/3/5
f 1408/3/2 1406/1/2 1566/2/2 1568/4/2
f 1409/1/5 1569/2/5 1567/4/5 1407/3/5
f 1410/3/2 1408/1/2 1568/2/2 1570/4/2
f 1411/1/5 1571/2/5 1569/4/5 1409/3/5
f 1412/3/2 1410/1/2 1570/2/2 1572/4/2
f 1413/1/5 1573/2/5 1571/4/5 1411/3/5
f 1414/3/2 1412/1/2 1572/2/2 1574/4/2
f 1415/1/5 1575/2/5 1573/4/5 1413/3/5
f 1416/3/2 1414/1/2 1574/2/2 1576/4/2
f 1417/1/5 1577/2/5 1575/4/5 1415/3/5
f 1418/3/2 1416/1/2 1576/2/2 1578/4/2
f 1419/1/5 1579/2/5 1577/4/5 1417/3/5
f 1420/3/2 1418/1/2 1578/2/2 1580/4/2
f 1421/1/5 1581/2/5 1579/4/5 1419/3/5
f 1422/3/2 1420/1/2 1580/2/2 1582/4/2
f 1423/1/5 1583/2/5 1581/4/5 1421/3/5
f 1424/3/2 1422/1/2 1582/2/2 1584/4/2
f 1425/1/5 1585/2/5 1583/4/5 1423/3/5
f 1426/3/2 1424/1/2 1584/2/2 1586/4/2
f 1427/1/5 1587/2/5 1585/4/5 1425/3/5
f 1428/3/2 1426/1/2 1586/2/2 1588/4/2
f 1429/1/5 1589/2/5 1587/4/5 1427/3/5
f 1430/3/2 1428/1/2 1588/2/2 1590/4/2
f 1431/1/5 1591/2/5 1589/4/5 1429/3/5
f 1432/3/2 1430/1/2 1590/2/2 1592/4/2
f 1433/1/5 1593/2/5 1591/4/5 1431/3/5
f 1434/3/2 1432/1/2 1592/2/2 1594/4/2
f 1435/1/5 1595/2/5 1593/4/5 1433/3/5
f 1436/3/2 1434/1/2 1594/2/2 1596/4/2
f 1435/2/3 1437/4/3 1597/3/3 1595/1/3
f 1437/2/3 1438/4/3 1598/3/3 1597/1/3
f 1438/2/3 1439/4/3 1599/3/3 1598/1/3
f 1439/2/3 1440/4/3 1600/3/3 1599/1/3
f 1440/2/3 1441/4/3 1601/3/3 1600/1/3
f 1441/2/3 1442/4/3 1602/3/3 1601/1/3
f 1442/2/3 1443/4/3 1603/3/3 1602/1/3
f 1443/2/3 1444/4/3 1604/3/3 1603/1/3
f 1444/2/3 1445/4/3 1605/3/3 1604/1/3
f 1445/2/3 1446/4/3 1606/3/3 1605/1/3
f 1446/2/3 1447/4/3 1607/3/3 1606/1/3
f 1447/2/3 1448/4/3 1608/3/3 1607/1/3
f 1448/2/3 1449/4/3 1609/3/3 1608/1/3
f 1449/2/3 1450/4/3 1610/3/3 1609/1/3
f 1450/2/3 1451/4/3 1611/3/3 1610/1/3
f 1451/2/3 1452/4/3 1612/3/3 1611/1/3
f 1452/2/3 1453/4/3 1613/3/3 1612/1/3
f 1453/2/3 1454/4/3 1614/3/3 1613/1/3
f 1454/2/3 1455/4/3 1615/3/3 1614/1/3
f 1455/2/3 1456/4/3 1616/3/3 1615/1/3
f 1456/2/3 1457/4/3 1617/3/3 1616/1/3
f 1457/2/3 1458/4/3 1618/3/3 1617/1/3
f 1458/2/3 1459/4/3 1619/3/3 1618/1/3
f 1459/2/3 1460/4/3 1620/3/3 1619/1/3
f 1460/2/3 1461/4/3 1621/3/3 1620/1/3
f 1461/2/3 1462/4/3 1622/3/3 1621/1/3
f 1462/2/3 1463/4/3 1623/3/3 1622/1/3
f 1463/2/3 1464/4/3 1624/3/3 1623/1/3
f 1464/2/3 1465/4/3 1625/3/3 1624/1/3
f 1465/2/3 1466/4/3 1626/3/3 1625/1/3
f 1466/2/3 1467/4/3 1627/3/3 1626/1/3
f 1467/2/3 1468/4/3 1628/3/3 1627/1/3
f 1468/2/3 1469/4/3 1629/3/3 1628/1/3
f 1469/2/3 1470/4/3 1630/3/3 1629/1/3
f 1470/2/3 1471/4/3 1631/3/3 1630/1/3
f 1472/1/5 1632/2/5 1631/4/5 1471/3/5
f 1476/3/2 1475/1/2 1634/2/2 1633/4/2
f 1475/2/3 1477/4/3 1635/3/3 1634/1/3
f 1633/1/4 1634/2/4 1635/4/4 1636/3/4
f 1477/2/3 1478/4/3 1637/3/3 1635/1/3
f 1478/2/3 1481/4/3 1638/3/3 1637/1/3
f 1482/1/5 1639/2/5 1638/4/5 1481/3/5
f 1483/3/2 1436/1/2 1596/2/2 1640/4/2
f 1483/1/6 1640/2/6 1641/4/6 1484/3/6
f 1484/1/6 1641/2/6 1642/4/6 1485/3/6
f 1485/1/6 1642/2/6 1643/4/6 1486/3/6
f 1486/1/6 1643/2/6 1644/4/6 1487/3/6
f 1487/1/6 1644/2/6 1645/4/6 1488/3/6
f 1488/1/6 1645/2/6 1646/4/6 1489/3/6
f 1489/1/6 1646/2/6 1647/4/6 1490/3/6
f 1490/1/6 1647/2/6 1648/4/6 1491/3/6
f 1491/1/6 1648/2/6 1649/4/6 1492/3/6
f 1492/1/6 1649/2/6 1650/4/6 1493/3/6
f 1493/1/6 1650/2/6 1651/4/6 1494/3/6
f 1494/1/6 1651/2/6 1652/4/6 1495/3/6
f 1495/1/6 1652/2/6 1653/4/6 1496/3/6
f 1496/1/6 1653/2/6 1654/4/6 1497/3/6
f 1497/1/6 1654/2/6 1655/4/6 1498/3/6
f 1498/1/6 1655/2/6 1656/4/6 1499/3/6
f 1499/1/6 1656/2/6 1657/4/6 1500/3/6
f 1500/1/6 1657/2/6 1658/4/6 1501/3/6
f 1501/1/6 1658/2/6 1659/4/6 1502/3/6
f 1502/1/6 1659/2/6 1660/4/6 1503/3/6
f 1503/1/6 1660/2/6 1661/4/6 1504/3/6
f 1504/1/6 1661/2/6 1662/4/6 1505/3/6
f 1505/1/6 1662/2/6 1663/4/6 1506/3/6
f 1506/1/6 1663/2/6 1664/4/6 1507/3/6
f 1507/1/6 1664/2/6 1665/4/6 1508/3/6
f 1508/1/6 1665/2/6 1666/4/6 1509/3/6
f 1509/1/6 1666/2/6 1667/4/6 1510/3/6
f 1510/1/6 1667/2/6 1668/4/6 1511/3/6
f 1511/1/6 1668/2/6 1669/4/6 1512/3/6
f 1512/1/6 1669/2/6 1670/4/6 1513/3/6
f 1513/1/6 1670/2/6 1671/4/6 1514/3/6
f 1514/1/6 1671/2/6 1672/4/6 1515/3/6
f 1515/1/6 1672/2/6 1673/4/6 1516/3/6
f 1516/1/6 1673/2/6 1674/4/6 1517/3/6
f 1517/1/6 1674/2/6 1675/4/6 1518/3/6
f 1518/1/6 1675/2/6 1676/4/6 1519/3/6
f 1519/1/6 1676/2/6 1677/4/6 1520/3/6
f 1521/1/5 1678/2/5 1632/4/5 1472/3/5
f 1520/1/6 1677/2/6 1678/4/6 1521/3/6
f 1523/3/2 1476/1/2 1633/2/2 1679/4/2
f 1679/1/4 1633/2/4 1636/4/4 1680/3/4
f 1523/1/6 1679/2/6 1680/4/6 1524/3/6
f 1524/1/6 1680/2/6 1681/4/6 1525/3/6
f 1527/1/5 1682/2/5 1639/4/5 1482/3/5
f 1525/1/6 1681/2/6 1682/4/6 1527/3/6
f 1528/3/2 1529/1/2 1684/2/2 1683/4/2
f 1529/2/3 1530/4/3 1685/3/3 1684/1/3
f 1530/2/3 1531/4/3 1686/3/3 1685/1/3
f 1531/2/3 1532/4/3 1687/3/3 1686/1/3
f 1533/1/5 1688/2/5 1687/4/5 1532/3/5
f 1534/3/2 1528/1/2 1683/2/2 1689/4/2
f 1535/1/5 1690/2/5 1688/4/5 1533/3/5
f 1536/3/2 1534/1/2 1689/2/2 1691/4/2
f 1537/1/5 1692/2/5 1690/4/5 1535/3/5
f 1538/3/2 1536/1/2 1691/2/2 1693/4/2
f 1539/1/5 1694/2/5 1692/4/5 1537/3/5
f 1540/3/2 1538/1/2 1693/2/2 1695/4/2
f 1541/1/5 1696/2/5 1694/4/5 1539/3/5
f 1542/3/2 1540/1/2 1695/2/2 1697/4/2
f 1543/1/5 1698/2/5 1696/4/5 1541/3/5
f 1544/3/2 1542/1/2 1697/2/2 1699/4/2
f 1545/1/5 1700/2/5 1698/4/5 1543/3/5
f 1546/3/2 1544/1/2 1699/2/2 1701/4/2
f 1547/1/5 1702/2/5 1700/4/5 1545/3/5
f 1548/3/2 1546/1/2 1701/2/2 1703/4/2
f 1549/1/5 1704/2/5 1702/4/5 1547/3/5
f 1550/3/2 1548/1/2 1703/2/2 1705/4/2
f 1551/1/5 1706/2/5 1704/4/5 1549/3/5
f 1552/3/2 1550/1/2 1705/2/2 1707/4/2
f 1553/1/5 1708/2/5 1706/4/5 1551/3/5
f 1554/3/2 1552/1/2 1707/2/2 1709/4/2
f 1555/1/5 1710/2/5 1708/4/5 1553/3/5
f 1556/3/2 1554/1/2 1709/2/2 1711/4/2
f 1557/1/5 1712/2/5 1710/4/5 1555/3/5
f 1558/3/2 1556/1/2 1711/2/2 1713/4/2
f 1559/1/5 1714/2/5 1712/4/5 1557/3/5
f 1560/3/2 1558/1/2 1713/2/2 1715/4/2
f 1561/1/5 1716/2/5 1714/4/5 1559/3/5
f 1562/3/2 1560/1/2 1715/2/2 1717/4/2
f 1563/1/5 1718/2/5 1716/4/5 1561/3/5
f 1564/3/2 1562/1/2 1717/2/2 1719/4/2
f 1565/1/5 1720/2/5 1718/4/5 1563/3/5
f 1566/3/2 1564/1/2 1719/2/2 1721/4/2
f 1567/1/5 1722/2/5 1720/4/5 1565/3/5
f 1568/3/2 1566/1/2 1721/2/2 1723/4/2
f 1569/1/5 1724/2/5 1722/4/5 1567/3/5
f 1570/3/2 1568/1/2 1723/2/2 1725/4/2
f 1571/1/5 1726/2/5 1724/4/5 1569/3/5
f 1572/3/2 1570/1/2 1725/2/2 1727/4/2
f 1573/1/5 1728/2/5 1726/4/5 1571/3/5
f 1574/3/2 1572/1/2 1727/2/2 1729/4/2
f 1575/1/5 1730/2/5 1728/4/5 1573/3/5
f 1576/3/2 1574/1/2 1729/2/2 1731/4/2
f 1577/1/5 1732/2/5 1730/4/5 1575/3/5
f 1578/3/2 1576/1/2 1731/2/2 1733/4/2
f 1579/1/5 1734/2/5 1732/4/5 1577/3/5
f 1580/3/2 1578/1/2 1733/2/2 1735/4/2
f 1581/1/5 1736/2/5 1734/4/5 1579/3/5
f 1582/3/2 1580/1/2 1735/2/2 1737/4/2
f 1583/1/5 1738/2/5 1736/4/5 1581/3/5
f 1584/3/2 1582/1/2 1737/2/2 1739/4/2
f 1585/1/5 1740/2/5 1738/4/5 1583/3/5
f 1586/3/2 1584/1/2 1739/2/2 1741/4/2
f 1587/1/5 1742/2/5 1740/4/5 1585/3/5
f 1588/3/2 1586/1/2 1741/2/2 1743/4/2
f 1589/1/5 1744/2/5 1742/4/5 1587/3/5
f 1590/3/2 1588/1/2 1743/2/2 1745/4/2
f 1591/1/5 1746/2/5 1744/4/5 1589/3/5
f 1592/3/2 1590/1/2 1745/2/2 1747/4/2
f 1593/1/5 1748/2/5 1746/4/5 1591/3/5
f 1594/3/2 1592/1/2 1747/2/2 1749/4/2
f 1595/1/5 1750/2/5 1748/4/5 1593/3/5
f 1596/3/2 1594/1/2 1749/2/2 1751/4/2
f 1595/2/3 1597/4/3 1752/3/3 1750/1/3
f 1597/2/3 1598/4/3 1753/3/3 1752/1/3
f 1598/2/3 1599/4/3 1754/3/3 1753/1/3
f 1599/2/3 1600/4/3 1755/3/3 1754/1/3
f 1600/2/3 1601/4/3 1756/3/3 1755/1/3
f 1601/2/3 1602/4/3 1757/3/3 1756/1/3
f 1602/2/3 1603/4/3 1758/3/3 1757/1/3
f 1603/2/3 1604/4/3 1759/3/3 1758/1/3
f 1604/2/3 1605/4/3 1760/3/3 1759/1/3
f 1605/2/3 1606/4/3 1761/3/3 1760/1/3
f 1606/2/3 1607/4/3 1762/3/3 1761/1/3
f 1607/2/3 1608/4/3 1763/3/3 1762/1/3
f 1608/2/3 1609/4/3 1764/3/3 1763/1/3
f 1609/2/3 1610/4/3 1765/3/3 1764/1/3
f 1610/2/3 1611/4/3 1766/3/3 1765/1/3
f 1611/2/3 1612/4/3 1767/3/3 1766/1/3
f 1612/2/3 1613/4/3 1768/3/3 1767/1/3
f 1613/2/3 1614/4/3 1769/3/3 1768/1/3
f 1614/2/3 1615/4/3 1770/3/3 1769/1/3
f 1615/2/3 1616/4/3 1771/3/3 1770/1/3
f 1616/2/3 1617/4/3 1772/3/3 1771/1/3
f 1617/2/3 1618/4/3 1773/3/3 1772/1/3
f 1618/2/3 1619/4/3 1774/3/3 1773/1/3
f 1619/2/3 1620/4/3 1775/3/3 1774/1/3
f 1620/2/3 1621/4/3 1776/3/3 1775/1/3
f 1621/2/3 1622/4/3 1777/3/3 1776/1/3
f 1622/2/3 1623/4/3 1778/3/3 1777/1/3
f 1623/2/3 1624/4/3 1779/3/3 1778/1/3
f 1624/2/3 1625/4/3 1780/3/3 1779/1/3
f 1625/2/3 1626/4/3 1781/3/3 1780/1/3
f 1626/2/3 1627/4/3 1782/3/3 1781/1/3
f 1627/2/3 1628/4/3 1783/3/3 1782/1/3
f 1628/2/3 1629/4/3 1784/3/3 1783/1/3
f 1629/2/3 1630/4/3 1785/3/3 1784/1/3
f 1630/2/3 1631/4/3 1786/3/3 1785/1/3
f 1632/1/5 1787/2/5 1786/4/5 1631/3/5
f 1636/3/2 1635/1/2 1789/2/2 1788/4/2
f 1635/2/3 1637/4/3 1790/3/3 1789/1/3
f 1788/1/4 1789/2/4 1790/4/4 1791/3/4
f 1637/2/3 1638/4/3 1792/3/3 1790/1/3
f 1639/1/5 1793/2/5 1792/4/5 1638/3/5
f 1640/3/2 1596/1/2 1751/2/2 1794/4/2
f 1640/1/6 1794/2/6 1795/4/6 1641/3/6
f 1641/1/6 1795/2/6 1796/4/6 1642/3/6
f 1642/1/6 1796/2/6 1797/4/6 1643/3/6
f 1643/1/6 1797/2/6 1798/4/6 1644/3/6
f 1644/1/6 1798/2/6 1799/4/6 1645/3/6
f 1645/1/6 1799/2/6 1800/4/6 1646/3/6
f 1646/1/6 1800/2/6 1801/4/6 1647/3/6
f 1647/1/6 1801/2/6 1802/4/6 1648/3/6
f 1648/1/6 1802/2/6 1803/4/6 1649/3/6
f 1649/1/6 1803/2/6 1804/4/6 1650/3/6
f 1650/1/6 1804/2/6 1805/4/6 1651/3/6
f 1651/1/6 1805/2/6 1806/4/6 1652/3/6
f 1652/1/6 1806/2/6 1807/4/6 1653/3/6
f 1653/1/6 1807/2/6 1808/4/6 1654/3/6
f 1654/1/6 1808/2/6 1809/4/6 1655/3/6
f 1655/1/6 1809/2/6 1810/4/6 1656/3/6
f 1656/1/6 1810/2/6 1811/4/6 1657/3/6
f 1657/1/6 1811/2/6 1812/4/6 1658/3/6
f 1658/1/6 1812/2/6 1813/4/6 1659/3/6
f 1659/1/6 1813/2/6 1814/4/6 1660/3/6
f 1660/1/6 1814/2/6 1815/4/6 1661/3/6
f 1661/1/6 1815/2/6 1816/4/6 1662/3/6
f 1662/1/6 1816/2/6 1817/4/6 1663/3/6
f 1663/1/6 1817/2/6 1818/4/6 1664/3/6
f 1664/1/6 1818/2/6 1819/4/6 1665/3/6
f 1665/1/6 1819/2/6 1820/4/6 1666/3/6
f 1666/1/6 1820/2/6 1821/4/6 1667/3/6
f 1667/1/6 1821/2/6 1822/4/6 1668/3/6
f 1668/1/6 1822/2/6 1823/4/6 1669/3/6
f 1669/1/6 1823/2/6 1824/4/6 1670/3/6
f 1670/1/6 1824/2/6 1825/4/6 1671/3/6
f 1671/1/6 1825/2/6 1826/4/6 1672/3/6
f 1672/1/6 1826/2/6 1827/4/6 1673/3/6
f 1673/1/6 1827/2/6 1828/4/6 1674/3/6
f 1674/1/6 1828/2/6 1829/4/6 1675/3/6
f 1675/1/6 1829/2/6 1830/4/6 1676/3/6
f 1676/1/6 1830/2/6 1831/4/6 1677/3/6
f 1678/1/5 1832/2/5 1787/4/5 1632/3/5
f 1677/1/6 1831/2/6 1832/4/6 1678/3/6
f 1680/3/2 1636/1/2 1788/2/2 1833/4/2
f 1833/1/4 1788/2/4 1791/4/4 1834/3/4
f 1680/1/6 1833/2/6 1834/4/6 1681/3/6
f 1682/1/5 1835/2/5 1793/4/5 1639/3/5
f 1681/1/6 1834/2/6 1835/4/6 1682/3/6
f 1683/3/2 1684/1/2 1837/2/2 1836/4/2
f 1684/2/3 1685/4/3 1838/3/3 1837/1/3
f 1685/2/3 1686/4/3 1839/3/3 1838/1/3
f 1686/2/3 1687/4/3 1840/3/3 1839/1/3
f 1688/1/5 1841/2/5 1840/4/5 1687/3/5
f 1689/3/2 1683/1/2 1836/2/2 1842/4/2
f 1690/1/5 1843/2/5 1841/4/5 1688/3/5
f 1691/3/2 1689/1/2 1842/2/2 1844/4/2
f 1692/1/5 1845/2/5 1843/4/5 1690/3/5
f 1693/3/2 1691/1/2 1844/2/2 1846/4/2
f 1694/1/5 1847/2/5 1845/4/5 1692/3/5
f 1695/3/2 1693/1/2 1846/2/2 1848/4/2
f 1696/1/5 1849/2/5 1847/4/5 1694/3/5
f 1697/3/2 1695/1/2 1848/2/2 1850/4/2
f 1698/1/5 1851/2/5 1849/4/5 1696/3/5
f 1699/3/2 1697/1/2 1850/2/2 1852/4/2
f 1700/1/5 1853/2/5 1851/4/5 1698/3/5
f 1701/3/2 1699/1/2 1852/2/2 1854/4/2
f 1702/1/5 1855/2/5 1853/4/5 1700/3/5
f 1703/3/2 1701/1/2 1854/2/2 1856/4/2
f 1704/1/5 1857/2/5 1855/4/5 1702/3/5
f 1705/3/2 1703/1/2 1856/2/2 1858/4/2
f 1706/1/5 1859/2/5 1857/4/5 1704/3/5
f 1707/3/2 1705/1/2 1858/2/2 1860/4/2
f 1708/1/5 1861/2/5 1859/4/5 1706/3/5
f 1709/3/2 1707/1/2 1860/2/2 1862/4/2
f 1710/1/5 1863/2/5 1861/4/5 1708/3/5
f 1711/3/2 1709/1/2 1862/2/2 1864/4/2
f 1712/1/5 1865/2/5 1863/4/5 1710/3/5
f 1713/3/2 1711/1/2 1864/2/2 1866/4/2
f 1714/1/5 1867/2/5 1865/4/5 1712/3/5
f 1715/3/2 1713/1/2 1866/2/2 1868/4/2
f 1716/1/5 1869/2/5 1867/4/5 1714/3/5
f 1717/3/2 1715/1/2 1868/2/2 1870/4/2
f 1718/1/5 1871/2/5 1869/4/5 1716/3/5
f 1719/3/2 1717/1/2 1870/2/2 1872/4/2
f 1720/1/5 1873/2/5 1871/4/5 1718/3/5
f 1721/3/2 1719/1/2 1872/2/2 1874/4/2
f 1722/1/5 1875/2/5 1873/4/5 1720/3/5
f 1723/3/2 1721/1/2 1874/2/2 1876/4/2
f 1724/1/5 1877/2/5 1875/4/5 1722/3/5
f 1725/3/2 1723/1/2 1876/2/2 1878/4/2
f 1726/1/5 1879/2/5 1877/4/5 1724/3/5
f 1727/3/2 1725/1/2 1878/2/2 1880/4/2
f 1728/1/5 1881/2/5 1879/4/5 1726/3/5
f 1729/3/2 1727/1/2 1880/2/2 1882/4/2
f 1730/1/5 1883/2/5 1881/4/5 1728/3/5
f 1731/3/2 1729/1/2 1882/2/2 1884/4/2
f 1732/1/5 1885/2/5 1883/4/5 1730/3/5
f 1733/3/2 1731/1/2 1884/2/2 1886/4/2
f 1734/1/5 1887/2/5 1885/4/5 1732/3/5
f 1735/3/2 1733/1/2 1886/2/2 1888/4/2
f 1736/1/5 1889/2/5 1887/4/5 1734/3/5
f 1737/3/2 1735/1/2 1888/2/2 1890/4/2
f 1738/1/5 1891/2/5 1889/4/5 1736/3/5
f 1739/3/2 1737/1/2 1890/2/2 1892/4/2
f 1740/1/5 1893/2/5 1891/4/5 1738/3/5
f 1741/3/2 1739/1/2 1892/2/2 1894/4/2
f 1742/1/5 1895/2/5 1893/4/5 1740/3/5
f 1743/3/2 1741/1/2 1894/2/2 1896/4/2
f 1744/1/5 1897/2/5 1895/4/5 1742/3/5
f 1745/3/2 1743/1/2 1896/2/2 1898/4/2
f 1746/1/5 1899/2/5 1897/4/5 1744/3/5
f 1747/3/2 1745/1/2 1898/2/2 1900/4/2
f 1748/1/5 1901/2/5 1899/4/5 1746/3/5
f 1749/3/2 1747/1/2 1900/2/2 1902/4/2
f 1750/1/5 1903/2/5 1901/4/5 1748/3/5
f 1751/3/2 1749/1/2 1902/2/2 1904/4/2
f 1750/2/3 1752/4/3 1905/3/3 1903/1/3
f 1752/2/3 1753/4/3 1906/3/3 1905/1/3
f 1753/2/3 1754/4/3 1907/3/3 1906/1/3
f 1754/2/3 1755/4/3 1908/3/3 1907/1/3
f 1755/2/3 1756/4/3 1909/3/3 1908/1/3
f 1756/2/3 1757/4/3 1910/3/3 1909/1/3
f 1757/2/3 1758/4/3 1911/3/3 1910/1/3
f 1758/2/3 1759/4/3 1912/3/3 1911/1/3
f 1759/2/3 1760/4/3 1913/3/3 1912/1/3
f 1760/2/3 1761/4/3 1914/3/3 1913/1/3
f 1761/2/3 1762/4/3 1915/3/3 1914/1/3
f 1762/2/3 1763/4/3 1916/3/3 1915/1/3
f 1763/2/3 1764/4/3 1917/3/3 1916/1/3
f 1764/2/3 1765/4/3 1918/3/3 1917/1/3
f 1765/2/3 1766/4/3 1919/3/3 1918/1/3
f 1766/2/3 1767/4/3 1920/3/3 1919/1/3
f 1767/2/3 1768/4/3 1921/3/3 1920/1/3
f 1768/2/3 1769/4/3 1922/3/3 1921/1/3
f 1769/2/3 1770/4/3 1923/3/3 1922/1/3
f 1770/2/3 1771/4/3 1924/3/3 1923/1/3
f 1771/2/3 1772/4/3 1925/3/3 1924/1/3
f 1772/2/3 1773/4/3 1926/3/3 1925/1/3
f 1773/2/3 1774/4/3 1927/3/3 1926/1/3
f 1774/2/3 1775/4/3 1928/3/3 1927/1/3
f 1775/2/3 1776/4/3 1929/3/3 1928/1/3
f 1776/2/3 1777/4/3 1930/3/3 1929/1/3
f 1777/2/3 1778/4/3 1931/3/3 1930/1/3
f 1778/2/3 1779/4/3 1932/3/3 1931/1/3
f 1779/2/3 1780/4/3 1933/3/3 1932/1/3
f 1780/2/3 1781/4/3 1934/3/3 1933/1/3
f 1781/2/3 1782/4/3 1935/3/3 1934/1/3
f 1782/2/3 1783/4/3 1936/3/3 1935/1/3
f 1783/2/3 1784/4/3 1937/3/3 1936/1/3
f 1784/2/3 1785/4/3 1938/3/3 1937/1/3
f 1785/2/3 1786/4/3 1939/3/3 1938/1/3
f 1787/1/5 1940/2/5 1939/4/5 1786/3/5
f 1791/3/2 1790/1/2 1942/2/2 1941/4/2
f 1790/2/3 1792/4/3 1943/3/3 1942/1/3
f 1793/1/5 1944/2/5 1943/4/5 1792/3/5
f 1794/3/2 1751/1/2 1904/2/2 1945/4/2
f 1794/1/6 1945/2/6 1946/4/6 1795/3/6
f 1795/1/6 1946/2/6 1947/4/6 1796/3/6
f 1796/1/6 1947/2/6 1948/4/6 1797/3/6
f 1797/1/6 1948/2/6 1949/4/6 1798/3/6
f 1798/1/6 1949/2/6 1950/4/6 1799/3/6
f 1799/1/6 1950/2/6 1951/4/6 1800/3/6
f 1800/1/6 1951/2/6 1952/4/6 1801/3/6
f 1801/1/6 1952/2/6 1953/4/6 1802/3/6
f 1802/1/6 1953/2/6 1954/4/6 1803/3/6
f 1803/1/6 1954/2/6 1955/4/6 1804/3/6
f 1804/1/6 1955/2/6 1956/4/6 1805/3/6
f 1805/1/6 1956/2/6 1957/4/6 1806/3/6
f 1806/1/6 1957/2/6 1958/4/6 1807/3/6
f 1807/1/6 1958/2/6 1959/4/6 1808/3/6
f 1808/1/6 1959/2/6 1960/4/6 1809/3/6
f 1809/1/6 1960/2/6 1961/4/6 1810/3/6
f 1810/1/6 1961/2/6 1962/4/6 1811/3/6
f 1811/1/6 1962/2/6 1963/4/6 1812/3/6
f 1812/1/6 1963/2/6 1964/4/6 1813/3/6
f 1813/1/6 1964/2/6 1965/4/6 1814/3/6
f 1814/1/6 1965/2/6 1966/4/6 1815/3/6
f 1815/1/6 1966/2/6 1967/4/6 1816/3/6
f 1816/1/6 1967/2/6 1968/4/6 1817/3/6
f 1817/1/6 1968/2/6 1969/4/6 1818/3/6
f 1818/1/6 1969/2/6 1970/4/6 1819/3/6
f 1819/1/6 1970/2/6 1971/4/6 1820/3/6
f 1820/1/6 1971/2/6 1972/4/6 1821/3/6
f 1821/1/6 1972/2/6 1973/4/6 1822/3/6
f 1822/1/6 1973/2/6 1974/4/6 1823/3/6
f 1823/1/6 1974/2/6 1975/4/6 1824/3/6
f 1824/1/6 1975/2/6 1976/4/6 1825/3/6
f 1825/1/6 1976/2/6 1977/4/6 1826/3/6
f 1826/1/6 1977/2/6 1978/4/6 1827/3/6
f 1827/1/6 1978/2/6 1979/4/6 1828/3/6
f 1828/1/6 1979/2/6 1980/4/6 1829/3/6
f 1829/1/6 1980/2/6 1981/4/6 1830/3/6
f 1830/1/6 1981/2/6 1982/4/6 1831/3/6
f 1832/1/5 1983/2/5 1940/4/5 1787/3/5
f 1831/1/6 1982/2/6 1983/4/6 1832/3/6
f 1834/3/2 1791/1/2 1941/2/2 1984/4/2
f 1835/1/5 1985/2/5 1944/4/5 1793/3/5
f 1834/1/6 1984/2/6 1985/4/6 1835/3/6
f 1836/3/2 1837/1/2 1987/2/2 1986/4/2
f 1837/2/3 1838/4/3 1988/3/3 1987/1/3
f 1838/2/3 1839/4/3 1989/3/3 1988/1/3
f 1839/2/3 1840/4/3 1990/3/3 1989/1/3
f 1841/1/5 1991/2/5 1990/4/5 1840/3/5
f 1842/3/2 1836/1/2 1986/2/2 1992/4/2
f 1843/1/5 1993/2/5 1991/4/5 1841/3/5
f 1844/3/2 1842/1/2 1992/2/2 1994/4/2
f 1845/1/5 1995/2/5 1993/4/5 1843/3/5
f 1846/3/2 1844/1/2 1994/2/2 1996/4/2
f 1847/1/5 1997/2/5 1995/4/5 1845/3/5
f 1848/3/2 1846/1/2 1996/2/2 1998/4/2
f 1849/1/5 1999/2/5 1997/4/5 1847/3/5
f 1850/3/2 1848/1/2 1998/2/2 2000/4/2
f 1851/1/5 2001/2/5 1999/4/5 1849/3/5
f 1852/3/2 1850/1/2 2000/2/2 2002/4/2
f 1853/1/5 2003/2/5 2001/4/5 1851/3/5
f 1854/3/2 1852/1/2 2002/2/2 2004/4/2
f 1855/1/5 2005/2/5 2003/4/5 1853/3/5
f 1856/3/2 1854/1/2 2004/2/2 2006/4/2
f 1857/1/5 2007/2/5 2005/4/5 1855/3/5
f 1858/3/2 1856/1/2 2006/2/2 2008/4/2
f 1859/1/5 2009/2/5 2007/4/5 1857/3/5
f 1860/3/2 1858/1/2 2008/2/2 2010/4/2
f 1861/1/5 2011/2/5 2009/4/5 1859/3/5
f 1862/3/2 1860/1/2 2010/2/2 2012/4/2
f 1863/1/5 2013/2/5 2011/4/5 1861/3/5
f 1864/3/2 1862/1/2 2012/2/2 2014/4/2
f 1865/1/5 2015/2/5 2013/4/5 1863/3/5
f 1866/3/2 1864/1/2 2014/2/2 2016/4/2
f 1867/1/5 2017/2/5 2015/4/5 1865/3/5
f 1868/3/2 1866/1/2 2016/2/2 2018/4/2
f 1869/1/5 2019/2/5 2017/4/5 1867/3/5
f 1870/3/2 1868/1/2 2018/2/2 2020/4/2
f 1871/1/5 2021/2/5 2019/4/5 1869/3/5
f 1872/3/2 1870/1/2 2020/2/2 2022/4/2
f 1873/1/5 2023/2/5 2021/4/5 1871/3/5
f 1874/3/2 1872/1/2 2022/2/2 2024/4/2
f 1875/1/5 2025/2/5 2023/4/5 1873/3/5
f 1876/3/2 1874/1/2 2024/2/2 2026/4/2
f 1877/1/5 2027/2/5 2025/4/5 1875/3/5
f 1878/3/2 1876/1/2 2026/2/2 2028/4/2
f 1879/1/5 2029/2/5 2027/4/5 1877/3/5
f 1880/3/2 1878/1/2 2028/2/2 2030/4/2
f 1881/1/5 2031/2/5 2029/4/5 1879/3/5
f 1882/3/2 1880/1/2 2030/2/2 2032/4/2
f 1883/1/5 2033/2/5 2031/4/5 1881/3/5
f 1884/3/2 1882/1/2 2032/2/2 2034/4/2
f 1885/1/5 2035/2/5 2033/4/5 1883/3/5
f 1886/3/2 1884/1/2 2034/2/2 2036/4/2
f 1887/1/5 2037/2/5 2035/4/5 1885/3/5
f 1888/3/2 1886/1/2 2036/2/2 2038/4/2
f 1889/1/5 2039/2/5 2037/4/5 1887/3/5
f 1890/3/2 1888/1/2 2038/2/2 2040/4/2
f 1891/1/5 2041/2/5 2039/4/5 1889/3/5
f 1892/3/2 1890/1/2 2040/2/2 2042/4/2
f 1893/1/5 2043/2/5 2041/4/5 1891/3/5
f 1894/3/2 1892/1/2 2042/2/2 2044/4/2
f 1895/1/5 2045/2/5 2043/4/5 1893/3/5
f 1896/3/2 1894/1/2 2044/2/2 2046/4/2
f 1897/1/5 2047/2/5 2045/4/5 1895/3/5
f 1898/3/2 1896/1/2 2046/2/2 2048/4/2
f 1899/1/5 2049/2/5 2047/4/5 1897/3/5
f 1900/3/2 1898/1/2 2048/2/2 2050/4/2
f 1901/1/5 2051/2/5 2049/4/5 1899/3/5
f 1902/3/2 1900/1/2 2050/2/2 2052/4/2
f 1903/1/5 2053/2/5 2051/4/5 1901/3/5
f 1904/3/2 1902/1/2 2052/2/2 2054/4/2
f 1903/2/3 1905/4/3 2055/3/3 2053/1/3
f 1905/2/3 1906/4/3 2056/3/3 2055/1/3
f 1906/2/3 1907/4/3 2057/3/3 2056/1/3
f 1907/2/3 1908/4/3 2058/3/3 2057/1/3
f 1908/2/3 1909/4/3 2059/3/3 2058/1/3
f 1909/2/3 1910/4/3 2060/3/3 2059/1/3
f 1910/2/3 1911/4/3 2061/3/3 2060/1/3
f 1911/2/3 1912/4/3 2062/3/3 2061/1/3
f 1912/2/3 1913/4/3 2063/3/3 2062/1/3
f 1913/2/3 1914/4/3 2064/3/3 2063/1/3
f 1914/2/3 1915/4/3 2065/3/3 2064/1/3
f 1915/2/3 1916/4/3 2066/3/3 2065/1/3
f 1916/2/3 1917/4/3 2067/3/3 2066/1/3
f 1917/2/3 1918/4/3 2068/3/3 2067/1/3
f 1918/2/3 1919/4/3 2069/3/3 2068/1/3
f 1919/2/3 1920/4/3 2070/3/3 2069/1/3
f 1920/2/3 1921/4/3 2071/3/3 2070/1/3
f 1921/2/3 1922/4/3 2072/3/3 2071/1/3
f 1922/2/3 1923/4/3 2073/3/3 2072/1/3
f 1923/2/3 1924/4/3 2074/3/3 2073/1/3
f 1924/2/3 1925/4/3 2075/3/3 2074/1/3
f 1925/2/3 1926/4/3 2076/3/3 2075/1/3
f 1926/2/3 1927/4/3 2077/3/3 2076/1/3
f 1927/2/3 1928/4/3 2078/3/3 2077/1/3
f 1928/2/3 1929/4/3 2079/3/3 2078/1/3
f 1929/2/3 1930/4/3 2080/3/3 2079/1/3
f 1930/2/3 1931/4/3 2081/3/3 2080/1/3
f 1931/2/3 1932/4/3 2082/3/3 2081/1/3
f 1932/2/3 1933/4/3 2083/3/3 2082/1/3
f 1933/2/3 1934/4/3 2084/3/3 2083/1/3
f 1934/2/3 1935/4/3 2085/3/3 2084/1/3
f 1935/2/3 1936/4/3 2086/3/3 2085/1/3
f 1936/2/3 1937/4/3 2087/3/3 2086/1/3
f 1937/2/3 1938/4/3 2088/3/3 2087/1/3
f 1938/2/3 1939/4/3 2089/3/3 2088/1/3
f 1940/1/5 2090/2/5 2089/4/5 1939/3/5
f 1941/3/2 1942/1/2 2092/2/2 2091/4/2
f 1942/2/3 1943/4/3 2093/3/3 2092/1/3
f 1944/1/5 2094/2/5 2093/4/5 1943/3/5
f 1945/3/2 1904/1/2 2054/2/2 2095/4/2
f 1945/1/6 2095/2/6 2096/4/6 1946/3/6
f 1946/1/6 2096/2/6 2097/4/6 1947/3/6
f 1947/1/6 2097/2/6 2098/4/6 1948/3/6
f 1948/1/6 2098/2/6 2099/4/6 1949/3/6
f 1949/1/6 2099/2/6 2100/4/6 1950/3/6
f 1950/1/6 2100/2/6 2101/4/6 1951/3/6
f 1951/1/6 2101/2/6 2102/4/6 1952/3/6
f 1952/1/6 2102/2/6 2103/4/6 1953/3/6
f 1953/1/6 2103/2/6 2104/4/6 1954/3/6
f 1954/1/6 2104/2/6 2105/4/6 1955/3/6
f 1955/1/6 2105/2/6 2106/4/6 1956/3/6
f 1956/1/6 2106/2/6 2107/4/6 1957/3/6
f 1957/1/6 2107/2/6 2108/4/6 1958/3/6
f 1958/1/6 2108/2/6 2109/4/6 1959/3/6
f 1959/1/6 2109/2/6 2110/4/6 1960/3/6
f 1960/1/6 2110/2/6 2111/4/6 1961/3/6
f 1961/1/6 2111/2/6 2112/4/6 1962/3/6
f 1962/1/6 2112/2/6 2113/4/6 1963/3/6
f 1963/1/6 2113/2/6 2114/4/6 1964/3/6
f 1964/1/6 2114/2/6 2115/4/6 1965/3/6
f 1965/1/6 2115/2/6 2116/4/6 1966/3/6
f 1966/1/6 2116/2/6 2117/4/6 1967/3/6
f 1967/1/6 2117/2/6 2118/4/6 1968/3/6
f 1968/1/6 2118/2/6 2119/4/6 1969/3/6
f 1969/1/6 2119/2/6 2120/4/6 1970/3/6
f 1970/1/6 2120/2/6 2121/4/6 1971/3/6
f 1971/1/6 2121/2/6 2122/4/6 1972/3/6
f 1972/1/6 2122/2/6 2123/4/6 1973/3/6
f 1973/1/6 2123/2/6 2124/4/6 1974/3/6
f 1974/1/6 2124/2/6 2125/4/6 1975/3/6
f 1975/1/6 2125/2/6 2126/4/6 1976/3/6
f 1976/1/6 2126/2/6 2127/4/6 1977/3/6
f 1977/1/6 2127/2/6 2128/4/6 1978/3/6
f 1978/1/6 2128/2/6 2129/4/6 1979/3/6
f 1979/1/6 2129/2/6 2130/4/6 1980/3/6
f 1980/1/6 2130/2/6 2131/4/6 1981/3/6
f 1981/1/6 2131/2/6 2132/4/6 1982/3/6
f 1983/1/5 2133/2/5 2090/4/5 1940/3/5
f 1982/1/6 2132/2/6 2133/4/6 1983/3/6
f 1984/3/2 1941/1/2 2091/2/2 2134/4/2
f 1985/1/5 2135/2/5 2094/4/5 1944/3/5
f 1984/1/6 2134/2/6 2135/4/6 1985/3/6
f 1986/3/2 1987/1/2 2137/2/2 2136/4/2
f 1987/2/3 1988/4/3 2138/3/3 2137/1/3
f 1988/2/3 1989/4/3 2139/3/3 2138/1/3
f 1989/2/3 1990/4/3 2140/3/3 2139/1/3
f 1991/1/5 2141/2/5 2140/4/5 1990/3/5
f 1992/3/2 1986/1/2 2136/2/2 2142/4/2
f 1993/1/5 2143/2/5 2141/4/5 1991/3/5
f 1994/3/2 1992/1/2 2142/2/2 2144/4/2
f 1995/1/5 2145/2/5 2143/4/5 1993/3/5
f 1996/3/2 1994/1/2 2144/2/2 2146/4/2
f 1997/1/5 2147/2/5 2145/4/5 1995/3/5
f 1998/3/2 1996/1/2 2146/2/2 2148/4/2
f 1999/1/5 2149/2/5 2147/4/5 1997/3/5
f 2000/3/2 1998/1/2 2148/2/2 2150/4/2
f 2001/1/5 2151/2/5 2149/4/5 1999/3/5
f 2002/3/2 2000/1/2 2150/2/2 2152/4/2
f 2003/1/5 2153/2/5 2151/4/5 2001/3/5
f 2004/3/2 2002/1/2 2152/2/2 2154/4/2
f 2005/1/5 2155/2/5 2153/4/5 2003/3/5
f 2006/3/2 2004/1/2 2154/2/2 2156/4/2
f 2007/1/5 2157/2/5 2155/4/5 2005/3/5
f 2008/3/2 2006/1/2 2156/2/2 2158/4/2
f 2009/1/5 2159/2/5 2157/4/5 2007/3/5
f 2010/3/2 2008/1/2 2158/2/2 2160/4/2
f 2011/1/5 2161/2/5 2159/4/5 2009/3/5
f 2012/3/2 2010/1/2 2160/2/2 2162/4/2
f 2013/1/5 2163/2/5 2161/4/5 2011/3/5
f 2014/3/2 2012/1/2 2162/2/2 2164/4/2
f 2015/1/5 2165/2/5 2163/4/5 2013/3/5
f 2016/3/2 2014/1/2 2164/2/2 2166/4/2
f 2017/1/5 2167/2/5 2165/4/5 2015/3/5
f 2018/3/2 2016/1/2 2166/2/2 2168/4/2
f 2019/1/5 2169/2/5 2167/4/5 2017/3/5
f 2020/3/2 2018/1/2 2168/2/2 2170/4/2
f 2021/1/5 2171/2/5 2169/4/5 2019/3/5
f 2022/3/2 2020/1/2 2170/2/2 2172/4/2
f 2023/1/5 2173/2/5 2171/4/5 2021/3/5
f 2024/3/2 2022/1/2 2172/2/2 2174/4/2
f 2025/1/5 2175/2/5 2173/4/5 2023/3/5
f 2026/3/2 2024/1/2 2174/2/2 2176/4/2
f 2027/1/5 2177/2/5 2175/4/5 2025/3/5
f 2028/3/2 2026/1/2 2176/2/2 2178/4/2
f 2029/1/5 2179/2/5 2177/4/5 2027/3/5
f 2030/3/2 2028/1/2 2178/2/2 2180/4/2
f 2031/1/5 2181/2/5 2179/4/5 2029/3/5
f 2032/3/2 2030/1/2 2180/2/2 2182/4/2
f 2033/1/5 2183/2/5 2181/4/5 2031/3/5
f 2034/3/2 2032/1/2 2182/2/2 2184/4/2
f 2035/1/5 2185/2/5 2183/4/5 2033/3/5
f 2036/3/2 2034/1/2 2184/2/2 2186/4/2
f 2037/1/5 2187/2/5 2185/4/5 2035/3/5
f 2038/3/2 2036/1/2 2186/2/2 2188/4/2
f 2039/1/5 2189/2/5 2187/4/5 2037/3/5
f 2040/3/2 2038/1/2 2188/2/2 2190/4/2
f 2041/1/5 2191/2/5 2189/4/5 2039/3/5
f 2042/3/2 2040/1/2 2190/2/2 2192/4/2
f 2043/1/5 2193/2/5 2191/4/5 2041/3/5
f 2044/3/2 2042/1/2 2192/2/2 2194/4/2
f 2045/1/5 2195/2/5 2193/4/5 2043/3/5
f 2046/3/2 2044/1/2 2194/2/2 2196/4/2
f 2047/1/5 2197/2/5 2195/4/5 2045/3/5
f 2048/3/2 2046/1/2 2196/2/2 2198/4/2
f 2049/1/5 2199/2/5 2197/4/5 2047/3/5
f 2050/3/2 2048/1/2 2198/2/2 2200/4/2
f 2051/1/5 2201/2/5 2199/4/5 2049/3/5
f 2052/3/2 2050/1/2 2200/2/2 2202/4/2
f 2053/1/5 2203/2/5 2201/4/5 2051/3/5
f 2054/3/2 2052/1/2 2202/2/2 2204/4/2
f 2053/2/3 2055/4/3 2205/3/3 2203/1/3
f 2055/2/3 2056/4/3 2206/3/3 2205/1/3
f 2056/2/3 2057/4/3 2207/3/3 2206/1/3
f 2057/2/3 2058/4/3 2208/3/3 2207/1/3
f 2058/2/3 2059/4/3 2209/3/3 2208/1/3
f 2059/2/3 2060/4/3 2210/3/3 2209/1/3
f 2060/2/3 2061/4/3 2211/3/3 2210/1/3
f 2061/2/3 2062/4/3 2212/3/3 2211/1/3
f 2062/2/3 2063/4/3 2213/3/3 2212/1/3
f 2063/2/3 2064/4/3 2214/3/3 2213/1/3
f 2064/2/3 2065/4/3 2215/3/3 2214/1/3
f 2065/2/3 2066/4/3 2216/3/3 2215/1/3
f 2066/2/3 2067/4/3 2217/3/3 2216/1/3
f 2067/2/3 2068/4/3 2218/3/3 2217/1/3
f 2068/2/3 2069/4/3 2219/3/3 2218/1/3
f 2069/2/3 2070/4/3 2220/3/3 2219/1/3
f 2070/2/3 2071/4/3 2221/3/3 2220/1/3
f 2071/2/3 2072/4/3 2222/3/3 2221/1/3
f 2072/2/3 2073/4/3 2223/3/3 2222/1/3
f 2073/2/3 2074/4/3 2224/3/3 2223/1/3
f 2074/2/3 2075/4/3 2225/3/3 2224/1/3
f 2075/2/3 2076/4/3 2226/3/3 2225/1/3
f 2076/2/3 2077/4/3 2227/3/3 2226/1/3
f 2077/2/3 2078/4/3 2228/3/3 2227/1/3
f 2078/2/3 2079/4/3 2229/3/3 2228/1/3
f 2079/2/3 2080/4/3 2230/3/3 2229/1/3
f 2080/2/3 2081/4/3 2231/3/3 2230/1/3
f 2081/2/3 2082/4/3 2232/3/3 2231/1/3
f 2082/2/3 2083/4/3 2233/3/3 2232/1/3
f 2083/2/3 2084/4/3 2234/3/3 2233/1/3
f 2084/2/3 2085/4/3 2235/3/3 2234/1/3
f 2085/2/3 2086/4/3 2236/3/3 2235/1/3
f 2086/2/3 2087/4/3 2237/3/3 2236/1/3
f 2087/2/3 2088/4/3 2238/3/3 2237/1/3
f 2088/2/3 2089/4/3 2239/3/3 2238/1/3
f 2090/1/5 2240/2/5 2239/4/5 2089/3/5
f 2091/3/2 2092/1/2 2242/2/2 2241/4/2
f 2092/2/3 2093/4/3 2243/3/3 2242/1/3
f 2094/1/5 2244/2/5 2243/4/5 2093/3/5
f 2095/3/2 2054/1/2 2204/2/2 2245/4/2
f 2095/1/6 2245/2/6 2246/4/6 2096/3/6
f 2096/1/6 2246/2/6 2247/4/6 2097/3/6
f 2097/1/6 2247/2/6 2248/4/6 2098/3/6
f 2098/1/6 2248/2/6 2249/4/6 2099/3/6
f 2099/1/6 2249/2/6 2250/4/6 2100/3/6
f 2100/1/6 2250/2/6 2251/4/6 2101/3/6
f 2101/1/6 2251/2/6 2252/4/6 2102/3/6
f 2102/1/6 2252/2/6 2253/4/6 2103/3/6
f 2103/1/6 2253/2/6 2254/4/6 2104/3/6
f 2104/1/6 2254/2/6 2255/4/6 2105/3/6
f 2105/1/6 2255/2/6 2256/4/6 2106/3/6
f 2106/1/6 2256/2/6 2257/4/6 2107/3/6
f 2107/1/6 2257/2/6 2258/4/6 2108/3/6
f 2108/1/6 2258/2/6 2259/4/6 2109/3/6
f 2109/1/6 2259/2/6 2260/4/6 2110/3/6
f 2110/1/6 2260/2/6 2261/4/6 2111/3/6
f 2111/1/6 2261/2/6 2262/4/6 2112/3/6
f 2112/1/6 2262/2/6 2263/4/6 2113/3/6
f 2113/1/6 2263/2/6 2264/4/6 2114/3/6
f 2114/1/6 2264/2/6 2265/4/6 2115/3/6
f 2115/1/6 2265/2/6 2266/4/6 2116/3/6
f 2116/1/6 2266/2/6 2267/4/6 2117/3/6
f 2117/1/6 2267/2/6 2268/4/6 2118/3/6
f 2118/1/6 2268/2/6 2269/4/6 2119/3/6
f 2119/1/6 2269/2/6 2270/4/6 2120/3/6
f 2120/1/6 2270/2/6 2271/4/6 2121/3/6
f 2121/1/6 2271/2/6 2272/4/6 2122/3/6
f 2122/1/6 2272/2/6 2273/4/6 2123/3/6
f 2123/1/6 2273/2/6 2274/4/6 2124/3/6
f 2124/1/6 2274/2/6 2275/4/6 2125/3/6
f 2125/1/6 2275/2/6 2276/4/6 2126/3/6
f 2126/1/6 2276/2/6 2277/4/6 2127/3/6
f 2127/1/6 2277/2/6 2278/4/6 2128/3/6
f 2128/1/6 2278/2/6 2279/4/6 2129/3/6
f 2129/1/6 2279/2/6 2280/4/6 2130/3/6
f 2130/1/6 2280/2/6 2281/4/6 2131/3/6
f 2131/1/6 2281/2/6 2282/4/6 2132/3/6
f 2133/1/5 2283/2/5 2240/4/5 2090/3/5
f 2132/1/6 2282/2/6 2283/4/6 2133/3/6
f 2134/3/2 2091/1/2 2241/2/2 2284/4/2
f 2135/1/5 2285/2/5 2244/4/5 2094/3/5
f 2134/1/6 2284/2/6 2285/4/6 2135/3/6
f 2136/3/2 2137/1/2 2287/2/2 2286/4/2
f 2137/2/3 2138/4/3 2288/3/3 2287/1/3
f 2138/2/3 2139/4/3 2289/3/3 2288/1/3
f 2139/2/3 2140/4/3 2290/3/3 2289/1/3
f 2141/1/5 2291/2/5 2290/4/5 2140/3/5
f 2142/3/2 2136/1/2 2286/2/2 2292/4/2
f 2143/1/5 2293/2/5 2291/4/5 2141/3/5
f 2144/3/2 2142/1/2 2292/2/2 2294/4/2
f 2145/1/5 2295/2/5 2293/4/5 2143/3/5
f 2146/3/2 2144/1/2 2294/2/2 2296/4/2
f 2147/1/5 2297/2/5 2295/4/5 2145/3/5
f 2148/3/2 2146/1/2 2296/2/2 2298/4/2
f 2149/1/5 2299/2/5 2297/4/5 2147/3/5
f 2150/3/2 2148/1/2 2298/2/2 2300/4/2
f 2151/1/5 2301/2/5 2299/4/5 2149/3/5
f 2152/3/2 2150/1/2 2300/2/2 2302/4/2
f 2153/1/5 2303/2/5 2301/4/5 2151/3/5
f 2154/3/2 2152/1/2 2302/2/2 2304/4/2
f 2155/1/5 2305/2/5 2303/4/5 2153/3/5
f 2156/3/2 2154/1/2 2304/2/2 2306/4/2
f 2157/1/5 2307/2/5 2305/4/5 2155/3/5
f 2158/3/2 2156/1/2 2306/2/2 2308/4/2
f 2159/1/5 2309/2/5 2307/4/5 2157/3/5
f 2160/3/2 2158/1/2 2308/2/2 2310/4/2
f 2161/1/5 2311/2/5 2309/4/5 2159/3/5
f 2162/3/2 2160/1/2 2310/2/2 2312/4/2
f 2163/1/5 2313/2/5 2311/4/5 2161/3/5
f 2164/3/2 2162/1/2 2312/2/2 2314/4/2
f 2165/1/5 2315/2/5 2313/4/5 2163/3/5
f 2166/3/2 2164/1/2 2314/2/2 2316/4/2
f 2167/1/5 2317/2/5 2315/4/5 2165/3/5
f 2168/3/2 2166/1/2 2316/2/2 2318/4/2
f 2169/1/5 2319/2/5 2317/4/5 2167/3/5
f 2170/3/2 2168/1/2 2318/2/2 2320/4/2
f 2171/1/5 2321/2/5 2319/4/5 2169/3/5
f 2172/3/2 2170/1/2 2320/2/2 2322/4/2
f 2173/1/5 2323/2/5 2321/4/5 2171/3/5
f 2174/3/2 2172/1/2 2322/2/2 2324/4/2
f 2175/1/5 2325/2/5 2323/4/5 2173/3/5
f 2176/3/2 2174/1/2 2324/2/2 2326/4/2
f 2177/1/5 2327/2/5 2325/4/5 2175/3/5
f 2178/3/2 2176/1/2 2326/2/2 2328/4/2
f 2179/1/5 2329/2/5 2327/4/5 2177/3/5
f 2180/3/2 2178/1/2 2328/2/2 2330/4/2
f 2181/1/5 2331/2/5 2329/4/5 2179/3/5
f 2182/3/2 2180/1/2 2330/2/2 2332/4/2
f 2183/1/5 2333/2/5 2331/4/5 2181/3/5
f 2184/3/2 2182/1/2 2332/2/2 2334/4/2
f 2185/1/5 2335/2/5 2333/4/5 2183/3/5
f 2186/3/2 2184/1/2 2334/2/2 2336/4/2
f 2187/1/5 2337/2/5 2335/4/5 2185/3/5
f 2188/3/2 2186/1/2 2336/2/2 2338/4/2
f 2189/1/5 2339/2/5 2337/4/5 2187/3/5
f 2190/3/2 2188/1/2 2338/2/2 2340/4/2
f 2191/1/5 2341/2/5 2339/4/5 2189/3/5
f 2192/3/2 2190/1/2 2340/2/2 2342/4/2
f 2193/1/5 2343/2/5 2341/4/5 2191/3/5
f 2194/3/2 2192/1/2 2342/2/2 2344/4/2
f 2195/1/5 2345/2/5 2343/4/5 2193/3/5
f 2196/3/2 2194/1/2 2344/2/2 2346/4/2
f 2197/1/5 2347/2/5 2345/4/5 2195/3/5
f 2198/3/2 2196/1/2 2346/2/2 2348/4/2
f 2199/1/5 2349/2/5 2347/4/5 2197/3/5
f 2200/3/2 2198/1/2 2348/2/2 2350/4/2
f 2201/1/5 2351/2/5 2349/4/5 2199/3/5
f 2202/3/2 2200/1/2 2350/2/2 2352/4/2
f 2203/1/5 2353/2/5 2351/4/5 2201/3/5
f 2204/3/2 2202/1/2 2352/2/2 2354/4/2
f 2203/2/3 2205/4/3 2355/3/3 2353/1/3
f 2205/2/3 2206/4/3 2356/3/3 2355/1/3
f 2206/2/3 2207/4/3 2357/3/3 2356/1/3
f 2207/2/3 2208/4/3 2358/3/3 2357/1/3
f 2208/2/3 2209/4/3 2359/3/3 2358/1/3
f 2209/2/3 2210/4/3 2360/3/3 2359/1/3
f 2210/2/3 2211/4/3 2361/3/3 2360/1/3
f 2211/2/3 2212/4/3 2362/3/3 2361/1/3
f 2212/2/3 2213/4/3 2363/3/3 2362/1/3
f 2213/2/3 2214/4/3 2364/3/3 2363/1/3
f 2214/2/3 2215/4/3 2365/3/3 2364/1/3
f 2215/2/3 2216/4/3 2366/3/3 2365/1/3
f 2216/2/3 2217/4/3 2367/3/3 2366/1/3
f 2217/2/3 2218/4/3 2368/3/3 2367/1/3
f 2218/2/3 2219/4/3 2369/3/3 2368/1/3
f 2219/2/3 2220/4/3 2370/3/3 2369/1/3
f 2220/2/3 2221/4/3 2371/3/3 2370/1/3
f 2221/2/3 2222/4/3 2372/3/3 2371/1/3
f 2222/2/3 2223/4/3 2373/3/3 2372/1/3
f 2223/2/3 2224/4/3 2374/3/3 2373/1/3
f 2224/2/3 2225/4/3 2375/3/3 2374/1/3
f 2225/2/3 2226/4/3 2376/3/3 2375/1/3
f 2226/2/3 2227/4/3 2377/3/3 2376/1/3
f 2227/2/3 2228/4/3 2378/3/3 2377/1/3
f 2228/2/3 2229/4/3 2379/3/3 2378/1/3
f 2229/2/3 2230/4/3 2380/3/3 2379/1/3
f 2230/2/3 2231/4/3 2381/3/3 2380/1/3
f 2231/2/3 2232/4/3 2382/3/3 2381/1/3
f 2232/2/3 2233/4/3 2383/3/3 2382/1/3
f 2233/2/3 2234/4/3 2384/3/3 2383/1/3
f 2234/2/3 2235/4/3 2385/3/3 2384/1/3
f 2235/2/3 2236/4/3 2386/3/3 2385/1/3
f 2236/2/3 2237/4/3 2387/3/3 2386/1/3
f 2237/2/3 2238/4/3 2388/3/3 2387/1/3
f 2238/2/3 2239/4/3 2389/3/3 2388/1/3
f 2240/1/5 2390/2/5 2389/4/5 2239/3/5
f 2241/3/2 2242/1/2 2392/2/2 2391/4/2
f 2242/2/3 2243/4/3 2393/3/3 2392/1/3
f 2244/1/5 2394/2/5 2393/4/5 2243/3/5
f 2245/3/2 2204/1/2 2354/2/2 2395/4/2
f 2245/1/6 2395/2/6 2396/4/6 2246/3/6
f 2246/1/6 2396/2/6 2397/4/6 2247/3/6
f 2247/1/6 2397/2/6 2398/4/6 2248/3/6
f 2248/1/6 2398/2/6 2399/4/6 2249/3/6
f 2249/1/6 2399/2/6 2400/4/6 2250/3/6
f 2250/1/6 2400/2/6 2401/4/6 2251/3/6
f 2251/1/6 2401/2/6 2402/4/6 2252/3/6
f 2252/1/6 2402/2/6 2403/4/6 2253/3/6
f 2253/1/6 2403/2/6 2404/4/6 2254/3/6
f 2254/1/6 2404/2/6 2405/4/6 2255/3/6
f 2255/1/6 2405/2/6 2406/4/6 2256/3/6
f 2256/1/6 2406/2/6 2407/4/6 2257/3/6
f 2257/1/6 2407/2/6 2408/4/6 2258/3/6
f 2258/1/6 2408/2/6 2409/4/6 2259/3/6
f 2259/1/6 2409/2/6 2410/4/6 2260/3/6
f 2260/1/6 2410/2/6 2411/4/6 2261/3/6
f 2261/1/6 2411/2/6 2412/4/6 2262/3/6
f 2262/1/6 2412/2/6 2413/4/6 2263/3/6
f 2263/1/6 2413/2/6 2414/4/6 2264/3/6
f 2264/1/6 2414/2/6 2415/4/6 2265/3/6
f 2265/1/6 2415/2/6 2416/4/6 2266/3/6
f 2266/1/6 2416/2/6 2417/4/6 2267/3/6
f 2267/1/6 2417/2/6 2418/4/6 2268/3/6
f 2268/1/6 2418/2/6 2419/4/6 2269/3/6
f 2269/1/6 2419/2/6 2420/4/6 2270/3/6
f 2270/1/6 2420/2/6 2421/4/6 2271/3/6
f 2271/1/6 2421/2/6 2422/4/6 2272/3/6
f 2272/1/6 2422/2/6 2423/4/6 2273/3/6
f 2273/1/6 2423/2/6 2424/4/6 2274/3/6
f 2274/1/6 2424/2/6 2425/4/6 2275/3/6
f 2275/1/6 2425/2/6 2426/4/6 2276/3/6
f 2276/1/6 2426/2/6 2427/4/6 2277/3/6
f 2277/1/6 2427/2/6 2428/4/6 2278/3/6
f 2278/1/6 2428/2/6 2429/4/6 2279/3/6
f 2279/1/6 2429/2/6 2430/4/6 2280/3/6
f 2280/1/6 2430/2/6 2431/4/6 2281/3/6
f 2281/1/6 2431/2/6 2432/4/6 2282/3/6
f 2283/1/5 2433/2/5 2390/4/5 2240/3/5
f 2282/1/6 2432/2/6 2433/4/6 2283/3/6
f 2284/3/2 2241/1/2 2391/2/2 2434/4/2
f 2285/1/5 2435/2/5 2394/4/5 2244/3/5
f 2284/1/6 2434/2/6 2435/4/6 2285/3/6
f 2286/3/2 2287/1/2 2437/2/2 2436/4/2
f 2287/2/3 2288/4/3 2438/3/3 2437/1/3
f 2288/2/3 2289/4/3 2439/3/3 2438/1/3
f 2289/2/3 2290/4/3 2440/3/3 2439/1/3
f 2291/1/5 2441/2/5 2440/4/5 2290/3/5
f 2292/3/2 2286/1/2 2436/2/2 2442/4/2
f 2293/1/5 2443/2/5 2441/4/5 2291/3/5
f 2294/3/2 2292/1/2 2442/2/2 2444/4/2
f 2295/1/5 2445/2/5 2443/4/5 2293/3/5
f 2296/3/2 2294/1/2 2444/2/2 2446/4/2
f 2297/1/5 2447/2/5 2445/4/5 2295/3/5
f 2298/3/2 2296/1/2 2446/2/2 2448/4/2
f 2299/1/5 2449/2/5 2447/4/5 2297/3/5
f 2300/3/2 2298/1/2 2448/2/2 2450/4/2
f 2301/1/5 2451/2/5 2449/4/5 2299/3/5
f 2302/3/2 2300/1/2 2450/2/2 2452/4/2
f 2303/1/5 2453/2/5 2451/4/5 2301/3/5
f 2304/3/2 2302/1/2 2452/2/2 2454/4/2
f 2305/1/5 2455/2/5 2453/4/5 2303/3/5
f 2306/3/2 2304/1/2 2454/2/2 2456/4/2
f 2307/1/5 2457/2/5 2455/4/5 2305/3/5
f 2308/3/2 2306/1/2 2456/2/2 2458/4/2
f 2309/1/5 2459/2/5 2457/4/5 2307/3/5
f 2310/3/2 2308/1/2 2458/2/2 2460/4/2
f 2311/1/5 2461/2/5 2459/4/5 2309/3/5
f 2312/3/2 2310/1/2 2460/2/2 2462/4/2
f 2313/1/5 2463/2/5 2461/4/5 2311/3/5
f 2314/3/2 2312/1/2 2462/2/2 2464/4/2
f 2315/1/5 2465/2/5 2463/4/5 2313/3/5
f 2316/3/2 2314/1/2 2464/2/2 2466/4/2
f 2317/1/5 2467/2/5 2465/4/5 2315/3/5
f 2318/3/2 2316/1/2 2466/2/2 2468/4/2
f 2319/1/5 2469/2/5 2467/4/5 2317/3/5
f 2320/3/2 2318/1/2 2468/2/2 2470/4/2
f 2321/1/5 2471/2/5 2469/4/5 2319/3/5
f 2322/3/2 2320/1/2 2470/2/2 2472/4/2
f 2323/1/5 2473/2/5 2471/4/5 2321/3/5
f 2324/3/2 2322/1/2 2472/2/2 2474/4/2
f 2325/1/5 2475/2/5 2473/4/5 2323/3/5
f 2326/3/2 2324/1/2 2474/2/2 2476/4/2
f 2327/1/5 2477/2/5 2475/4/5 2325/3/5
f 2328/3/2 2326/1/2 2476/2/2 2478/4/2
f 2329/1/5 2479/2/5 2477/4/5 2327/3/5
f 2330/3/2 2328/1/2 2478/2/2 2480/4/2
f 2331/1/5 2481/2/5 2479/4/5 2329/3/5
f 2332/3/2 2330/1/2 2480/2/2 2482/4/2
f 2333/1/5 2483/2/5 2481/4/5 2331/3/5
f 2334/3/2 2332/1/2 2482/2/2 2484/4/2
f 2335/1/5 2485/2/5 2483/4/5 2333/3/5
f 2336/3/2 2334/1/2 2484/2/2 2486/4/2
f 2337/1/5 2487/2/5 2485/4/5 2335/3/5
f 2338/3/2 2336/1/2 2486/2/2 2488/4/2
f 2339/1/5 2489/2/5 2487/4/5 2337/3/5
f 2340/3/2 2338/1/2 2488/2/2 2490/4/2
f 2341/1/5 2491/2/5 2489/4/5 2339/3/5
f 2342/3/2 2340/1/2 2490/2/2 2492/4/2
f 2343/1/5 2493/2/5 2491/4/5 2341/3/5
f 2344/3/2 2342/1/2 2492/2/2 2494/4/2
f 2345/1/5 2495/2/5 2493/4/5 2343/3/5
f 2346/3/2 2344/1/2 2494/2/2 2496/4/2
f 2347/1/5 2497/2/5 2495/4/5 2345/3/5
f 2348/3/2 2346/1/2 2496/2/2 2498/4/2
f 2349/1/5 2499/2/5 2497/4/5 2347/3/5
f 2350/3/2 2348/1/2 2498/2/2 2500/4/2
f 2351/1/5 2501/2/5 2499/4/5 2349/3/5
f 2352/3/2 2350/1/2 2500/2/2 2502/4/2
f 2353/1/5 2503/2/5 2501/4/5 2351/3/5
f 2354/3/2 2352/1/2 2502/2/2 2504/4/2
f 2353/2/3 2355/4/3 2505/3/3 2503/1/3
f 2355/2/3 2356/4/3 2506/3/3 2505/1/3
f 2356/2/3 2357/4/3 2507/3/3 2506/1/3
f 2357/2/3 2358/4/3 2508/3/3 2507/1/3
f 2358/2/3 2359/4/3 2509/3/3 2508/1/3
f 2359/2/3 2360/4/3 2510/3/3 2509/1/3
f 2360/2/3 2361/4/3 2511/3/3 2510/1/3
f 2361/2/3 2362/4/3 2512/3/3 2511/1/3
f 2362/2/3 2363/4/3 2513/3/3 2512/1/3
f 2363/2/3 2364/4/3 2514/3/3 2513/1/3
f 2364/2/3 2365/4/3 2515/3/3 2514/1/3
f 2365/2/3 2366/4/3 2516/3/3 2515/1/3
f 2366/2/3 2367/4/3 2517/3/3 2516/1/3
f 2367/2/3 2368/4/3 2518/3/3 2517/1/3
f 2368/2/3 2369/4/3 2519/3/3 2518/1/3
f 2369/2/3 2370/4/3 2520/3/3 2519/1/3
f 2370/2/3 2371/4/3 2521/3/3 2520/1/3
f 2371/2/3 2372/4/3 2522/3/3 2521/1/3
f 2372/2/3 2373/4/3 2523/3/3 2522/1/3
f 2373/2/3 2374/4/3 2524/3/3 2523/1/3
f 2374/2/3 2375/4/3 2525/3/3 2524/1/3
f 2375/2/3 2376/4/3 2526/3/3 2525/1/3
f 2376/2/3 2377/4/3 2527/3/3 2526/1/3
f 2377/2/3 2378/4/3 2528/3/3 2527/1/3
f 2378/2/3 2379/4/3 2529/3/3 2528/1/3
f 2379/2/3 2380/4/3 2530/3/3 2529/1/3
f 2380/2/3 2381/4/3 2531/3/3 2530/1/3
f 2381/2/3 2382/4/3 2532/3/3 2531/1/3
f 2382/2/3 2383/4/3 2533/3/3 2532/1/3
f 2383/2/3 2384/4/3 2534/3/3 2533/1/3
f 2384/2/3 2385/4/3 2535/3/3 2534/1/3
f 2385/2/3 2386/4/3 2536/3/3 2535/1/3
f 2386/2/3 2387/4/3 2537/3/3 2536/1/3
f 2387/2/3 2388/4/3 2538/3/3 2537/1/3
f 2388/2/3 2389/4/3 2539/3/3 2538/1/3
f 2390/1/5 2540/2/5 2539/4/5 2389/3/5
f 2391/3/2 2392/1/2 2542/2/2 2541/4/2
f 2392/2/3 2393/4/3 2543/3/3 2542/1/3
f 2394/1/5 2544/2/5 2543/4/5 2393/3/5
f 2395/3/2 2354/1/2 2504/2/2 2545/4/2
f 2395/1/6 2545/2/6 2546/4/6 2396/3/6
f 2396/1/6 2546/2/6 2547/4/6 2397/3/6
f 2397/1/6 2547/2/6 2548/4/6 2398/3/6
f 2398/1/6 2548/2/6 2549/4/6 2399/3/6
f 2399/1/6 2549/2/6 2550/4/6 2400/3/6
f 2400/1/6 2550/2/6 2551/4/6 2401/3/6
f 2401/1/6 2551/2/6 2552/4/6 2402/3/6
f 2402/1/6 2552/2/6 2553/4/6 2403/3/6
f 2403/1/6 2553/2/6 2554/4/6 2404/3/6
f 2404/1/6 2554/2/6 2555/4/6 2405/3/6
f 2405/1/6 2555/2/6 2556/4/6 2406/3/6
f 2406/1/6 2556/2/6 2557/4/6 2407/3/6
f 2407/1/6 2557/2/6 2558/4/6 2408/3/6
f 2408/1/6 2558/2/6 2559/4/6 2409/3/6
f 2409/1/6 2559/2/6 2560/4/6 2410/3/6
f 2410/1/6 2560/2/6 2561/4/6 2411/3/6
f 2411/1/6 2561/2/6 2562/4/6 2412/3/6
f 2412/1/6 2562/2/6 2563/4/6 2413/3/6
f 2413/1/6 2563/2/6 2564/4/6 2414/3/6
f 2414/1/6 2564/2/6 2565/4/6 2415/3/6
f 2415/1/6 2565/2/6 2566/4/6 2416/3/6
f 2416/1/6 2566/2/6 2567/4/6 2417/3/6
f 2417/1/6 2567/2/6 2568/4/6 2418/3/6
f 2418/1/6 2568/2/6 2569/4/6 2419/3/6
f 2419/1/6 2569/2/6 2570/4/6 2420/3/6
f 2420/1/6 2570/2/6 2571/4/6 2421/3/6
f 2421/1/6 2571/2/6 2572/4/6 2422/3/6
f 2422/1/6 2572/2/6 2573/4/6 2423/3/6
f 2423/1/6 2573/2/6 2574/4/6 2424/3/6
f 2424/1/6 2574/2/6 2575/4/6 2425/3/6
f 2425/1/6 2575/2/6 2576/4/6 2426/3/6
f 2426/1/6 2576/2/6 2577/4/6 2427/3/6
f 2427/1/6 2577/2/6 2578/4/6 2428/3/6
f 2428/1/6 2578/2/6 2579/4/6 2429/3/6
f 2429/1/6 2579/2/6 2580/4/6 2430/3/6
f 2430/1/6 2580/2/6 2581/4/6 2431/3/6
f 2431/1/6 2581/2/6 2582/4/6 2432/3/6
f 2433/1/5 2583/2/5 2540/4/5 2390/3/5
f 2432/1/6 2582/2/6 2583/4/6 2433/3/6
f 2434/3/2 2391/1/2 2541/2/2 2584/4/2
f 2435/1/5 2585/2/5 2544/4/5 2394/3/5
f 2434/1/6 2584/2/6 2585/4/6 2435/3/6
f 2436/3/2 2437/1/2 2587/2/2 2586/4/2
f 2437/2/3 2438/4/3 2588/3/3 2587/1/3
f 2438/2/3 2439/4/3 2589/3/3 2588/1/3
f 2439/2/3 2440/4/3 2590/3/3 2589/1/3
f 2441/1/5 2591/2/5 2590/4/5 2440/3/5
f 2442/3/2 2436/1/2 2586/2/2 2592/4/2
f 2443/1/5 2593/2/5 2591/4/5 2441/3/5
f 2444/3/2 2442/1/2 2592/2/2 2594/4/2
f 2445/1/5 2595/2/5 2593/4/5 2443/3/5
f 2446/3/2 2444/1/2 2594/2/2 2596/4/2
f 2447/1/5 2597/2/5 2595/4/5 2445/3/5
f 2448/3/2 2446/1/2 2596/2/2 2598/4/2
f 2449/1/5 2599/2/5 2597/4/5 2447/3/5
f 2450/3/2 2448/1/2 2598/2/2 2600/4/2
f 2451/1/5 2601/2/5 2599/4/5 2449/3/5
f 2452/3/2 2450/1/2 2600/2/2 2602/4/2
f 2453/1/5 2603/2/5 2601/4/5 2451/3/5
f 2454/3/2 2452/1/2 2602/2/2 2604/4/2
f 2455/1/5 2605/2/5 2603/4/5 2453/3/5
f 2456/3/2 2454/1/2 2604/2/2 2606/4/2
f 2457/1/5 2607/2/5 2605/4/5 2455/3/5
f 2458/3/2 2456/1/2 2606/2/2 2608/4/2
f 2459/1/5 2609/2/5 2607/4/5 2457/3/5
f 2460/3/2 2458/1/2 2608/2/2 2610/4/2
f 2461/1/5 2611/2/5 2609/4/5 2459/3/5
f 2462/3/2 2460/1/2 2610/2/2 2612/4/2
f 2463/1/5 2613/2/5 2611/4/5 2461/3/5
f 2464/3/2 2462/1/2 2612/2/2 2614/4/2
f 2465/1/5 2615/2/5 2613/4/5 2463/3/5
f 2466/3/2 2464/1/2 2614/2/2 2616/4/2
f 2467/1/5 2617/2/5 2615/4/5 2465/3/5
f 2468/3/2 2466/1/2 2616/2/2 2618/4/2
f 2469/1/5 2619/2/5 2617/4/5 2467/3/5
f 2470/3/2 2468/1/2 2618/2/2 2620/4/2
f 2471/1/5 2621/2/5 2619/4/5 2469/3/5
f 2472/3/2 2470/1/2 2620/2/2 2622/4/2
f 2473/1/5 2623/2/5 2621/4/5 2471/3/5
f 2474/3/2 2472/1/2 2622/2/2 2624/4/2
f 2475/1/5 2625/2/5 2623/4/5 2473/3/5
f 2476/3/2 2474/1/2 2624/2/2 2626/4/2
f 2477/1/5 2627/2/5 2625/4/5 2475/3/5
f 2478/3/2 2476/1/2 2626/2/2 2628/4/2
f 2479/1/5 2629/2/5 2627/4/5 2477/3/5
f 2480/3/2 2478/1/2 2628/2/2 2630/4/2
f 2481/1/5 2631/2/5 2629/4/5 2479/3/5
f 2482/3/2 2480/1/2 2630/2/2 2632/4/2
f 2483/1/5 2633/2/5 2631/4/5 2481/3/5
f 2484/3/2 2482/1/2 2632/2/2 2634/4/2
f 2485/1/5 2635/2/5 2633/4/5 2483/3/5
f 2486/3/2 2484/1/2 2634/2/2 2636/4/2
f 2487/1/5 2637/2/5 2635/4/5 2485/3/5
f 2488/3/2 2486/1/2 2636/2/2 2638/4/2
f 2489/1/5 2639/2/5 2637/4/5 2487/3/5
f 2490/3/2 2488/1/2 2638/2/2 2640/4/2
f 2491/1/5 2641/2/5 2639/4/5 2489/3/5
f 2492/3/2 2490/1/2 2640/2/2 2642/4/2
f 2493/1/5 2643/2/5 2641/4/5 2491/3/5
f 2494/3/2 2492/1/2 2642/2/2 2644/4/2
f 2495/1/5 2645/2/5 2643/4/5 2493/3/5
f 2496/3/2 2494/1/2 2644/2/2 2646/4/2
f 2497/1/5 2647/2/5 2645/4/5 2495/3/5
f 2498/3/2 2496/1/2 2646/2/2 2648/4/2
f 2499/1/5 2649/2/5 2647/4/5 2497/3/5
f 2500/3/2 2498/1/2 2648/2/2 2650/4/2
f 2501/1/5 2651/2/5 2649/4/5 2499/3/5
f 2502/3/2 2500/1/2 2650/2/2 2652/4/2
f 2503/1/5 2653/2/5 2651/4/5 2501/3/5
f 2504/3/2 2502/1/2 2652/2/2 2654/4/2
f 2503/2/3 2505/4/3 2655/3/3 2653/1/3
f 2505/2/3 2506/4/3 2656/3/3 2655/1/3
f 2506/2/3 2507/4/3 2657/3/3 2656/1/3
f 2507/2/3 2508/4/3 2658/3/3 2657/1/3
f 2508/2/3 2509/4/3 2659/3/3 2658/1/3
f 2509/2/3 2510/4/3 2660/3/3 2659/1/3
f 2510/2/3 2511/4/3 2661/3/3 2660/1/3
f 2511/2/3 2512/4/3 2662/3/3 2661/1/3
f 2512/2/3 2513/4/3 2663/3/3 2662/1/3
f 2513/2/3 2514/4/3 2664/3/3 2663/1/3
f 2514/2/3 2515/4/3 2665/3/3 2664/1/3
f 2515/2/3 2516/4/3 2666/3/3 2665/1/3
f 2516/2/3 2517/4/3 2667/3/3 2666/1/3
f 2517/2/3 2518/4/3 2668/3/3 2667/1/3
f 2518/2/3 2519/4/3 2669/3/3 2668/1/3
f 2519/2/3 2520/4/3 2670/3/3 2669/1/3
f 2520/2/3 2521/4/3 2671/3/3 2670/1/3
f 2521/2/3 2522/4/3 2672/3/3 2671/1/3
f 2522/2/3 2523/4/3 2673/3/3 2672/1/3
f 2523/2/3 2524/4/3 2674/3/3 2673/1/3
f 2524/2/3 2525/4/3 2675/3/3 2674/1/3
f 2525/2/3 2526/4/3 2676/3/3 2675/1/3
f 2526/2/3 2527/4/3 2677/3/3 2676/1/3
f 2527/2/3 2528/4/3 2678/3/3 2677/1/3
f 2528/2/3 2529/4/3 2679/3/3 2678/1/3
f 2529/2/3 2530/4/3 2680/3/3 2679/1/3
f 2530/2/3 2531/4/3 2681/3/3 2680/1/3
f 2531/2/3 2532/4/3 2682/3/3 2681/1/3
f 2532/2/3 2533/4/3 2683/3/3 2682/1/3
f 2533/2/3 2534/4/3 2684/3/3 2683/1/3
f 2534/2/3 2535/4/3 2685/3/3 2684/1/3
f 2535/2/3 2536/4/3 2686/3/3 2685/1/3
f 2536/2/3 2537/4/3 2687/3/3 2686/1/3
f 2537/2/3 2538/4/3 2688/3/3 2687/1/3
f 2538/2/3 2539/4/3 2689/3/3 2688/1/3
f 2540/1/5 2690/2/5 2689/4/5 2539/3/5
f 2541/3/2 2542/1/2 2692/2/2 2691/4/2
f 2542/2/3 2543/4/3 2693/3/3 2692/1/3
f 2544/1/5 2694/2/5 2693/4/5 2543/3/5
f 2545/3/2 2504/1/2 2654/2/2 2695/4/2
f 2545/1/6 2695/2/6 2696/4/6 2546/3/6
f 2546/1/6 2696/2/6 2697/4/6 2547/3/6
f 2547/1/6 2697/2/6 2698/4/6 2548/3/6
f 2548/1/6 2698/2/6 2699/4/6 2549/3/6
f 2549/1/6 2699/2/6 2700/4/6 2550/3/6
f 2550/1/6 2700/2/6 2701/4/6 2551/3/6
f 2551/1/6 2701/2/6 2702/4/6 2552/3/6
f 2552/1/6 2702/2/6 2703/4/6 2553/3/6
f 2553/1/6 2703/2/6 2704/4/6 2554/3/6
f 2554/1/6 2704/2/6 2705/4/6 2555/3/6
f 2555/1/6 2705/2/6 2706/4/6 2556/3/6
f 2556/1/6 2706/2/6 2707/4/6 2557/3/6
f 2557/1/6 2707/2/6 2708/4/6 2558/3/6
f 2558/1/6 2708/2/6 2709/4/6 2559/3/6
f 2559/1/6 2709/2/6 2710/4/6 2560/3/6
f 2560/1/6 2710/2/6 2711/4/6 2561/3/6
f 2561/1/6 2711/2/6 2712/4/6 2562/3/6
f 2562/1/6 2712/2/6 2713/4/6 2563/3/6
f 2563/1/6 2713/2/6 2714/4/6 2564/3/6
f 2564/1/6 2714/2/6 2715/4/6 2565/3/6
f 2565/1/6 2715/2/6 2716/4/6 2566/3/6
f 2566/1/6 2716/2/6 2717/4/6 2567/3/6
f 2567/1/6 2717/2/6 2718/4/6 2568/3/6
f 2568/1/6 2718/2/6 2719/4/6 2569/3/6
f 2569/1/6 2719/2/6 2720/4/6 2570/3/6
f 2570/1/6 2720/2/6 2721/4/6 2571/3/6
f 2571/1/6 2721/2/6 2722/4/6 2572/3/6
f 2572/1/6 2722/2/6 2723/4/6 2573/3/6
f 2573/1/6 2723/2/6 2724/4/6 2574/3/6
f 2574/1/6 2724/2/6 2725/4/6 2575/3/6
f 2575/1/6 2725/2/6 2726/4/6 2576/3/6
f 2576/1/6 2726/2/6 2727/4/6 2577/3/6
f 2577/1/6 2727/2/6 2728/4/6 2578/3/6
f 2578/1/6 2728/2/6 2729/4/6 2579/3/6
f 2579/1/6 2729/2/6 2730/4/6 2580/3/6
f 2580/1/6 2730/2/6 2731/4/6 2581/3/6
f 2581/1/6 2731/2/6 2732/4/6 2582/3/6
f 2583/1/5 2733/2/5 2690/4/5 2540/3/5
f 2582/1/6 2732/2/6 2733/4/6 2583/3/6
f 2584/3/2 2541/1/2 2691/2/2 2734/4/2
f 2585/1/5 2735/2/5 2694/4/5 2544/3/5
f 2584/1/6 2734/2/6 2735/4/6 2585/3/6
f 2586/3/2 2587/1/2 2737/2/2 2736/4/2
f 2587/2/3 2588/4/3 2738/3/3 2737/1/3
f 2588/2/3 2589/4/3 2739/3/3 2738/1/3
f 2589/2/3 2590/4/3 2740/3/3 2739/1/3
f 2591/1/5 2741/2/5 2740/4/5 2590/3/5
f 2592/3/2 2586/1/2 2736/2/2 2742/4/2
f 2593/1/5 2743/2/5 2741/4/5 2591/3/5
f 2594/3/2 2592/1/2 2742/2/2 2744/4/2
f 2595/1/5 2745/2/5 2743/4/5 2593/3/5
f 2596/3/2 2594/1/2 2744/2/2 2746/4/2
f 2597/1/5 2747/2/5 2745/4/5 2595/3/5
f 2598/3/2 2596/1/2 2746/2/2 2748/4/2
f 2599/1/5 2749/2/5 2747/4/5 2597/3/5
f 2600/3/2 2598/1/2 2748/2/2 2750/4/2
f 2601/1/5 2751/2/5 2749/4/5 2599/3/5
f 2602/3/2 2600/1/2 2750/2/2 2752/4/2
f 2603/1/5 2753/2/5 2751/4/5 2601/3/5
f 2604/3/2 2602/1/2 2752/2/2 2754/4/2
f 2605/1/5 2755/2/5 2753/4/5 2603/3/5
f 2606/3/2 2604/1/2 2754/2/2 2756/4/2
f 2607/1/5 2757/2/5 2755/4/5 2605/3/5
f 2608/3/2 2606/1/2 2756/2/2 2758/4/2
f 2609/1/5 2759/2/5 2757/4/5 2607/3/5
f 2610/3/2 2608/1/2 2758/2/2 2760/4/2
f 2611/1/5 2761/2/5 2759/4/5 2609/3/5
f 2612/3/2 2610/1/2 2760/2/2 2762/4/2
f 2613/1/5 2763/2/5 2761/4/5 2611/3/5
f 2614/3/2 2612/1/2 2762/2/2 2764/4/2
f 2615/1/5 2765/2/5 2763/4/5 2613/3/5
f 2616/3/2 2614/1/2 2764/2/2 2766/4/2
f 2617/1/5 2767/2/5 2765/4/5 2615/3/5
f 2618/3/2 2616/1/2 2766/2/2 2768/4/2
f 2619/1/5 2769/2/5 2767/4/5 2617/3/5
f 2620/3/2 2618/1/2 2768/2/2 2770/4/2
f 2621/1/5 2771/2/5 2769/4/5 2619/3/5
f 2622/3/2 2620/1/2 2770/2/2 2772/4/2
f 2623/1/5 2773/2/5 2771/4/5 2621/3/5
f 2624/3/2 2622/1/2 2772/2/2 2774/4/2
f 2625/1/5 2775/2/5 2773/4/5 2623/3/5
f 2626/3/2 2624/1/2 2774/2/2 2776/4/2
f 2627/1/5 2777/2/5 2775/4/5 2625/3/5
f 2628/3/2 2626/1/2 2776/2/2 2778/4/2
f 2629/1/5 2779/2/5 2777/4/5 2627/3/5
f 2630/3/2 2628/1/2 2778/2/2 2780/4/2
f 2631/1/5 2781/2/5 2779/4/5 2629/3/5
f 2632/3/2 2630/1/2 2780/2/2 2782/4/2
f 2633/1/5 2783/2/5 2781/4/5 2631/3/5
f 2634/3/2 2632/1/2 2782/2/2 2784/4/2
f 2635/1/5 2785/2/5 2783/4/5 2633/3/5
f 2636/3/2 2634/1/2 2784/2/2 2786/4/2
f 2637/1/5 2787/2/5 2785/4/5 2635/3/5
f 2638/3/2 2636/1/2 2786/2/2 2788/4/2
f 2639/1/5 2789/2/5 2787/4/5 2637/3/5
f 2640/3/2 2638/1/2 2788/2/2 2790/4/2
f 2641/1/5 2791/2/5 2789/4/5 2639/3/5
f 2642/3/2 2640/1/2 2790/2/2 2792/4/2
f 2643/1/5 2793/2/5 2791/4/5 2641/3/5
f 2644/3/2 2642/1/2 2792/2/2 2794/4/2
f 2645/1/5 2795/2/5 2793/4/5 2643/3/5
f 2646/3/2 2644/1/2 2794/2/2 2796/4/2
f 2647/1/5 2797/2/5 2795/4/5 2645/3/5
f 2648/3/2 2646/1/2 2796/2/2 2798/4/2
f 2649/1/5 2799/2/5 2797/4/5 2647/3/5
f 2650/3/2 2648/1/2 2798/2/2 2800/4/2
f 2651/1/5 2801/2/5 2799/4/5 2649/3/5
f 2652/3/2 2650/1/2 2800/2/2 2802/4/2
f 2653/1/5 2803/2/5 2801/4/5 2651/3/5
f 2654/3/2 2652/1/2 2802/2/2 2804/4/2
f 2653/2/3 2655/4/3 2805/3/3 2803/1/3
f 2655/2/3 2656/4/3 2806/3/3 2805/1/3
f 2656/2/3 2657/4/3 2807/3/3 2806/1/3
f 2657/2/3 2658/4/3 2808/3/3 2807/1/3
f 2658/2/3 2659/4/3 2809/3/3 2808/1/3
f 2659/2/3 2660/4/3 2810/3/3 2809/1/3
f 2660/2/3 2661/4/3 2811/3/3 2810/1/3
f 2661/2/3 2662/4/3 2812/3/3 2811/1/3
f 2662/2/3 2663/4/3 2813/3/3 2812/1/3
f 2663/2/3 2664/4/3 2814/3/3 2813/1/3
f 2664/2/3 2665/4/3 2815/3/3 2814/1/3
f 2665/2/3 2666/4/3 2816/3/3 2815/1/3
f 2666/2/3 2667/4/3 2817/3/3 2816/1/3
f 2667/2/3 2668/4/3 2818/3/3 2817/1/3
f 2668/2/3 2669/4/3 2819/3/3 2818/1/3
f 2669/2/3 2670/4/3 2820/3/3 2819/1/3
f 2670/2/3 2671/4/3 2821/3/3 2820/1/3
f 2671/2/3 2672/4/3 2822/3/3 2821/1/3
f 2672/2/3 2673/4/3 2823/3/3 2822/1/3
f 2673/2/3 2674/4/3 2824/3/3 2823/1/3
f 2674/2/3 2675/4/3 2825/3/3 2824/1/3
f 2675/2/3 2676/4/3 2826/3/3 2825/1/3
f 2676/2/3 2677/4/3 2827/3/3 2826/1/3
f 2677/2/3 2678/4/3 2828/3/3 2827/1/3
f 2678/2/3 2679/4/3 2829/3/3 2828/1/3
f 2679/2/3 2680/4/3 2830/3/3 2829/1/3
f 2680/2/3 2681/4/3 2831/3/3 2830/1/3
f 2681/2/3 2682/4/3 2832/3/3 2831/1/3
f 2682/2/3 2683/4/3 2833/3/3 2832/1/3
f 2683/2/3 2684/4/3 2834/3/3 2833/1/3
f 2684/2/3 2685/4/3 2835/3/3 2834/1/3
f 2685/2/3 2686/4/3 2836/3/3 2835/1/3
f 2686/2/3 2687/4/3 2837/3/3 2836/1/3
f 2687/2/3 2688/4/3 2838/3/3 2837/1/3
f 2688/2/3 2689/4/3 2839/3/3 2838/1/3
f 2690/1/5 2840/2/5 2839/4/5 2689/3/5
f 2691/3/2 2692/1/2 2842/2/2 2841/4/2
f 2692/2/3 2693/4/3 2843/3/3 2842/1/3
f 2694/1/5 2844/2/5 2843/4/5 2693/3/5
f 2695/3/2 2654/1/2 2804/2/2 2845/4/2
f 2695/1/6 2845/2/6 2846/4/6 2696/3/6
f 2696/1/6 2846/2/6 2847/4/6 2697/3/6
f 2697/1/6 2847/2/6 2848/4/6 2698/3/6
f 2698/1/6 2848/2/6 2849/4/6 2699/3/6
f 2699/1/6 2849/2/6 2850/4/6 2700/3/6
f 2700/1/6 2850/2/6 2851/4/6 2701/3/6
f 2701/1/6 2851/2/6 2852/4/6 2702/3/6
f 2702/1/6 2852/2/6 2853/4/6 2703/3/6
f 2703/1/6 2853/2/6 2854/4/6 2704/3/6
f 2704/1/6 2854/2/6 2855/4/6 2705/3/6
f 2705/1/6 2855/2/6 2856/4/6 2706/3/6
f 2706/1/6 2856/2/6 2857/4/6 2707/3/6
f 2707/1/6 2857/2/6 2858/4/6 2708/3/6
f 2708/1/6 2858/2/6 2859/4/6 2709/3/6
f 2709/1/6 2859/2/6 2860/4/6 2710/3/6
f 2710/1/6 2860/2/6 2861/4/6 2711/3/6
f 2711/1/6 2861/2/6 2862/4/6 2712/3/6
f 2712/1/6 2862/2/6 2863/4/6 2713/3/6
f 2713/1/6 2863/2/6 2864/4/6 2714/3/6
f 2714/1/6 2864/2/6 2865/4/6 2715/3/6
f 2715/1/6 2865/2/6 2866/4/6 2716/3/6
f 2716/1/6 2866/2/6 2867/4/6 2717/3/6
f 2717/1/6 2867/2/6 2868/4/6 2718/3/6
f 2718/1/6 2868/2/6 2869/4/6 2719/3/6
f 2719/1/6 2869/2/6 2870/4/6 2720/3/6
f 2720/1/6 2870/2/6 2871/4/6 2721/3/6
f 2721/1/6 2871/2/6 2872/4/6 2722/3/6
f 2722/1/6 2872/2/6 2873/4/6 2723/3/6
f 2723/1/6 2873/2/6 2874/4/6 2724/3/6
f 2724/1/6 2874/2/6 2875/4/6 2725/3/6
f 2725/1/6 2875/2/6 2876/4/6 2726/3/6
f 2726/1/6 2876/2/6 2877/4/6 2727/3/6
f 2727/1/6 2877/2/6 2878/4/6 2728/3/6
f 2728/1/6 2878/2/6 2879/4/6 2729/3/6
f 2729/1/6 2879/2/6 2880/4/6 2730/3/6
f 2730/1/6 2880/2/6 2881/4/6 2731/3/6
f 2731/1/6 2881/2/6 2882/4/6 2732/3/6
f 2733/1/5 2883/2/5 2840/4/5 2690/3/5
f 2732/1/6 2882/2/6 2883/4/6 2733/3/6
f 2734/3/2 2691/1/2 2841/2/2 2884/4/2
f 2735/1/5 2885/2/5 2844/4/5 2694/3/5
f 2734/1/6 2884/2/6 2885/4/6 2735/3/6
f 2736/3/2 2737/1/2 2887/2/2 2886/4/2
f 2737/2/3 2738/4/3 2888/3/3 2887/1/3
f 2738/2/3 2739/4/3 2889/3/3 2888/1/3
f 2739/2/3 2740/4/3 2890/3/3 2889/1/3
f 2741/1/5 2891/2/5 2890/4/5 2740/3/5
f 2742/3/2 2736/1/2 2886/2/2 2892/4/2
f 2743/1/5 2893/2/5 2891/4/5 2741/3/5
f 2744/3/2 2742/1/2 2892/2/2 2894/4/2
f 2745/1/5 2895/2/5 2893/4/5 2743/3/5
f 2746/3/2 2744/1/2 2894/2/2 2896/4/2
f 2747/1/5 2897/2/5 2895/4/5 2745/3/5
f 2748/3/2 2746/1/2 2896/2/2 2898/4/2
f 2749/1/5 2899/2/5 2897/4/5 2747/3/5
f 2750/3/2 2748/1/2 2898/2/2 2900/4/2
f 2751/1/5 2901/2/5 2899/4/5 2749/3/5
f 2752/3/2 2750/1/2 2900/2/2 2902/4/2
f 2753/1/5 2903/2/5 2901/4/5 2751/3/5
f 2754/3/2 2752/1/2 2902/2/2 2904/4/2
f 2755/1/5 2905/2/5 2903/4/5 2753/3/5
f 2756/3/2 2754/1/2 2904/2/2 2906/4/2
f 2757/1/5 2907/2/5 2905/4/5 2755/3/5
f 2758/3/2 2756/1/2 2906/2/2 2908/4/2
f 2759/1/5 2909/2/5 2907/4/5 2757/3/5
f 2760/3/2 2758/1/2 2908/2/2 2910/4/2
f 2761/1/5 2911/2/5 2909/4/5 2759/3/5
f 2762/3/2 2760/1/2 2910/2/2 2912/4/2
f 2763/1/5 2913/2/5 2911/4/5 2761/3/5
f 2764/3/2 2762/1/2 2912/2/2 2914/4/2
f 2765/1/5 2915/2/5 2913/4/5 2763/3/5
f 2766/3/2 2764/1/2 2914/2/2 2916/4/2
f 2767/1/5 2917/2/5 2915/4/5 2765/3/5
f 2768/3/2 2766/1/2 2916/2/2 2918/4/2
f 2769/1/5 2919/2/5 2917/4/5 2767/3/5
f 2770/3/2 2768/1/2 2918/2/2 2920/4/2
f 2771/1/5 2921/2/5 2919/4/5 2769/3/5
f 2772/3/2 2770/1/2 2920/2/2 2922/4/2
f 2773/1/5 2923/2/5 2921/4/5 2771/3/5
f 2774/3/2 2772/1/2 2922/2/2 2924/4/2
f 2775/1/5 2925/2/5 2923/4/5 2773/3/5
f 2776/3/2 2774/1/2 2924/2/2 2926/4/2
f 2777/1/5 2927/2/5 2925/4/5 2775/3/5
f 2778/3/2 2776/1/2 2926/2/2 2928/4/2
f 2779/1/5 2929/2/5 2927/4/5 2777/3/5
f 2780/3/2 2778/1/2 2928/2/2 2930/4/2
f 2781/1/5 2931/2/5 2929/4/5 2779/3/5
f 2782/3/2 2780/1/2 2930/2/2 2932/4/2
f 2783/1/5 2933/2/5 2931/4/5 2781/3/5
f 2784/3/2 2782/1/2 2932/2/2 2934/4/2
f 2785/1/5 2935/2/5 2933/4/5 2783/3/5
f 2786/3/2 2784/1/2 2934/2/2 2936/4/2
f 2787/1/5 2937/2/5 2935/4/5 2785/3/5
f 2788/3/2 2786/1/2 2936/2/2 2938/4/2
f 2789/1/5 2939/2/5 2937/4/5 2787/3/5
f 2790/3/2 2788/1/2 2938/2/2 2940/4/2
f 2791/1/5 2941/2/5 2939/4/5 2789/3/5
f 2792/3/2 2790/1/2 2940/2/2 2942/4/2
f 2793/1/5 2943/2/5 2941/4/5 2791/3/5
f 2794/3/2 2792/1/2 2942/2/2 2944/4/2
f 2795/1/5 2945/2/5 2943/4/5 2793/3/5
f 2796/3/2 2794/1/2 2944/2/2 2946/4/2
f 2797/1/5 2947/2/5 2945/4/5 2795/3/5
f 2798/3/2 2796/1/2 2946/2/2 2948/4/2
f 2799/1/5 2949/2/5 2947/4/5 2797/3/5
f 2800/3/2 2798/1/2 2948/2/2 2950/4/2
f 2801/1/5 2951/2/5 2949/4/5 2799/3/5
f 2802/3/2 2800/1/2 2950/2/2 2952/4/2
f 2803/1/5 2953/2/5 2951/4/5 2801/3/5
f 2804/3/2 2802/1/2 2952/2/2 2954/4/2
f 2803/2/3 2805/4/3 2955/3/3 2953/1/3
f 2805/2/3 2806/4/3 2956/3/3 2955/1/3
f 2806/2/3 2807/4/3 2957/3/3 2956/1/3
f 2807/2/3 2808/4/3 2958/3/3 2957/1/3
f 2808/2/3 2809/4/3 2959/3/3 2958/1/3
f 2809/2/3 2810/4/3 2960/3/3 2959/1/3
f 2810/2/3 2811/4/3 2961/3/3 2960/1/3
f 2811/2/3 2812/4/3 2962/3/3 2961/1/3
f 2812/2/3 2813/4/3 2963/3/3 2962/1/3
f 2813/2/3 2814/4/3 2964/3/3 2963/1/3
f 2814/2/3 2815/4/3 2965/3/3 2964/1/3
f 2815/2/3 2816/4/3 2966/3/3 2965/1/3
f 2816/2/3 2817/4/3 2967/3/3 2966/1/3
f 2817/2/3 2818/4/3 2968/3/3 2967/1/3
f 2818/2/3 2819/4/3 2969/3/3 2968/1/3
f 2819/2/3 2820/4/3 2970/3/3 2969/1/3
f 2820/2/3 2821/4/3 2971/3/3 2970/1/3
f 2821/2/3 2822/4/3 2972/3/3 2971/1/3
f 2822/2/3 2823/4/3 2973/3/3 2972/1/3
f 2823/2/3 2824/4/3 2974/3/3 2973/1/3
f 2824/2/3 2825/4/3 2975/3/3 2974/1/3
f 2825/2/3 2826/4/3 2976/3/3 2975/1/3
f 2826/2/3 2827/4/3 2977/3/3 2976/1/3
f 2827/2/3 2828/4/3 2978/3/3 2977/1/3
f 2828/2/3 2829/4/3 2979/3/3 2978/1/3
f 2829/2/3 2830/4/3 2980/3/3 2979/1/3
f 2830/2/3 2831/4/3 2981/3/3 2980/1/3
f 2831/2/3 2832/4/3 2982/3/3 2981/1/3
f 2832/2/3 2833/4/3 2983/3/3 2982/1/3
f 2833/2/3 2834/4/3 2984/3/3 2983/1/3
f 2834/2/3 2835/4/3 2985/3/3 2984/1/3
f 2835/2/3 2836/4/3 2986/3/3 2985/1/3
f 2836/2/3 2837/4/3 2987/3/3 2986/1/3
f 2837/2/3 2838/4/3 2988/3/3 2987/1/3
f 2838/2/3 2839/4/3 2989/3/3 2988/1/3
f 2840/1/5 2990/2/5 2989/4/5 2839/3/5
f 2841/3/2 2842/1/2 2992/2/2 2991/4/2
f 2842/2/3 2843/4/3 2993/3/3 2992/1/3
f 2844/1/5 2994/2/5 2993/4/5 2843/3/5
f 2845/3/2 2804/1/2 2954/2/2 2995/4/2
f 2845/1/6 2995/2/6 2996/4/6 2846/3/6
f 2846/1/6 2996/2/6 2997/4/6 2847/3/6
f 2847/1/6 2997/2/6 2998/4/6 2848/3/6
f 2848/1/6 2998/2/6 2999/4/6 2849/3/6
f 2849/1/6 2999/2/6 3000/4/6 2850/3/6
f 2850/1/6 3000/2/6 3001/4/6 2851/3/6
f 2851/1/6 3001/2/6 3002/4/6 2852/3/6
f 2852/1/6 3002/2/6 3003/4/6 2853/3/6
f 2853/1/6 3003/2/6 3004/4/6 2854/3/6
f 2854/1/6 3004/2/6 3005/4/6 2855/3/6
f 2855/1/6 3005/2/6 3006/4/6 2856/3/6
f 2856/1/6 3006/2/6 3007/4/6 2857/3/6
f 2857/1/6 3007/2/6 3008/4/6 2858/3/6
f 2858/1/6 3008/2/6 3009/4/6 2859/3/6
f 2859/1/6 3009/2/6 3010/4/6 2860/3/6
f 2860/1/6 3010/2/6 3011/4/6 2861/3/6
f 2861/1/6 3011/2/6 3012/4/6 2862/3/6
f 2862/1/6 3012/2/6 3013/4/6 2863/3/6
f 2863/1/6 3013/2/6 3014/4/6 2864/3/6
f 2864/1/6 3014/2/6 3015/4/6 2865/3/6
f 2865/1/6 3015/2/6 3016/4/6 2866/3/6
f 2866/1/6 3016/2/6 3017/4/6 2867/3/6
f 2867/1/6 3017/2/6 3018/4/6 2868/3/6
f 2868/1/6 3018/2/6 3019/4/6 2869/3/6
f 2869/1/6 3019/2/6 3020/4/6 2870/3/6
f 2870/1/6 3020/2/6 3021/4/6 2871/3/6
f 2871/1/6 3021/2/6 3022/4/6 2872/3/6
f 2872/1/6 3022/2/6 3023/4/6 2873/3/6
f 2873/1/6 3023/2/6 3024/4/6 2874/3/6
f 2874/1/6 3024/2/6 3025/4/6 2875/3/6
f 2875/1/6 3025/2/6 3026/4/6 2876/3/6
f 2876/1/6 3026/2/6 3027/4/6 2877/3/6
f 2877/1/6 3027/2/6 3028/4/6 2878/3/6
f 2878/1/6 3028/2/6 3029/4/6 2879/3/6
f 2879/1/6 3029/2/6 3030/4/6 2880/3/6
f 2880/1/6 3030/2/6 3031/4/6 2881/3/6
f 2881/1/6 3031/2/6 3032/4/6 2882/3/6
f 2883/1/5 3033/2/5 2990/4/5 2840/3/5
f 2882/1/6 3032/2/6 3033/4/6 2883/3/6
f 2884/3/2 2841/1/2 2991/2/2 3034/4/2
f 2885/1/5 3035/2/5 2994/4/5 2844/3/5
f 2884/1/6 3034/2/6 3035/4/6 2885/3/6
f 2886/3/2 2887/1/2 3037/2/2 3036/4/2
f 2887/2/3 2888/4/3 3038/3/3 3037/1/3
f 2888/2/3 2889/4/3 3039/3/3 3038/1/3
f 2889/2/3 2890/4/3 3040/3/3 3039/1/3
f 2891/1/5 3041/2/5 3040/4/5 2890/3/5
f 2892/3/2 2886/1/2 3036/2/2 3042/4/2
f 2893/1/5 3043/2/5 3041/4/5 2891/3/5
f 2894/3/2 2892/1/2 3042/2/2 3044/4/2
f 2895/1/5 3045/2/5 3043/4/5 2893/3/5
f 2896/3/2 2894/1/2 3044/2/2 3046/4/2
f 2897/1/5 3047/2/5 3045/4/5 2895/3/5
f 2898/3/2 2896/1/2 3046/2/2 3048/4/2
f 2899/1/5 3049/2/5 3047/4/5 2897/3/5
f 2900/3/2 2898/1/2 3048/2/2 3050/4/2
f 2901/1/5 3051/2/5 3049/4/5 2899/3/5
f 2902/3/2 2900/1/2 3050/2/2 3052/4/2
f 2903/1/5 3053/2/5 3051/4/5 2901/3/5
f 2904/3/2 2902/1/2 3052/2/2 3054/4/2
f 2905/1/5 3055/2/5 3053/4/5 2903/3/5
f 2906/3/2 2904/1/2 3054/2/2 3056/4/2
f 2907/1/5 3057/2/5 3055/4/5 2905/3/5
f 2908/3/2 2906/1/2 3056/2/2 3058/4/2
f 2909/1/5 3059/2/5 3057/4/5 2907/3/5
f 2910/3/2 2908/1/2 3058/2/2 3060/4/2
f 2911/1/5 3061/2/5 3059/4/5 2909/3/5
f 2912/3/2 2910/1/2 3060/2/2 3062/4/2
f 2913/1/5 3063/2/5 3061/4/5 2911/3/5
f 2914/3/2 2912/1/2 3062/2/2 3064/4/2
f 2915/1/5 3065/2/5 3063/4/5 2913/3/5
f 2916/3/2 2914/1/2 3064/2/2 3066/4/2
f 2917/1/5 3067/2/5 3065/4/5 2915/3/5
f 2918/3/2 2916/1/2 3066/2/2 3068/4/2
f 2919/1/5 3069/2/5 3067/4/5 2917/3/5
f 2920/3/2 2918/1/2 3068/2/2 3070/4/2
f 2921/1/5 3071/2/5 3069/4/5 2919/3/5
f 2922/3/2 2920/1/2 3070/2/2 3072/4/2
f 2923/1/5 3073/2/5 3071/4/5 2921/3/5
f 2924/3/2 2922/1/2 3072/2/2 3074/4/2
f 2925/1/5 3075/2/5 3073/4/5 2923/3/5
f 2926/3/2 2924/1/2 3074/2/2 3076/4/2
f 2927/1/5 3077/2/5 3075/4/5 2925/3/5
f 2928/3/2 2926/1/2 3076/2/2 3078/4/2
f 2929/1/5 3079/2/5 3077/4/5 2927/3/5
f 2930/3/2 2928/1/2 3078/2/2 3080/4/2
f 2931/1/5 3081/2/5 3079/4/5 2929/3/5
f 2932/3/2 2930/1/2 3080/2/2 3082/4/2
f 2933/1/5 3083/2/5 3081/4/5 2931/3/5
f 2934/3/2 2932/1/2 3082/2/2 3084/4/2
f 2935/1/5 3085/2/5 3083/4/5 2933/3/5
f 2936/3/2 2934/1/2 3084/2/2 3086/4/2
f 2937/1/5 3087/2/5 3085/4/5 2935/3/5
f 2938/3/2 2936/1/2 3086/2/2 3088/4/2
f 2939/1/5 3089/2/5 3087/4/5 2937/3/5
f 2940/3/2 2938/1/2 3088/2/2 3090/4/2
f 2941/1/5 3091/2/5 3089/4/5 2939/3/5
f 2942/3/2 2940/1/2 3090/2/2 3092/4/2
f 2943/1/5 3093/2/5 3091/4/5 2941/3/5
f 2944/3/2 2942/1/2 3092/2/2 3094/4/2
f 2945/1/5 3095/2/5 3093/4/5 2943/3/5
f 2946/3/2 2944/1/2 3094/2/2 3096/4/2
f 2947/1/5 3097/2/5 3095/4/5 2945/3/5
f 2948/3/2 2946/1/2 3096/2/2 3098/4/2
f 2949/1/5 3099/2/5 3097/4/5 2947/3/5
f 2950/3/2 2948/1/2 3098/2/2 3100/4/2
f 2951/1/5 3101/2/5 3099/4/5 2949/3/5
f 2952/3/2 2950/1/2 3100/2/2 3102/4/2
f 2953/1/5 3103/2/5 3101/4/5 2951/3/5
f 2954/3/2 2952/1/2 3102/2/2 3104/4/2
f 2953/2/3 2955/4/3 3105/3/3 3103/1/3
f 2955/2/3 2956/4/3 3106/3/3 3105/1/3
f 2956/2/3 2957/4/3 3107/3/3 3106/1/3
f 2957/2/3 2958/4/3 3108/3/3 3107/1/3
f 2958/2/3 2959/4/3 3109/3/3 3108/1/3
f 2959/2/3 2960/4/3 3110/3/3 3109/1/3
f 2960/2/3 2961/4/3 3111/3/3 3110/1/3
f 2961/2/3 2962/4/3 3112/3/3 3111/1/3
f 2962/2/3 2963/4/3 3113/3/3 3112/1/3
f 2963/2/3 2964/4/3 3114/3/3 3113/1/3
f 2964/2/3 2965/4/3 3115/3/3 3114/1/3
f 2965/2/3 2966/4/3 3116/3/3 3115/1/3
f 2966/2/3 2967/4/3 3117/3/3 3116/1/3
f 2967/2/3 2968/4/3 3118/3/3 3117/1/3
f 2968/2/3 2969/4/3 3119/3/3 3118/1/3
f 2969/2/3 2970/4/3 3120/3/3 3119/1/3
f 2970/2/3 2971/4/3 3121/3/3 3120/1/3
f 2971/2/3 2972/4/3 3122/3/3 3121/1/3
f 2972/2/3 2973/4/3 3123/3/3 3122/1/3
f 2973/2/3 2974/4/3 3124/3/3 3123/1/3
f 2974/2/3 2975/4/3 3125/3/3 3124/1/3
f 2975/2/3 2976/4/3 3126/3/3 3125/1/3
f 2976/2/3 2977/4/3 3127/3/3 3126/1/3
f 2977/2/3 2978/4/3 3128/3/3 3127/1/3
f 2978/2/3 2979/4/3 3129/3/3 3128/1/3
f 2979/2/3 2980/4/3 3130/3/3 3129/1/3
f 2980/2/3 2981/4/3 3131/3/3 3130/1/3
f 2981/2/3 2982/4/3 3132/3/3 3131/1/3
f 2982/2/3 2983/4/3 3133/3/3 3132/1/3
f 2983/2/3 2984/4/3 3134/3/3 3133/1/3
f 2984/2/3 2985/4/3 3135/3/3 3134/1/3
f 2985/2/3 2986/4/3 3136/3/3 3135/1/3
f 2986/2/3 2987/4/3 3137/3/3 3136/1/3
f 2987/2/3 2988/4/3 3138/3/3 3137/1/3
f 2988/2/3 2989/4/3 3139/3/3 3138/1/3
f 2990/1/5 3140/2/5 3139/4/5 2989/3/5
f 2991/3/2 2992/1/2 3142/2/2 3141/4/2
f 2992/2/3 2993/4/3 3143/3/3 3142/1/3
f 2994/1/5 3144/2/5 3143/4/5 2993/3/5
f 2995/3/2 2954/1/2 3104/2/2 3145/4/2
f 2995/1/6 3145/2/6 3146/4/6 2996/3/6
f 2996/1/6 3146/2/6 3147/4/6 2997/3/6
f 2997/1/6 3147/2/6 3148/4/6 2998/3/6
f 2998/1/6 3148/2/6 3149/4/6 2999/3/6
f 2999/1/6 3149/2/6 3150/4/6 3000/3/6
f 3000/1/6 3150/2/6 3151/4/6 3001/3/6
f 3001/1/6 3151/2/6 3152/4/6 3002/3/6
f 3002/1/6 3152/2/6 3153/4/6 3003/3/6
f 3003/1/6 3153/2/6 3154/4/6 3004/3/6
f 3004/1/6 3154/2/6 3155/4/6 3005/3/6
f 3005/1/6 3155/2/6 3156/4/6 3006/3/6
f 3006/1/6 3156/2/6 3157/4/6 3007/3/6
f 3007/1/6 3157/2/6 3158/4/6 3008/3/6
f 3008/1/6 3158/2/6 3159/4/6 3009/3/6
f 3009/1/6 3159/2/6 3160/4/6 3010/3/6
f 3010/1/6 3160/2/6 3161/4/6 3011/3/6
f 3011/1/6 3161/2/6 3162/4/6 3012/3/6
f 3012/1/6 3162/2/6 3163/4/6 3013/3/6
f 3013/1/6 3163/2/6 3164/4/6 3014/3/6
f 3014/1/6 3164/2/6 3165/4/6 3015/3/6
f 3015/1/6 3165/2/6 3166/4/6 3016/3/6
f 3016/1/6 3166/2/6 3167/4/6 3017/3/6
f 3017/1/6 3167/2/6 3168/4/6 3018/3/6
f 3018/1/6 3168/2/6 3169/4/6 3019/3/6
f 3019/1/6 3169/2/6 3170/4/6 3020/3/6
f 3020/1/6 3170/2/6 3171/4/6 3021/3/6
f 3021/1/6 3171/2/6 3172/4/6 3022/3/6
f 3022/1/6 3172/2/6 3173/4/6 3023/3/6
f 3023/1/6 3173/2/6 3174/4/6 3024/3/6
f 3024/1/6 3174/2/6 3175/4/6 3025/3/6
f 3025/1/6 3175/2/6 3176/4/6 3026/3/6
f 3026/1/6 3176/2/6 3177/4/6 3027/3/6
f 3027/1/6 3177/2/6 3178/4/6 3028/3/6
f 3028/1/6 3178/2/6 3179/4/6 3029/3/6
f 3029/1/6 3179/2/6 3180/4/6 3030/3/6
f 3030/1/6 3180/2/6 3181/4/6 3031/3/6
f 3031/1/6 3181/2/6 3182/4/6 3032/3/6
f 3033/1/5 3183/2/5 3140/4/5 2990/3/5
f 3032/1/6 3182/2/6 3183/4/6 3033/3/6
f 3034/3/2 2991/1/2 3141/2/2 3184/4/2
f 3035/1/5 3185/2/5 3144/4/5 2994/3/5
f 3034/1/6 3184/2/6 3185/4/6 3035/3/6
f 3036/3/2 3037/1/2 3187/2/2 3186/4/2
f 3037/2/3 3038/4/3 3188/3/3 3187/1/3
f 3038/2/3 3039/4/3 3189/3/3 3188/1/3
f 3039/2/3 3040/4/3 3190/3/3 3189/1/3
f 3041/1/5 3191/2/5 3190/4/5 3040/3/5
f 3042/3/2 3036/1/2 3186/2/2 3192/4/2
f 3043/1/5 3193/2/5 3191/4/5 3041/3/5
f 3044/3/2 3042/1/2 3192/2/2 3194/4/2
f 3045/1/5 3195/2/5 3193/4/5 3043/3/5
f 3046/3/2 3044/1/2 3194/2/2 3196/4/2
f 3047/1/5 3197/2/5 3195/4/5 3045/3/5
f 3048/3/2 3046/1/2 3196/2/2 3198/4/2
f 3049/1/5 3199/2/5 3197/4/5 3047/3/5
f 3050/3/2 3048/1/2 3198/2/2 3200/4/2
f 3051/1/5 3201/2/5 3199/4/5 3049/3/5
f 3052/3/2 3050/1/2 3200/2/2 3202/4/2
f 3053/1/5 3203/2/5 3201/4/5 3051/3/5
f 3054/3/2 3052/1/2 3202/2/2 3204/4/2
f 3055/1/5 3205/2/5 3203/4/5 3053/3/5
f 3056/3/2 3054/1/2 3204/2/2 3206/4/2
f 3057/1/5 3207/2/5 3205/4/5 3055/3/5
f 3058/3/2 3056/1/2 3206/2/2 3208/4/2
f 3059/1/5 3209/2/5 3207/4/5 3057/3/5
f 3060/3/2 3058/1/2 3208/2/2 3210/4/2
f 3061/1/5 3211/2/5 3209/4/5 3059/3/5
f 3062/3/2 3060/1/2 3210/2/2 3212/4/2
f 3063/1/5 3213/2/5 3211/4/5 3061/3/5
f 3064/3/2 3062/1/2 3212/2/2 3214/4/2
f 3065/1/5 3215/2/5 3213/4/5 3063/3/5
f 3066/3/2 3064/1/2 3214/2/2 3216/4/2
f 3067/1/5 3217/2/5 3215/4/5 3065/3/5
f 3068/3/2 3066/1/2 3216/2/2 3218/4/2
f 3069/1/5 3219/2/5 3217/4/5 3067/3/5
f 3070/3/2 3068/1/2 3218/2/2 3220/4/2
f 3071/1/5 3221/2/5 3219/4/5 3069/3/5
f 3072/3/2 3070/1/2 3220/2/2 3222/4/2
f 3073/1/5 3223/2/5 3221/4/5 3071/3/5
f 3074/3/2 3072/1/2 3222/2/2 3224/4/2
f 3075/1/5 3225/2/5 3223/4/5 3073/3/5
f 3076/3/2 3074/1/2 3224/2/2 3226/4/2
f 3077/1/5 3227/2/5 3225/4/5 3075/3/5
f 3078/3/2 3076/1/2 3226/2/2 3228/4/2
f 3079/1/5 3229/2/5 3227/4/5 3077/3/5
f 3080/3/2 3078/1/2 3228/2/2 3230/4/2
f 3081/1/5 3231/2/5 3229/4/5 3079/3/5
f 3082/3/2 3080/1/2 3230/2/2 3232/4/2
f 3083/1/5 3233/2/5 3231/4/5 3081/3/5
f 3084/3/2 3082/1/2 3232/2/2 3234/4/2
f 3085/1/5 3235/2/5 3233/4/5 3083/3/5
f 3086/3/2 3084/1/2 3234/2/2 3236/4/2
f 3087/1/5 3237/2/5 3235/4/5 3085/3/5
f 3088/3/2 3086/1/2 3236/2/2 3238/4/2
f 3089/1/5 3239/2/5 3237/4/5 3087/3/5
f 3090/3/2 3088/1/2 3238/2/2 3240/4/2
f 3091/1/5 3241/2/5 3239/4/5 3089/3/5
f 3092/3/2 3090/1/2 3240/2/2 3242/4/2
f 3093/1/5 3243/2/5 3241/4/5 3091/3/5
f 3094/3/2 3092/1/2 3242/2/2 3244/4/2
f 3095/1/5 3245/2/5 3243/4/5 3093/3/5
f 3096/3/2 3094/1/2 3244/2/2 3246/4/2
f 3097/1/5 3247/2/5 3245/4/5 3095/3/5
f 3098/3/2 3096/1/2 3246/2/2 3248/4/2
f 3099/1/5 3249/2/5 3247/4/5 3097/3/5
f 3100/3/2 3098/1/2 3248/2/2 3250/4/2
f 3101/1/5 3251/2/5 3249/4/5 3099/3/5
f 3102/3/2 3100/1/2 3250/2/2 3252/4/2
f 3103/1/5 3253/2/5 3251/4/5 3101/3/5
f 3104/3/2 3102/1/2 3252/2/2 3254/4/2
f 3103/2/3 3105/4/3 3255/3/3 3253/1/3
f 3105/2/3 3106/4/3 3256/3/3 3255/1/3
f 3106/2/3 3107/4/3 3257/3/3 3256/1/3
f 3107/2/3 3108/4/3 3258/3/3 3257/1/3
f 3108/2/3 3109/4/3 3259/3/3 3258/1/3
f 3109/2/3 3110/4/3 3260/3/3 3259/1/3
f 3110/2/3 3111/4/3 3261/3/3 3260/1/3
f 3111/2/3 3112/4/3 3262/3/3 3261/1/3
f 3112/2/3 3113/4/3 3263/3/3 3262/1/3
f 3113/2/3 3114/4/3 3264/3/3 3263/1/3
f 3114/2/3 3115/4/3 3265/3/3 3264/1/3
f 3115/2/3 3116/4/3 3266/3/3 3265/1/3
f 3116/2/3 3117/4/3 3267/3/3 3266/1/3
f 3117/2/3 3118/4/3 3268/3/3 3267/1/3
f 3118/2/3 3119/4/3 3269/3/3 3268/1/3
f 3119/2/3 3120/4/3 3270/3/3 3269/1/3
f 3120/2/3 3121/4/3 3271/3/3 3270/1/3
f 3121/2/3 3122/4/3 3272/3/3 3271/1/3
f 3122/2/3 3123/4/3 3273/3/3 3272/1/3
f 3123/2/3 3124/4/3 3274/3/3 3273/1/3
f 3124/2/3 3125/4/3 3275/3/3 3274/1/3
f 3125/2/3 3126/4/3 3276/3/3 3275/1/3
f 3126/2/3 3127/4/3 3277/3/3 3276/1/3
f 3127/2/3 3128/4/3 3278/3/3 3277/1/3
f 3128/2/3 3129/4/3 3279/3/3 3278/1/3
f 3129/2/3 3130/4/3 3280/3/3 3279/1/3
f 3130/2/3 3131/4/3 3281/3/3 3280/1/3
f 3131/2/3 3132/4/3 3282/3/3 3281/1/3
f 3132/2/3 3133/4/3 3283/3/3 3282/1/3
f 3133/2/3 3134/4/3 3284/3/3 3283/1/3
f 3134/2/3 3135/4/3 3285/3/3 3284/1/3
f 3135/2/3 3136/4/3 3286/3/3 3285/1/3
f 3136/2/3 3137/4/3 3287/3/3 3286/1/3
f 3137/2/3 3138/4/3 3288/3/3 3287/1/3
f 3138/2/3 3139/4/3 3289/3/3 3288/1/3
f 3140/1/5 3290/2/5 3289/4/5 3139/3/5
f 3141/3/2 3142/1/2 3292/2/2 3291/4/2
f 3142/2/3 3143/4/3 3293/3/3 3292/1/3
f 3144/1/5 3294/2/5 3293/4/5 3143/3/5
f 3145/3/2 3104/1/2 3254/2/2 3295/4/2
f 3145/1/6 3295/2/6 3296/4/6 3146/3/6
f 3146/1/6 3296/2/6 3297/4/6 3147/3/6
f 3147/1/6 3297/2/6 3298/4/6 3148/3/6
f 3148/1/6 3298/2/6 3299/4/6 3149/3/6
f 3149/1/6 3299/2/6 3300/4/6 3150/3/6
f 3150/1/6 3300/2/6 3301/4/6 3151/3/6
f 3151/1/6 3301/2/6 3302/4/6 3152/3/6
f 3152/1/6 3302/2/6 3303/4/6 3153/3/6
f 3153/1/6 3303/2/6 3304/4/6 3154/3/6
f 3154/1/6 3304/2/6 3305/4/6 3155/3/6
f 3155/1/6 3305/2/6 3306/4/6 3156/3/6
f 3156/1/6 3306/2/6 3307/4/6 3157/3/6
f 3157/1/6 3307/2/6 3308/4/6 3158/3/6
f 3158/1/6 3308/2/6 3309/4/6 3159/3/6
f 3159/1/6 3309/2/6 3310/4/6 3160/3/6
f 3160/1/6 3310/2/6 3311/4/6 3161/3/6
f 3161/1/6 3311/2/6 3312/4/6 3162/3/6
f 3162/1/6 3312/2/6 3313/4/6 3163/3/6
f 3163/1/6 3313/2/6 3314/4/6 3164/3/6
f 3164/1/6 3314/2/6 3315/4/6 3165/3/6
f 3165/1/6 3315/2/6 3316/4/6 3166/3/6
f 3166/1/6 3316/2/6 3317/4/6 3167/3/6
f 3167/1/6 3317/2/6 3318/4/6 3168/3/6
f 3168/1/6 3318/2/6 3319/4/6 3169/3/6
f 3169/1/6 3319/2/6 3320/4/6 3170/3/6
f 3170/1/6 3320/2/6 3321/4/6 3171/3/6
f 3171/1/6 3321/2/6 3322/4/6 3172/3/6
f 3172/1/6 3322/2/6 3323/4/6 3173/3/6
f 3173/1/6 3323/2/6 3324/4/6 3174/3/6
f 3174/1/6 3324/2/6 3325/4/6 3175/3/6
f 3175/1/6 3325/2/6 3326/4/6 3176/3/6
f 3176/1/6 3326/2/6 3327/4/6 3177/3/6
f 3177/1/6 3327/2/6 3328/4/6 3178/3/6
f 3178/1/6 3328/2/6 3329/4/6 3179/3/6
f 3179/1/6 3329/2/6 3330/4/6 3180/3/6
f 3180/1/6 3330/2/6 3331/4/6 3181/3/6
f 3181/1/6 3331/2/6 3332/4/6 3182/3/6
f 3183/1/5 3333/2/5 3290/4/5 3140/3/5
f 3182/1/6 3332/2/6 3333/4/6 3183/3/6
f 3184/3/2 3141/1/2 3291/2/2 3334/4/2
f 3185/1/5 3335/2/5 3294/4/5 3144/3/5
f 3184/1/6 3334/2/6 3335/4/6 3185/3/6
f 3186/3/2 3187/1/2 3337/2/2 3336/4/2
f 3187/2/3 3188/4/3 3338/3/3 3337/1/3
f 3188/2/3 3189/4/3 3339/3/3 3338/1/3
f 3189/2/3 3190/4/3 3340/3/3 3339/1/3
f 3191/1/5 3341/2/5 3340/4/5 3190/3/5
f 3192/3/2 3186/1/2 3336/2/2 3342/4/2
f 3193/1/5 3343/2/5 3341/4/5 3191/3/5
f 3194/3/2 3192/1/2 3342/2/2 3344/4/2
f 3195/1/5 3345/2/5 3343/4/5 3193/3/5
f 3196/3/2 3194/1/2 3344/2/2 3346/4/2
f 3197/1/5 3347/2/5 3345/4/5 3195/3/5
f 3198/3/2 3196/1/2 3346/2/2 3348/4/2
f 3199/1/5 3349/2/5 3347/4/5 3197/3/5
f 3200/3/2 3198/1/2 3348/2/2 3350/4/2
f 3201/1/5 3351/2/5 3349/4/5 3199/3/5
f 3202/3/2 3200/1/2 3350/2/2 3352/4/2
f 3203/1/5 3353/2/5 3351/4/5 3201/3/5
f 3204/3/2 3202/1/2 3352/2/2 3354/4/2
f 3205/1/5 3355/2/5 3353/4/5 3203/3/5
f 3206/3/2 3204/1/2 3354/2/2 3356/4/2
f 3207/1/5 3357/2/5 3355/4/5 3205/3/5
f 3208/3/2 3206/1/2 3356/2/2 3358/4/2
f 3209/1/5 3359/2/5 3357/4/5 3207/3/5
f 3210/3/2 3208/1/2 3358/2/2 3360/4/2
f 3211/1/5 3361/2/5 3359/4/5 3209/3/5
f 3212/3/2 3210/1/2 3360/2/2 3362/4/2
f 3213/1/5 3363/2/5 3361/4/5 3211/3/5
f 3214/3/2 3212/1/2 3362/2/2 3364/4/2
f 3215/1/5 3365/2/5 3363/4/5 3213/3/5
f 3216/3/2 3214/1/2 3364/2/2 3366/4/2
f 3217/1/5 3367/2/5 3365/4/5 3215/3/5
f 3218/3/2 3216/1/2 3366/2/2 3368/4/2
f 3219/1/5 3369/2/5 3367/4/5 3217/3/5
f 3220/3/2 3218/1/2 3368/2/2 3370/4/2
f 3221/1/5 3371/2/5 3369/4/5 3219/3/5
f 3222/3/2 3220/1/2 3370/2/2 3372/4/2
f 3223/1/5 3373/2/5 3371/4/5 3221/3/5
f 3224/3/2 3222/1/2 3372/2/2 3374/4/2
f 3225/1/5 3375/2/5 3373/4/5 3223/3/5
f 3226/3/2 3224/1/2 3374/2/2 3376/4/2
f 3227/1/5 3377/2/5 3375/4/5 3225/3/5
f 3228/3/2 3226/1/2 3376/2/2 3378/4/2
f 3229/1/5 3379/2/5 3377/4/5 3227/3/5
f 3230/3/2 3228/1/2 3378/2/2 3380/4/2
f 3231/1/5 3381/2/5 3379/4/5 3229/3/5
f 3232/3/2 3230/1/2 3380/2/2 3382/4/2
f 3233/1/5 3383/2/5 3381/4/5 3231/3/5
f 3234/3/2 3232/1/2 3382/2/2 3384/4/2
f 3235/1/5 3385/2/5 3383/4/5 3233/3/5
f 3236/3/2 3234/1/2 3384/2/2 3386/4/2
f 3237/1/5 3387/2/5 3385/4/5 3235/3/5
f 3238/3/2 3236/1/2 3386/2/2 3388/4/2
f 3239/1/5 3389/2/5 3387/4/5 3237/3/5
f 3240/3/2 3238/1/2 3388/2/2 3390/4/2
f 3241/1/5 3391/2/5 3389/4/5 3239/3/5
f 3242/3/2 3240/1/2 3390/2/2 3392/4/2
f 3243/1/5 3393/2/5 3391/4/5 3241/3/5
f 3244/3/2 3242/1/2 3392/2/2 3394/4/2
f 3245/1/5 3395/2/5 3393/4/5 3243/3/5
f 3246/3/2 3244/1/2 3394/2/2 3396/4/2
f 3247/1/5 3397/2/5 3395/4/5 3245/3/5
f 3248/3/2 3246/1/2 3396/2/2 3398/4/2
f 3249/1/5 3399/2/5 3397/4/5 3247/3/5
f 3250/3/2 3248/1/2 3398/2/2 3400/4/2
f 3251/1/5 3401/2/5 3399/4/5 3249/3/5
f 3252/3/2 3250/1/2 3400/2/2 3402/4/2
f 3253/1/5 3403/2/5 3401/4/5 3251/3/5
f 3254/3/2 3252/1/2 3402/2/2 3404/4/2
f 3253/2/3 3255/4/3 3405/3/3 3403/1/3
f 3255/2/3 3256/4/3 3406/3/3 3405/1/3
f 3256/2/3 3257/4/3 3407/3/3 3406/1/3
f 3257/2/3 3258/4/3 3408/3/3 3407/1/3
f 3258/2/3 3259/4/3 3409/3/3 3408/1/3
f 3259/2/3 3260/4/3 3410/3/3 3409/1/3
f 3260/2/3 3261/4/3 3411/3/3 3410/1/3
f 3261/2/3 3262/4/3 3412/3/3 3411/1/3
f 3262/2/3 3263/4/3 3413/3/3 3412/1/3
f 3263/2/3 3264/4/3 3414/3/3 3413/1/3
f 3264/2/3 3265/4/3 3415/3/3 3414/1/3
f 3265/2/3 3266/4/3 3416/3/3 3415/1/3
f 3266/2/3 3267/4/3 3417/3/3 3416/1/3
f 3267/2/3 3268/4/3 3418/3/3 3417/1/3
f 3268/2/3 3269/4/3 3419/3/3 3418/1/3
f 3269/2/3 3270/4/3 3420/3/3 3419/1/3
f 3270/2/3 3271/4/3 3421/3/3 3420/1/3
f 3271/2/3 3272/4/3 3422/3/3 3421/1/3
f 3272/2/3 3273/4/3 3423/3/3 3422/1/3
f 3273/2/3 3274/4/3 3424/3/3 3423/1/3
f 3274/2/3 3275/4/3 3425/3/3 3424/1/3
f 3275/2/3 3276/4/3 3426/3/3 3425/1/3
f 3276/2/3 3277/4/3 3427/3/3 3426/1/3
f 3277/2/3 3278/4/3 3428/3/3 3427/1/3
f 3278/2/3 3279/4/3 3429/3/3 3428/1/3
f 3279/2/3 3280/4/3 3430/3/3 3429/1/3
f 3280/2/3 3281/4/3 3431/3/3 3430/1/3
f 3281/2/3 3282/4/3 3432/3/3 3431/1/3
f 3282/2/3 3283/4/3 3433/3/3 3432/1/3
f 3283/2/3 3284/4/3 3434/3/3 3433/1/3
f 3284/2/3 3285/4/3 3435/3/3 3434/1/3
f 3285/2/3 3286/4/3 3436/3/3 3435/1/3
f 3286/2/3 3287/4/3 3437/3/3 3436/1/3
f 3287/2/3 3288/4/3 3438/3/3 3437/1/3
f 3288/2/3 3289/4/3 3439/3/3 3438/1/3
f 3290/1/5 3440/2/5 3439/4/5 3289/3/5
f 3291/3/2 3292/1/2 3442/2/2 3441/4/2
f 3292/2/3 3293/4/3 3443/3/3 3442/1/3
f 3294/1/5 3444/2/5 3443/4/5 3293/3/5
f 3295/3/2 3254/1/2 3404/2/2 3445/4/2
f 3295/1/6 3445/2/6 3446/4/6 3296/3/6
f 3296/1/6 3446/2/6 3447/4/6 3297/3/6
f 3297/1/6 3447/2/6 3448/4/6 3298/3/6
f 3298/1/6 3448/2/6 3449/4/6 3299/3/6
f 3299/1/6 3449/2/6 3450/4/6 3300/3/6
f 3300/1/6 3450/2/6 3451/4/6 3301/3/6
f 3301/1/6 3451/2/6 3452/4/6 3302/3/6
f 3302/1/6 3452/2/6 3453/4/6 3303/3/6
f 3303/1/6 3453/2/6 3454/4/6 3304/3/6
f 3304/1/6 3454/2/6 3455/4/6 3305/3/6
f 3305/1/6 3455/2/6 3456/4/6 3306/3/6
f 3306/1/6 3456/2/6 3457/4/6 3307/3/6
f 3307/1/6 3457/2/6 3458/4/6 3308/3/6
f 3308/1/6 3458/2/6 3459/4/6 3309/3/6
f 3309/1/6 3459/2/6 3460/4/6 3310/3/6
f 3310/1/6 3460/2/6 3461/4/6 3311/3/6
f 3311/1/6 3461/2/6 3462/4/6 3312/3/6
f 3312/1/6 3462/2/6 3463/4/6 3313/3/6
f 3313/1/6 3463/2/6 3464/4/6 3314/3/6
f 3314/1/6 3464/2/6 3465/4/6 3315/3/6
f 3315/1/6 3465/2/6 3466/4/6 3316/3/6
f 3316/1/6 3466/2/6 3467/4/6 3317/3/6
f 3317/1/6 3467/2/6 3468/4/6 3318/3/6
f 3318/1/6 3468/2/6 3469/4/6 3319/3/6
f 3319/1/6 3469/2/6 3470/4/6 3320/3/6
f 3320/1/6 3470/2/6 3471/4/6 3321/3/6
f 3321/1/6 3471/2/6 3472/4/6 3322/3/6
f 3322/1/6 3472/2/6 3473/4/6 3323/3/6
f 3323/1/6 3473/2/6 3474/4/6 3324/3/6
f 3324/1/6 3474/2/6 3475/4/6 3325/3/6
f 3325/1/6 3475/2/6 3476/4/6 3326/3/6
f 3326/1/6 3476/2/6 3477/4/6 3327/3/6
f 3327/1/6 3477/2/6 3478/4/6 3328/3/6
f 3328/1/6 3478/2/6 3479/4/6 3329/3/6
f 3329/1/6 3479/2/6 3480/4/6 3330/3/6
f 3330/1/6 3480/2/6 3481/4/6 3331/3/6
f 3331/1/6 3481/2/6 3482/4/6 3332/3/6
f 3333/1/5 3483/2/5 3440/4/5 3290/3/5
f 3332/1/6 3482/2/6 3483/4/6 3333/3/6
f 3334/3/2 3291/1/2 3441/2/2 3484/4/2
f 3335/1/5 3485/2/5 3444/4/5 3294/3/5
f 3334/1/6 3484/2/6 3485/4/6 3335/3/6
f 3336/3/2 3337/1/2 3487/2/2 3486/4/2
f 3337/2/3 3338/4/3 3488/3/3 3487/1/3
f 3338/2/3 3339/4/3 3489/3/3 3488/1/3
f 3339/2/3 3340/4/3 3490/3/3 3489/1/3
f 3341/1/5 3491/2/5 3490/4/5 3340/3/5
f 3342/3/2 3336/1/2 3486/2/2 3492/4/2
f 3343/1/5 3493/2/5 3491/4/5 3341/3/5
f 3344/3/2 3342/1/2 3492/2/2 3494/4/2
f 3345/1/5 3495/2/5 3493/4/5 3343/3/5
f 3346/3/2 3344/1/2 3494/2/2 3496/4/2
f 3347/1/5 3497/2/5 3495/4/5 3345/3/5
f 3348/3/2 3346/1/2 3496/2/2 3498/4/2
f 3349/1/5 3499/2/5 3497/4/5 3347/3/5
f 3350/3/2 3348/1/2 3498/2/2 3500/4/2
f 3351/1/5 3501/2/5 3499/4/5 3349/3/5
f 3352/3/2 3350/1/2 3500/2/2 3502/4/2
f 3353/1/5 3503/2/5 3501/4/5 3351/3/5
f 3354/3/2 3352/1/2 3502/2/2 3504/4/2
f 3355/1/5 3505/2/5 3503/4/5 3353/3/5
f 3356/3/2 3354/1/2 3504/2/2 3506/4/2
f 3357/1/5 3507/2/5 3505/4/5 3355/3/5
f 3358/3/2 3356/1/2 3506/2/2 3508/4/2
f 3359/1/5 3509/2/5 3507/4/5 3357/3/5
f 3360/3/2 3358/1/2 3508/2/2 3510/4/2
f 3361/1/5 3511/2/5 3509/4/5 3359/3/5
f 3362/3/2 3360/1/2 3510/2/2 3512/4/2
f 3363/1/5 3513/2/5 3511/4/5 3361/3/5
f 3364/3/2 3362/1/2 3512/2/2 3514/4/2
f 3365/1/5 3515/2/5 3513/4/5 3363/3/5
f 3366/3/2 3364/1/2 3514/2/2 3516/4/2
f 3367/1/5 3517/2/5 3515/4/5 3365/3/5
f 3368/3/2 3366/1/2 3516/2/2 3518/4/2
f 3369/1/5 3519/2/5 3517/4/5 3367/3/5
f 3370/3/2 3368/1/2 3518/2/2 3520/4/2
f 3371/1/5 3521/2/5 3519/4/5 3369/3/5
f 3372/3/2 3370/1/2 3520/2/2 3522/4/2
f 3373/1/5 3523/2/5 3521/4/5 3371/3/5
f 3374/3/2 3372/1/2 3522/2/2 3524/4/2
f 3375/1/5 3525/2/5 3523/4/5 3373/3/5
f 3376/3/2 3374/1/2 3524/2/2 3526/4/2
f 3377/1/5 3527/2/5 3525/4/5 3375/3/5
f 3378/3/2 3376/1/2 3526/2/2 3528/4/2
f 3379/1/5 3529/2/5 3527/4/5 3377/3/5
f 3380/3/2 3378/1/2 3528/2/2 3530/4/2
f 3381/1/5 3531/2/5 3529/4/5 3379/3/5
f 3382/3/2 3380/1/2 3530/2/2 3532/4/2
f 3383/1/5 3533/2/5 3531/4/5 3381/3/5
f 3384/3/2 3382/1/2 3532/2/2 3534/4/2
f 3385/1/5 3535/2/5 3533/4/5 3383/3/5
f 3386/3/2 3384/1/2 3534/2/2 3536/4/2
f 3387/1/5 3537/2/5 3535/4/5 3385/3/5
f 3388/3/2 3386/1/2 3536/2/2 3538/4/2
f 3389/1/5 3539/2/5 3537/4/5 3387/3/5
f 3390/3/2 3388/1/2 3538/2/2 3540/4/2
f 3391/1/5 3541/2/5 3539/4/5 3389/3/5
f 3392/3/2 3390/1/2 3540/2/2 3542/4/2
f 3393/1/5 3543/2/5 3541/4/5 3391/3/5
f 3394/3/2 3392/1/2 3542/2/2 3544/4/2
f 3395/1/5 3545/2/5 3543/4/5 3393/3/5
f 3396/3/2 3394/1/2 3544/2/2 3546/4/2
f 3397/1/5 3547/2/5 3545/4/5 3395/3/5
f 3398/3/2 3396/1/2 3546/2/2 3548/4/2
f 3399/1/5 3549/2/5 3547/4/5 3397/3/5
f 3400/3/2 3398/1/2 3548/2/2 3550/4/2
f 3401/1/5 3551/2/5 3549/4/5 3399/3/5
f 3402/3/2 3400/1/2 3550/2/2 3552/4/2
f 3403/1/5 3553/2/5 3551/4/5 3401/3/5
f 3404/3/2 3402/1/2 3552/2/2 3554/4/2
f 3403/2/3 3405/4/3 3555/3/3 3553/1/3
f 3405/2/3 3406/4/3 3556/3/3 3555/1/3
f 3406/2/3 3407/4/3 3557/3/3 3556/1/3
f 3407/2/3 3408/4/3 3558/3/3 3557/1/3
f 3408/2/3 3409/4/3 3559/3/3 3558/1/3
f 3409/2/3 3410/4/3 3560/3/3 3559/1/3
f 3410/2/3 3411/4/3 3561/3/3 3560/1/3
f 3411/2/3 3412/4/3 3562/3/3 3561/1/3
f 3412/2/3 3413/4/3 3563/3/3 3562/1/3
f 3413/2/3 3414/4/3 3564/3/3 3563/1/3
f 3414/2/3 3415/4/3 3565/3/3 3564/1/3
f 3415/2/3 3416/4/3 3566/3/3 3565/1/3
f 3416/2/3 3417/4/3 3567/3/3 3566/1/3
f 3417/2/3 3418/4/3 3568/3/3 3567/1/3
f 3418/2/3 3419/4/3 3569/3/3 3568/1/3
f 3419/2/3 3420/4/3 3570/3/3 3569/1/3
f 3420/2/3 3421/4/3 3571/3/3 3570/1/3
f 3421/2/3 3422/4/3 3572/3/3 3571/1/3
f 3422/2/3 3423/4/3 3573/3/3 3572/1/3
f 3423/2/3 3424/4/3 3574/3/3 3573/1/3
f 3424/2/3 3425/4/3 3575/3/3 3574/1/3
f 3425/2/3 3426/4/3 3576/3/3 3575/1/3
f 3426/2/3 3427/4/3 3577/3/3 3576/1/3
f 3427/2/3 3428/4/3 3578/3/3 3577/1/3
f 3428/2/3 3429/4/3 3579/3/3 3578/1/3
f 3429/2/3 3430/4/3 3580/3/3 3579/1/3
f 3430/2/3 3431/4/3 3581/3/3 3580/1/3
f 3431/2/3 3432/4/3 3582/3/3 3581/1/3
f 3432/2/3 3433/4/3 3583/3/3 3582/1/3
f 3433/2/3 3434/4/3 3584/3/3 3583/1/3
f 3434/2/3 3435/4/3 3585/3/3 3584/1/3
f 3435/2/3 3436/4/3 3586/3/3 3585/1/3
f 3436/2/3 3437/4/3 3587/3/3 3586/1/3
f 3437/2/3 3438/4/3 3588/3/3 3587/1/3
f 3438/2/3 3439/4/3 3589/3/3 3588/1/3
f 3440/1/5 3590/2/5 3589/4/5 3439/3/5
f 3441/3/2 3442/1/2 3592/2/2 3591/4/2
f 3442/2/3 3443/4/3 3593/3/3 3592/1/3
f 3444/1/5 3594/2/5 3593/4/5 3443/3/5
f 3445/3/2 3404/1/2 3554/2/2 3595/4/2
f 3445/1/6 3595/2/6 3596/4/6 3446/3/6
f 3446/1/6 3596/2/6 3597/4/6 3447/3/6
f 3447/1/6 3597/2/6 3598/4/6 3448/3/6
f 3448/1/6 3598/2/6 3599/4/6 3449/3/6
f 3449/1/6 3599/2/6 3600/4/6 3450/3/6
f 3450/1/6 3600/2/6 3601/4/6 3451/3/6
f 3451/1/6 3601/2/6 3602/4/6 3452/3/6
f 3452/1/6 3602/2/6 3603/4/6 3453/3/6
f 3453/1/6 3603/2/6 3604/4/6 3454/3/6
f 3454/1/6 3604/2/6 3605/4/6 3455/3/6
f 3455/1/6 3605/2/6 3606/4/6 3456/3/6
f 3456/1/6 3606/2/6 3607/4/6 3457/3/6
f 3457/1/6 3607/2/6 3608/4/6 3458/3/6
f 3458/1/6 3608/2/6 3609/4/6 3459/3/6
f 3459/1/6 3609/2/6 3610/4/6 3460/3/6
f 3460/1/6 3610/2/6 3611/4/6 3461/3/6
f 3461/1/6 3611/2/6 3612/4/6 3462/3/6
f 3462/1/6 3612/2/6 3613/4/6 3463/3/6
f 3463/1/6 3613/2/6 3614/4/6 3464/3/6
f 3464/1/6 3614/2/6 3615/4/6 3465/3/6
f 3465/1/6 3615/2/6 3616/4/6 3466/3/6
f 3466/1/6 3616/2/6 3617/4/6 3467/3/6
f 3467/1/6 3617/2/6 3618/4/6 3468/3/6
f 3468/1/6 3618/2/6 3619/4/6 3469/3/6
f 3469/1/6 3619/2/6 3620/4/6 3470/3/6
f 3470/1/6 3620/2/6 3621/4/6 3471/3/6
f 3471/1/6 3621/2/6 3622/4/6 3472/3/6
f 3472/1/6 3622/2/6 3623/4/6 3473/3/6
f 3473/1/6 3623/2/6 3624/4/6 3474/3/6
f 3474/1/6 3624/2/6 3625/4/6 3475/3/6
f 3475/1/6 3625/2/6 3626/4/6 3476/3/6
f 3476/1/6 3626/2/6 3627/4/6 3477/3/6
f 3477/1/6 3627/2/6 3628/4/6 3478/3/6
f 3478/1/6 3628/2/6 3629/4/6 3479/3/6
f 3479/1/6 3629/2/6 3630/4/6 3480/3/6
f 3480/1/6 3630/2/6 3631/4/6 3481/3/6
f 3481/1/6 3631/2/6 3632/4/6 3482/3/6
f 3483/1/5 3633/2/5 3590/4/5 3440/3/5
f 3482/1/6 3632/2/6 3633/4/6 3483/3/6
f 3484/3/2 3441/1/2 3591/2/2 3634/4/2
f 3485/1/5 3635/2/5 3594/4/5 3444/3/5
f 3484/1/6 3634/2/6 3635/4/6 3485/3/6
f 3486/3/2 3487/1/2 3637/2/2 3636/4/2
f 3487/2/3 3488/4/3 3638/3/3 3637/1/3
f 3488/2/3 3489/4/3 3639/3/3 3638/1/3
f 3489/2/3 3490/4/3 3640/3/3 3639/1/3
f 3491/1/5 3641/2/5 3640/4/5 3490/3/5
f 3492/3/2 3486/1/2 3636/2/2 3642/4/2
f 3493/1/5 3643/2/5 3641/4/5 3491/3/5
f 3494/3/2 3492/1/2 3642/2/2 3644/4/2
f 3495/1/5 3645/2/5 3643/4/5 3493/3/5
f 3496/3/2 3494/1/2 3644/2/2 3646/4/2
f 3497/1/5 3647/2/5 3645/4/5 3495/3/5
f 3498/3/2 3496/1/2 3646/2/2 3648/4/2
f 3499/1/5 3649/2/5 3647/4/5 3497/3/5
f 3500/3/2 3498/1/2 3648/2/2 3650/4/2
f 3501/1/5 3651/2/5 3649/4/5 3499/3/5
f 3502/3/2 3500/1/2 3650/2/2 3652/4/2
f 3503/1/5 3653/2/5 3651/4/5 3501/3/5
f 3504/3/2 3502/1/2 3652/2/2 3654/4/2
f 3505/1/5 3655/2/5 3653/4/5 3503/3/5
f 3506/3/2 3504/1/2 3654/2/2 3656/4/2
f 3507/1/5 3657/2/5 3655/4/5 3505/3/5
f 3508/3/2 3506/1/2 3656/2/2 3658/4/2
f 3509/1/5 3659/2/5 3657/4/5 3507/3/5
f 3510/3/2 3508/1/2 3658/2/2 3660/4/2
f 3511/1/5 3661/2/5 3659/4/5 3509/3/5
f 3512/3/2 3510/1/2 3660/2/2 3662/4/2
f 3513/1/5 3663/2/5 3661/4/5 3511/3/5
f 3514/3/2 3512/1/2 3662/2/2 3664/4/2
f 3515/1/5 3665/2/5 3663/4/5 3513/3/5
f 3516/3/2 3514/1/2 3664/2/2 3666/4/2
f 3517/1/5 3667/2/5 3665/4/5 3515/3/5
f 3518/3/2 3516/1/2 3666/2/2 3668/4/2
f 3519/1/5 3669/2/5 3667/4/5 3517/3/5
f 3520/3/2 3518/1/2 3668/2/2 3670/4/2
f 3521/1/5 3671/2/5 3669/4/5 3519/3/5
f 3522/3/2 3520/1/2 3670/2/2 3672/4/2
f 3523/1/5 3673/2/5 3671/4/5 3521/3/5
f 3524/3/2 3522/1/2 3672/2/2 3674/4/2
f 3525/1/5 3675/2/5 3673/4/5 3523/3/5
f 3526/3/2 3524/1/2 3674/2/2 3676/4/2
f 3527/1/5 3677/2/5 3675/4/5 3525/3/5
f 3528/3/2 3526/1/2 3676/2/2 3678/4/2
f 3529/1/5 3679/2/5 3677/4/5 3527/3/5
f 3530/3/2 3528/1/2 3678/2/2 3680/4/2
f 3531/1/5 3681/2/5 3679/4/5 3529/3/5
f 3532/3/2 3530/1/2 3680/2/2 3682/4/2
f 3533/1/5 3683/2/5 3681/4/5 3531/3/5
f 3534/3/2 3532/1/2 3682/2/2 3684/4/2
f 3535/1/5 3685/2/5 3683/4/5 3533/3/5
f 3536/3/2 3534/1/2 3684/2/2 3686/4/2
f 3537/1/5 3687/2/5 3685/4/5 3535/3/5
f 3538/3/2 3536/1/2 3686/2/2 3688/4/2
f 3539/1/5 3689/2/5 3687/4/5 3537/3/5
f 3540/3/2 3538/1/2 3688/2/2 3690/4/2
f 3541/1/5 3691/2/5 3689/4/5 3539/3/5
f 3542/3/2 3540/1/2 3690/2/2 3692/4/2
f 3543/1/5 3693/2/5 3691/4/5 3541/3/5
f 3544/3/2 3542/1/2 3692/2/2 3694/4/2
f 3545/1/5 3695/2/5 3693/4/5 3543/3/5
f 3546/3/2 3544/1/2 3694/2/2 3696/4/2
f 3547/1/5 3697/2/5 3695/4/5 3545/3/5
f 3548/3/2 3546/1/2 3696/2/2 3698/4/2
f 3549/1/5 3699/2/5 3697/4/5 3547/3/5
f 3550/3/2 3548/1/2 3698/2/2 3700/4/2
f 3551/1/5 3701/2/5 3699/4/5 3549/3/5
f 3552/3/2 3550/1/2 3700/2/2 3702/4/2
f 3553/1/5 3703/2/5 3701/4/5 3551/3/5
f 3554/3/2 3552/1/2 3702/2/2 3704/4/2
f 3553/2/3 3555/4/3 3705/3/3 3703/1/3
f 3555/2/3 3556/4/3 3706/3/3 3705/1/3
f 3556/2/3 3557/4/3 3707/3/3 3706/1/3
f 3557/2/3 3558/4/3 3708/3/3 3707/1/3
f 3558/2/3 3559/4/3 3709/3/3 3708/1/3
f 3559/2/3 3560/4/3 3710/3/3 3709/1/3
f 3560/2/3 3561/4/3 3711/3/3 3710/1/3
f 3561/2/3 3562/4/3 3712/3/3 3711/1/3
f 3562/2/3 3563/4/3 3713/3/3 3712/1/3
f 3563/2/3 3564/4/3 3714/3/3 3713/1/3
f 3564/2/3 3565/4/3 3715/3/3 3714/1/3
f 3565/2/3 3566/4/3 3716/3/3 3715/1/3
f 3566/2/3 3567/4/3 3717/3/3 3716/1/3
f 3567/2/3 3568/4/3 3718/3/3 3717/1/3
f 3568/2/3 3569/4/3 3719/3/3 3718/1/3
f 3569/2/3 3570/4/3 3720/3/3 3719/1/3
f 3570/2/3 3571/4/3 3721/3/3 3720/1/3
f 3571/2/3 3572/4/3 3722/3/3 3721/1/3
f 3572/2/3 3573/4/3 3723/3/3 3722/1/3
f 3573/2/3 3574/4/3 3724/3/3 3723/1/3
f 3574/2/3 3575/4/3 3725/3/3 3724/1/3
f 3575/2/3 3576/4/3 3726/3/3 3725/1/3
f 3576/2/3 3577/4/3 3727/3/3 3726/1/3
f 3577/2/3 3578/4/3 3728/3/3 3727/1/3
f 3578/2/3 3579/4/3 3729/3/3 3728/1/3
f 3579/2/3 3580/4/3 3730/3/3 3729/1/3
f 3580/2/3 3581/4/3 3731/3/3 3730/1/3
f 3581/2/3 3582/4/3 3732/3/3 3731/1/3
f 3582/2/3 3583/4/3 3733/3/3 3732/1/3
f 3583/2/3 3584/4/3 3734/3/3 3733/1/3
f 3584/2/3 3585/4/3 3735/3/3 3734/1/3
f 3585/2/3 3586/4/3 3736/3/3 3735/1/3
f 3586/2/3 3587/4/3 3737/3/3 3736/1/3
f 3587/2/3 3588/4/3 3738/3/3 3737/1/3
f 3588/2/3 3589/4/3 3739/3/3 3738/1/3
f 3590/1/5 3740/2/5 3739/4/5 3589/3/5
f 3591/3/2 3592/1/2 3742/2/2 3741/4/2
f 3592/2/3 3593/4/3 3743/3/3 3742/1/3
f 3594/1/5 3744/2/5 3743/4/5 3593/3/5
f 3595/3/2 3554/1/2 3704/2/2 3745/4/2
f 3595/1/6 3745/2/6 3746/4/6 3596/3/6
f 3596/1/6 3746/2/6 3747/4/6 3597/3/6
f 3597/1/6 3747/2/6 3748/4/6 3598/3/6
f 3598/1/6 3748/2/6 3749/4/6 3599/3/6
f 3599/1/6 3749/2/6 3750/4/6 3600/3/6
f 3600/1/6 3750/2/6 3751/4/6 3601/3/6
f 3601/1/6 3751/2/6 3752/4/6 3602/3/6
f 3602/1/6 3752/2/6 3753/4/6 3603/3/6
f 3603/1/6 3753/2/6 3754/4/6 3604/3/6
f 3604/1/6 3754/2/6 3755/4/6 3605/3/6
f 3605/1/6 3755/2/6 3756/4/6 3606/3/6
f 3606/1/6 3756/2/6 3757/4/6 3607/3/6
f 3607/1/6 3757/2/6 3758/4/6 3608/3/6
f 3608/1/6 3758/2/6 3759/4/6 3609/3/6
f 3609/1/6 3759/2/6 3760/4/6 3610/3/6
f 3610/1/6 3760/2/6 3761/4/6 3611/3/6
f 3611/1/6 3761/2/6 3762/4/6 3612/3/6
f 3612/1/6 3762/2/6 3763/4/6 3613/3/6
f 3613/1/6 3763/2/6 3764/4/6 3614/3/6
f 3614/1/6 3764/2/6 3765/4/6 3615/3/6
f 3615/1/6 3765/2/6 3766/4/6 3616/3/6
f 3616/1/6 3766/2/6 3767/4/6 3617/3/6
f 3617/1/6 3767/2/6 3768/4/6 3618/3/6
f 3618/1/6 3768/2/6 3769/4/6 3619/3/6
f 3619/1/6 3769/2/6 3770/4/6 3620/3/6
f 3620/1/6 3770/2/6 3771/4/6 3621/3/6
f 3621/1/6 3771/2/6 3772/4/6 3622/3/6
f 3622/1/6 3772/2/6 3773/4/6 3623/3/6
f 3623/1/6 3773/2/6 3774/4/6 3624/3/6
f 3624/1/6 3774/2/6 3775/4/6 3625/3/6
f 3625/1/6 3775/2/6 3776/4/6 3626/3/6
f 3626/1/6 3776/2/6 3777/4/6 3627/3/6
f 3627/1/6 3777/2/6 3778/4/6 3628/3/6
f 3628/1/6 3778/2/6 3779/4/6 3629/3/6
f 3629/1/6 3779/2/6 3780/4/6 3630/3/6
f 3630/1/6 3780/2/6 3781/4/6 3631/3/6
f 3631/1/6 3781/2/6 3782/4/6 3632/3/6
f 3633/1/5 3783/2/5 3740/4/5 3590/3/5
f 3632/1/6 3782/2/6 3783/4/6 3633/3/6
f 3634/3/2 3591/1/2 3741/2/2 3784/4/2
f 3635/1/5 3785/2/5 3744/4/5 3594/3/5
f 3634/1/6 3784/2/6 3785/4/6 3635/3/6
f 3636/3/2 3637/1/2 3787/2/2 3786/4/2
f 3637/2/3 3638/4/3 3788/3/3 3787/1/3
f 3638/2/3 3639/4/3 3789/3/3 3788/1/3
f 3639/2/3 3640/4/3 3790/3/3 3789/1/3
f 3641/1/5 3791/2/5 3790/4/5 3640/3/5
f 3642/3/2 3636/1/2 3786/2/2 3792/4/2
f 3643/1/5 3793/2/5 3791/4/5 3641/3/5
f 3644/3/2 3642/1/2 3792/2/2 3794/4/2
f 3645/1/5 3795/2/5 3793/4/5 3643/3/5
f 3646/3/2 3644/1/2 3794/2/2 3796/4/2
f 3647/1/5 3797/2/5 3795/4/5 3645/3/5
f 3648/3/2 3646/1/2 3796/2/2 3798/4/2
f 3649/1/5 3799/2/5 3797/4/5 3647/3/5
f 3650/3/2 3648/1/2 3798/2/2 3800/4/2
f 3651/1/5 3801/2/5 3799/4/5 3649/3/5
f 3652/3/2 3650/1/2 3800/2/2 3802/4/2
f 3653/1/5 3803/2/5 3801/4/5 3651/3/5
f 3654/3/2 3652/1/2 3802/2/2 3804/4/2
f 3655/1/5 3805/2/5 3803/4/5 3653/3/5
f 3656/3/2 3654/1/2 3804/2/2 3806/4/2
f 3657/1/5 3807/2/5 3805/4/5 3655/3/5
f 3658/3/2 3656/1/2 3806/2/2 3808/4/2
f 3659/1/5 3809/2/5 3807/4/5 3657/3/5
f 3660/3/2 3658/1/2 3808/2/2 3810/4/2
f 3661/1/5 3811/2/5 3809/4/5 3659/3/5
f 3662/3/2 3660/1/2 3810/2/2 3812/4/2
f 3663/1/5 3813/2/5 3811/4/5 3661/3/5
f 3664/3/2 3662/1/2 3812/2/2 3814/4/2
f 3665/1/5 3815/2/5 3813/4/5 3663/3/5
f 3666/3/2 3664/1/2 3814/2/2 3816/4/2
f 3667/1/5 3817/2/5 3815/4/5 3665/3/5
f 3668/3/2 3666/1/2 3816/2/2 3818/4/2
f 3669/1/5 3819/2/5 3817/4/5 3667/3/5
f 3670/3/2 3668/1/2 3818/2/2 3820/4/2
f 3671/1/5 3821/2/5 3819/4/5 3669/3/5
f 3672/3/2 3670/1/2 3820/2/2 3822/4/2
f 3673/1/5 3823/2/5 3821/4/5 3671/3/5
f 3674/3/2 3672/1/2 3822/2/2 3824/4/2
f 3675/1/5 3825/2/5 3823/4/5 3673/3/5
f 3676/3/2 3674/1/2 3824/2/2 3826/4/2
f 3677/1/5 3827/2/5 3825/4/5 3675/3/5
f 3678/3/2 3676/1/2 3826/2/2 3828/4/2
f 3679/1/5 3829/2/5 3827/4/5 3677/3/5
f 3680/3/2 3678/1/2 3828/2/2 3830/4/2
f 3681/1/5 3831/2/5 3829/4/5 3679/3/5
f 3682/3/2 3680/1/2 3830/2/2 3832/4/2
f 3683/1/5 3833/2/5 3831/4/5 3681/3/5
f 3684/3/2 3682/1/2 3832/2/2 3834/4/2
f 3685/1/5 3835/2/5 3833/4/5 3683/3/5
f 3686/3/2 3684/1/2 3834/2/2 3836/4/2
f 3687/1/5 3837/2/5 3835/4/5 3685/3/5
f 3688/3/2 3686/1/2 3836/2/2 3838/4/2
f 3689/1/5 3839/2/5 3837/4/5 3687/3/5
f 3690/3/2 3688/1/2 3838/2/2 3840/4/2
f 3691/1/5 3841/2/5 3839/4/5 3689/3/5
f 3692/3/2 3690/1/2 3840/2/2 3842/4/2
f 3693/1/5 3843/2/5 3841/4/5 3691/3/5
f 3694/3/2 3692/1/2 3842/2/2 3844/4/2
f 3695/1/5 3845/2/5 3843/4/5 3693/3/5
f 3696/3/2 3694/1/2 3844/2/2 3846/4/2
f 3697/1/5 3847/2/5 3845/4/5 3695/3/5
f 3698/3/2 3696/1/2 3846/2/2 3848/4/2
f 3699/1/5 3849/2/5 3847/4/5 3697/3/5
f 3700/3/2 3698/1/2 3848/2/2 3850/4/2
f 3701/1/5 3851/2/5 3849/4/5 3699/3/5
f 3702/3/2 3700/1/2 3850/2/2 3852/4/2
f 3703/1/5 3853/2/5 3851/4/5 3701/3/5
f 3704/3/2 3702/1/2 3852/2/2 3854/4/2
f 3703/2/3 3705/4/3 3855/3/3 3853/1/3
f 3705/2/3 3706/4/3 3856/3/3 3855/1/3
f 3706/2/3 3707/4/3 3857/3/3 3856/1/3
f 3707/2/3 3708/4/3 3858/3/3 3857/1/3
f 3708/2/3 3709/4/3 3859/3/3 3858/1/3
f 3709/2/3 3710/4/3 3860/3/3 3859/1/3
f 3710/2/3 3711/4/3 3861/3/3 3860/1/3
f 3711/2/3 3712/4/3 3862/3/3 3861/1/3
f 3712/2/3 3713/4/3 3863/3/3 3862/1/3
f 3713/2/3 3714/4/3 3864/3/3 3863/1/3
f 3714/2/3 3715/4/3 3865/3/3 3864/1/3
f 3715/2/3 3716/4/3 3866/3/3 3865/1/3
f 3716/2/3 3717/4/3 3867/3/3 3866/1/3
f 3717/2/3 3718/4/3 3868/3/3 3867/1/3
f 3718/2/3 3719/4/3 3869/3/3 3868/1/3
f 3719/2/3 3720/4/3 3870/3/3 3869/1/3
f 3720/2/3 3721/4/3 3871/3/3 3870/1/3
f 3721/2/3 3722/4/3 3872/3/3 3871/1/3
f 3722/2/3 3723/4/3 3873/3/3 3872/1/3
f 3723/2/3 3724/4/3 3874/3/3 3873/1/3
f 3724/2/3 3725/4/3 3875/3/3 3874/1/3
f 3725/2/3 3726/4/3 3876/3/3 3875/1/3
f 3726/2/3 3727/4/3 3877/3/3 3876/1/3
f 3727/2/3 3728/4/3 3878/3/3 3877/1/3
f 3728/2/3 3729/4/3 3879/3/3 3878/1/3
f 3729/2/3 3730/4/3 3880/3/3 3879/1/3
f 3730/2/3 3731/4/3 3881/3/3 3880/1/3
f 3731/2/3 3732/4/3 3882/3/3 3881/1/3
f 3732/2/3 3733/4/3 3883/3/3 3882/1/3
f 3733/2/3 3734/4/3 3884/3/3 3883/1/3
f 3734/2/3 3735/4/3 3885/3/3 3884/1/3
f 3735/2/3 3736/4/3 3886/3/3 3885/1/3
f 3736/2/3 3737/4/3 3887/3/3 3886/1/3
f 3737/2/3 3738/4/3 3888/3/3 3887/1/3
f 3738/2/3 3739/4/3 3889/3/3 3888/1/3
f 3740/1/5 3890/2/5 3889/4/5 3739/3/5
f 3741/3/2 3742/1/2 3892/2/2 3891/4/2
f 3742/2/3 3743/4/3 3893/3/3 3892/1/3
f 3744/1/5 3894/2/5 3893/4/5 3743/3/5
f 3745/3/2 3704/1/2 3854/2/2 3895/4/2
f 3745/1/6 3895/2/6 3896/4/6 3746/3/6
f 3746/1/6 3896/2/6 3897/4/6 3747/3/6
f 3747/1/6 3897/2/6 3898/4/6 3748/3/6
f 3748/1/6 3898/2/6 3899/4/6 3749/3/6
f 3749/1/6 3899/2/6 3900/4/6 3750/3/6
f 3750/1/6 3900/2/6 3901/4/6 3751/3/6
f 3751/1/6 3901/2/6 3902/4/6 3752/3/6
f 3752/1/6 3902/2/6 3903/4/6 3753/3/6
f 3753/1/6 3903/2/6 3904/4/6 3754/3/6
f 3754/1/6 3904/2/6 3905/4/6 3755/3/6
f 3755/1/6 3905/2/6 3906/4/6 3756/3/6
f 3756/1/6 3906/2/6 3907/4/6 3757/3/6
f 3757/1/6 3907/2/6 3908/4/6 3758/3/6
f 3758/1/6 3908/2/6 3909/4/6 3759/3/6
f 3759/1/6 3909/2/6 3910/4/6 3760/3/6
f 3760/1/6 3910/2/6 3911/4/6 3761/3/6
f 3761/1/6 3911/2/6 3912/4/6 3762/3/6
f 3762/1/6 3912/2/6 3913/4/6 3763/3/6
f 3763/1/6 3913/2/6 3914/4/6 3764/3/6
f 3764/1/6 3914/2/6 3915/4/6 3765/3/6
f 3765/1/6 3915/2/6 3916/4/6 3766/3/6
f 3766/1/6 3916/2/6 3917/4/6 3767/3/6
f 3767/1/6 3917/2/6 3918/4/6 3768/3/6
f 3768/1/6 3918/2/6 3919/4/6 3769/3/6
f 3769/1/6 3919/2/6 3920/4/6 3770/3/6
f 3770/1/6 3920/2/6 3921/4/6 3771/3/6
f 3771/1/6 3921/2/6 3922/4/6 3772/3/6
f 3772/1/6 3922/2/6 3923/4/6 3773/3/6
f 3773/1/6 3923/2/6 3924/4/6 3774/3/6
f 3774/1/6 3924/2/6 3925/4/6 3775/3/6
f 3775/1/6 3925/2/6 3926/4/6 3776/3/6
f 3776/1/6 3926/2/6 3927/4/6 3777/3/6
f 3777/1/6 3927/2/6 3928/4/6 3778/3/6
f 3778/1/6 3928/2/6 3929/4/6 3779/3/6
f 3779/1/6 3929/2/6 3930/4/6 3780/3/6
f 3780/1/6 3930/2/6 3931/4/6 3781/3/6
f 3781/1/6 3931/2/6 3932/4/6 3782/3/6
f 3783/1/5 3933/2/5 3890/4/5 3740/3/5
f 3782/1/6 3932/2/6 3933/4/6 3783/3/6
f 3784/3/2 3741/1/2 3891/2/2 3934/4/2
f 3785/1/5 3935/2/5 3894/4/5 3744/3/5
f 3784/1/6 3934/2/6 3935/4/6 3785/3/6
f 3786/3/2 3787/1/2 3937/2/2 3936/4/2
f 3787/2/3 3788/4/3 3938/3/3 3937/1/3
f 3788/2/3 3789/4/3 3939/3/3 3938/1/3
f 3789/2/3 3790/4/3 3940/3/3 3939/1/3
f 3791/1/5 3941/2/5 3940/4/5 3790/3/5
f 3792/3/2 3786/1/2 3936/2/2 3942/4/2
f 3793/1/5 3943/2/5 3941/4/5 3791/3/5
f 3794/3/2 3792/1/2 3942/2/2 3944/4/2
f 3795/1/5 3945/2/5 3943/4/5 3793/3/5
f 3796/3/2 3794/1/2 3944/2/2 3946/4/2
f 3797/1/5 3947/2/5 3945/4/5 3795/3/5
f 3798/3/2 3796/1/2 3946/2/2 3948/4/2
f 3799/1/5 3949/2/5 3947/4/5 3797/3/5
f 3800/3/2 3798/1/2 3948/2/2 3950/4/2
f 3801/1/5 3951/2/5 3949/4/5 3799/3/5
f 3802/3/2 3800/1/2 3950/2/2 3952/4/2
f 3803/1/5 3953/2/5 3951/4/5 3801/3/5
f 3804/3/2 3802/1/2 3952/2/2 3954/4/2
f 3805/1/5 3955/2/5 3953/4/5 3803/3/5
f 3806/3/2 3804/1/2 3954/2/2 3956/4/2
f 3807/1/5 3957/2/5 3955/4/5 3805/3/5
f 3808/3/2 3806/1/2 3956/2/2 3958/4/2
f 3809/1/5 3959/2/5 3957/4/5 3807/3/5
f 3810/3/2 3808/1/2 3958/2/2 3960/4/2
f 3811/1/5 3961/2/5 3959/4/5 3809/3/5
f 3812/3/2 3810/1/2 3960/2/2 3962/4/2
f 3813/1/5 3963/2/5 3961/4/5 3811/3/5
f 3814/3/2 3812/1/2 3962/2/2 3964/4/2
f 3815/1/5 3965/2/5 3963/4/5 3813/3/5
f 3816/3/2 3814/1/2 3964/2/2 3966/4/2
f 3817/1/5 3967/2/5 3965/4/5 3815/3/5
f 3818/3/2 3816/1/2 3966/2/2 3968/4/2
f 3819/1/5 3969/2/5 3967/4/5 3817/3/5
f 3820/3/2 3818/1/2 3968/2/2 3970/4/2
f 3821/1/5 3971/2/5 3969/4/5 3819/3/5
f 3822/3/2 3820/1/2 3970/2/2 3972/4/2
f 3823/1/5 3973/2/5 3971/4/5 3821/3/5
f 3824/3/2 3822/1/2 3972/2/2 3974/4/2
f 3825/1/5 3975/2/5 3973/4/5 3823/3/5
f 3826/3/2 3824/1/2 3974/2/2 3976/4/2
f 3827/1/5 3977/2/5 3975/4/5 3825/3/5
f 3828/3/2 3826/1/2 3976/2/2 3978/4/2
f 3829/1/5 3979/2/5 3977/4/5 3827/3/5
f 3830/3/2 3828/1/2 3978/2/2 3980/4/2
f 3831/1/5 3981/2/5 3979/4/5 3829/3/5
f 3832/3/2 3830/1/2 3980/2/2 3982/4/2
f 3833/1/5 3983/2/5 3981/4/5 3831/3/5
f 3834/3/2 3832/1/2 3982/2/2 3984/4/2
f 3835/1/5 3985/2/5 3983/4/5 3833/3/5
f 3836/3/2 3834/1/2 3984/2/2 3986/4/2
f 3837/1/5 3987/2/5 3985/4/5 3835/3/5
f 3838/3/2 3836/1/2 3986/2/2 3988/4/2
f 3839/1/5 3989/2/5 3987/4/5 3837/3/5
f 3840/3/2 3838/1/2 3988/2/2 3990/4/2
f 3841/1/5 3991/2/5 3989/4/5 3839/3/5
f 3842/3/2 3840/1/2 3990/2/2 3992/4/2
f 3843/1/5 3993/2/5 3991/4/5 3841/3/5
f 3844/3/2 3842/1/2 3992/2/2 3994/4/2
f 3845/1/5 3995/2/5 3993/4/5 3843/3/5
f 3846/3/2 3844/1/2 3994/2/2 3996/4/2
f 3847/1/5 3997/2/5 3995/4/5 3845/3/5
f 3848/3/2 3846/1/2 3996/2/2 3998/4/2
f 3849/1/5 3999/2/5 3997/4/5 3847/3/5
f 3850/3/2 3848/1/2 3998/2/2 4000/4/2
f 3851/1/5 4001/2/5 3999/4/5 3849/3/5
f 3852/3/2 3850/1/2 4000/2/2 4002/4/2
f 3853/1/5 4003/2/5 4001/4/5 3851/3/5
f 3854/3/2 3852/1/2 4002/2/2 4004/4/2
f 3853/2/3 3855/4/3 4005/3/3 4003/1/3
f 3855/2/3 3856/4/3 4006/3/3 4005/1/3
f 3856/2/3 3857/4/3 4007/3/3 4006/1/3
f 3857/2/3 3858/4/3 4008/3/3 4007/1/3
f 3858/2/3 3859/4/3 4009/3/3 4008/1/3
f 3859/2/3 3860/4/3 4010/3/3 4009/1/3
f 3860/2/3 3861/4/3 4011/3/3 4010/1/3
f 3861/2/3 3862/4/3 4012/3/3 4011/1/3
f 3862/2/3 3863/4/3 4013/3/3 4012/1/3
f 3863/2/3 3864/4/3 4014/3/3 4013/1/3
f 3864/2/3 3865/4/3 4015/3/3 4014/1/3
f 3865/2/3 3866/4/3 4016/3/3 4015/1/3
f 3866/2/3 3867/4/3 4017/3/3 4016/1/3
f 3867/2/3 3868/4/3 4018/3/3 4017/1/3
f 3868/2/3 3869/4/3 4019/3/3 4018/1/3
f 3869/2/3 3870/4/3 4020/3/3 4019/1/3
f 3870/2/3 3871/4/3 4021/3/3 4020/1/3
f 3871/2/3 3872/4/3 4022/3/3 4021/1/3
f 3872/2/3 3873/4/3 4023/3/3 4022/1/3
f 3873/2/3 3874/4/3 4024/3/3 4023/1/3
f 3874/2/3 3875/4/3 4025/3/3 4024/1/3
f 3875/2/3 3876/4/3 4026/3/3 4025/1/3
f 3876/2/3 3877/4/3 4027/3/3 4026/1/3
f 3877/2/3 3878/4/3 4028/3/3 4027/1/3
f 3878/2/3 3879/4/3 4029/3/3 4028/1/3
f 3879/2/3 3880/4/3 4030/3/3 4029/1/3
f 3880/2/3 3881/4/3 4031/3/3 4030/1/3
f 3881/2/3 3882/4/3 4032/3/3 4031/1/3
f 3882/2/3 3883/4/3 4033/3/3 4032/1/3
f 3883/2/3 3884/4/3 4034/3/3 4033/1/3
f 3884/2/3 3885/4/3 4035/3/3 4034/1/3
f 3885/2/3 3886/4/3 4036/3/3 4035/1/3
f 3886/2/3 3887/4/3 4037/3/3 4036/1/3
f 3887/2/3 3888/4/3 4038/3/3 4037/1/3
f 3888/2/3 3889/4/3 4039/3/3 4038/1/3
f 3890/1/5 4040/2/5 4039/4/5 3889/3/5
f 3891/3/2 3892/1/2 4042/2/2 4041/4/2
f 3892/2/3 3893/4/3 4043/3/3 4042/1/3
f 3894/1/5 4044/2/5 4043/4/5 3893/3/5
f 3895/3/2 3854/1/2 4004/2/2 4045/4/2
f 3895/1/6 4045/2/6 4046/4/6 3896/3/6
f 3896/1/6 4046/2/6 4047/4/6 3897/3/6
f 3897/1/6 4047/2/6 4048/4/6 3898/3/6
f 3898/1/6 4048/2/6 4049/4/6 3899/3/6
f 3899/1/6 4049/2/6 4050/4/6 3900/3/6
f 3900/1/6 4050/2/6 4051/4/6 3901/3/6
f 3901/1/6 4051/2/6 4052/4/6 3902/3/6
f 3902/1/6 4052/2/6 4053/4/6 3903/3/6
f 3903/1/6 4053/2/6 4054/4/6 3904/3/6
f 3904/1/6 4054/2/6 4055/4/6 3905/3/6
f 3905/1/6 4055/2/6 4056/4/6 3906/3/6
f 3906/1/6 4056/2/6 4057/4/6 3907/3/6
f 3907/1/6 4057/2/6 4058/4/6 3908/3/6
f 3908/1/6 4058/2/6 4059/4/6 3909/3/6
f 3909/1/6 4059/2/6 4060/4/6 3910/3/6
f 3910/1/6 4060/2/6 4061/4/6 3911/3/6
f 3911/1/6 4061/2/6 4062/4/6 3912/3/6
f 3912/1/6 4062/2/6 4063/4/6 3913/3/6
f 3913/1/6 4063/2/6 4064/4/6 3914/3/6
f 3914/1/6 4064/2/6 4065/4/6 3915/3/6
f 3915/1/6 4065/2/6 4066/4/6 3916/3/6
f 3916/1/6 4066/2/6 4067/4/6 3917/3/6
f 3917/1/6 4067/2/6 4068/4/6 3918/3/6
f 3918/1/6 4068/2/6 4069/4/6 3919/3/6
f 3919/1/6 4069/2/6 4070/4/6 3920/3/6
f 3920/1/6 4070/2/6 4071/4/6 3921/3/6
f 3921/1/6 4071/2/6 4072/4/6 3922/3/6
f 3922/1/6 4072/2/6 4073/4/6 3923/3/6
f 3923/1/6 4073/2/6 4074/4/6 3924/3/6
f 3924/1/6 4074/2/6 4075/4/6 3925/3/6
f 3925/1/6 4075/2/6 4076/4/6 3926/3/6
f 3926/1/6 4076/2/6 4077/4/6 3927/3/6
f 3927/1/6 4077/2/6 4078/4/6 3928/3/6
f 3928/1/6 4078/2/6 4079/4/6 3929/3/6
f 3929/1/6 4079/2/6 4080/4/6 3930/3/6
f 3930/1/6 4080/2/6 4081/4/6 3931/3/6
f 3931/1/6 4081/2/6 4082/4/6 3932/3/6
f 3933/1/5 4083/2/5 4040/4/5 3890/3/5
f 3932/1/6 4082/2/6 4083/4/6 3933/3/6
f 3934/3/2 3891/1/2 4041/2/2 4084/4/2
f 3935/1/5 4085/2/5 4044/4/5 3894/3/5
f 3934/1/6 4084/2/6 4085/4/6 3935/3/6
f 3936/3/2 3937/1/2 4087/2/2 4086/4/2
f 3937/2/3 3938/4/3 4088/3/3 4087/1/3
f 3938/2/3 3939/4/3 4089/3/3 4088/1/3
f 3939/2/3 3940/4/3 4090/3/3 4089/1/3
f 3941/1/5 4091/2/5 4090/4/5 3940/3/5
f 3942/3/2 3936/1/2 4086/2/2 4092/4/2
f 3943/1/5 4093/2/5 4091/4/5 3941/3/5
f 3944/3/2 3942/1/2 4092/2/2 4094/4/2
f 3945/1/5 4095/2/5 4093/4/5 3943/3/5
f 3946/3/2 3944/1/2 4094/2/2 4096/4/2
f 3947/1/5 4097/2/5 4095/4/5 3945/3/5
f 3948/3/2 3946/1/2 4096/2/2 4098/4/2
f 3949/1/5 4099/2/5 4097/4/5 3947/3/5
f 3950/3/2 3948/1/2 4098/2/2 4100/4/2
f 3951/1/5 4101/2/5 4099/4/5 3949/3/5
f 3952/3/2 3950/1/2 4100/2/2 4102/4/2
f 3953/1/5 4103/2/5 4101/4/5 3951/3/5
f 3954/3/2 3952/1/2 4102/2/2 4104/4/2
f 3955/1/5 4105/2/5 4103/4/5 3953/3/5
f 3956/3/2 3954/1/2 4104/2/2 4106/4/2
f 3957/1/5 4107/2/5 4105/4/5 3955/3/5
f 3958/3/2 3956/1/2 4106/2/2 4108/4/2
f 3959/1/5 4109/2/5 4107/4/5 3957/3/5
f 3960/3/2 3958/1/2 4108/2/2 4110/4/2
f 3961/1/5 4111/2/5 4109/4/5 3959/3/5
f 3962/3/2 3960/1/2 4110/2/2 4112/4/2
f 3963/1/5 4113/2/5 4111/4/5 3961/3/5
f 3964/3/2 3962/1/2 4112/2/2 4114/4/2
f 3965/1/5 4115/2/5 4113/4/5 3963/3/5
f 3966/3/2 3964/1/2 4114/2/2 4116/4/2
f 3967/1/5 4117/2/5 4115/4/5 3965/3/5
f 3968/3/2 3966/1/2 4116/2/2 4118/4/2
f 3969/1/5 4119/2/5 4117/4/5 3967/3/5
f 3970/3/2 3968/1/2 4118/2/2 4120/4/2
f 3971/1/5 4121/2/5 4119/4/5 3969/3/5
f 3972/3/2 3970/1/2 4120/2/2 4122/4/2
f 3973/1/5 4123/2/5 4121/4/5 3971/3/5
f 3974/3/2 3972/1/2 4122/2/2 4124/4/2
f 3975/1/5 4125/2/5 4123/4/5 3973/3/5
f 3976/3/2 3974/1/2 4124/2/2 4126/4/2
f 3977/1/5 4127/2/5 4125/4/5 3975/3/5
f 3978/3/2 3976/1/2 4126/2/2 4128/4/2
f 3979/1/5 4129/2/5 4127/4/5 3977/3/5
f 3980/3/2 3978/1/2 4128/2/2 4130/4/2
f 3981/1/5 4131/2/5 4129/4/5 3979/3/5
f 3982/3/2 3980/1/2 4130/2/2 4132/4/2
f 3983/1/5 4133/2/5 4131/4/5 3981/3/5
f 3984/3/2 3982/1/2 4132/2/2 4134/4/2
f 3985/1/5 4135/2/5 4133/4/5 3983/3/5
f 3986/3/2 3984/1/2 4134/2/2 4136/4/2
f 3987/1/5 4137/2/5 4135/4/5 3985/3/5
f 3988/3/2 3986/1/2 4136/2/2 4138/4/2
f 3989/1/5 4139/2/5 4137/4/5 3987/3/5
f 3990/3/2 3988/1/2 4138/2/2 4140/4/2
f 3991/1/5 4141/2/5 4139/4/5 3989/3/5
f 3992/3/2 3990/1/2 4140/2/2 4142/4/2
f 3993/1/5 4143/2/5 4141/4/5 3991/3/5
f 3994/3/2 3992/1/2 4142/2/2 4144/4/2
f 3995/1/5 4145/2/5 4143/4/5 3993/3/5
f 3996/3/2 3994/1/2 4144/2/2 4146/4/2
f 3997/1/5 4147/2/5 4145/4/5 3995/3/5
f 3998/3/2 3996/1/2 4146/2/2 4148/4/2
f 3999/1/5 4149/2/5 4147/4/5 3997/3/5
f 4000/3/2 3998/1/2 4148/2/2 4150/4/2
f 4001/1/5 4151/2/5 4149/4/5 3999/3/5
f 4002/3/2 4000/1/2 4150/2/2 4152/4/2
f 4003/1/5 4153/2/5 4151/4/5 4001/3/5
f 4004/3/2 4002/1/2 4152/2/2 4154/4/2
f 4003/2/3 4005/4/3 4155/3/3 4153/1/3
f 4005/2/3 4006/4/3 4156/3/3 4155/1/3
f 4006/2/3 4007/4/3 4157/3/3 4156/1/3
f 4007/2/3 4008/4/3 4158/3/3 4157/1/3
f 4008/2/3 4009/4/3 4159/3/3 4158/1/3
f 4009/2/3 4010/4/3 4160/3/3 4159/1/3
f 4010/2/3 4011/4/3 4161/3/3 4160/1/3
f 4011/2/3 4012/4/3 4162/3/3 4161/1/3
f 4012/2/3 4013/4/3 4163/3/3 4162/1/3
f 4013/2/3 4014/4/3 4164/3/3 4163/1/3
f 4014/2/3 4015/4/3 4165/3/3 4164/1/3
f 4015/2/3 4016/4/3 4166/3/3 4165/1/3
f 4016/2/3 4017/4/3 4167/3/3 4166/1/3
f 4017/2/3 4018/4/3 4168/3/3 4167/1/3
f 4018/2/3 4019/4/3 4169/3/3 4168/1/3
f 4019/2/3 4020/4/3 4170/3/3 4169/1/3
f 4020/2/3 4021/4/3 4171/3/3 4170/1/3
f 4021/2/3 4022/4/3 4172/3/3 4171/1/3
f 4022/2/3 4023/4/3 4173/3/3 4172/1/3
f 4023/2/3 4024/4/3 4174/3/3 4173/1/3
f 4024/2/3 4025/4/3 4175/3/3 4174/1/3
f 4025/2/3 4026/4/3 4176/3/3 4175/1/3
f 4026/2/3 4027/4/3 4177/3/3 4176/1/3
f 4027/2/3 4028/4/3 4178/3/3 4177/1/3
f 4028/2/3 4029/4/3 4179/3/3 4178/1/3
f 4029/2/3 4030/4/3 4180/3/3 4179/1/3
f 4030/2/3 4031/4/3 4181/3/3 4180/1/3
f 4031/2/3 4032/4/3 4182/3/3 4181/1/3
f 4032/2/3 4033/4/3 4183/3/3 4182/1/3
f 4033/2/3 4034/4/3 4184/3/3 4183/1/3
f 4034/2/3 4035/4/3 4185/3/3 4184/1/3
f 4035/2/3 4036/4/3 4186/3/3 4185/1/3
f 4036/2/3 4037/4/3 4187/3/3 4186/1/3
f 4037/2/3 4038/4/3 4188/3/3 4187/1/3
f 4038/2/3 4039/4/3 4189/3/3 4188/1/3
f 4040/1/5 4190/2/5 4189/4/5 4039/3/5
f 4041/3/2 4042/1/2 4192/2/2 4191/4/2
f 4042/2/3 4043/4/3 4193/3/3 4192/1/3
f 4044/1/5 4194/2/5 4193/4/5 4043/3/5
f 4045/3/2 4004/1/2 4154/2/2 4195/4/2
f 4045/1/6 4195/2/6 4196/4/6 4046/3/6
f 4046/1/6 4196/2/6 4197/4/6 4047/3/6
f 4047/1/6 4197/2/6 4198/4/6 4048/3/6
f 4048/1/6 4198/2/6 4199/4/6 4049/3/6
f 4049/1/6 4199/2/6 4200/4/6 4050/3/6
f 4050/1/6 4200/2/6 4201/4/6 4051/3/6
f 4051/1/6 4201/2/6 4202/4/6 4052/3/6
f 4052/1/6 4202/2/6 4203/4/6 4053/3/6
f 4053/1/6 4203/2/6 4204/4/6 4054/3/6
f 4054/1/6 4204/2/6 4205/4/6 4055/3/6
f 4055/1/6 4205/2/6 4206/4/6 4056/3/6
f 4056/1/6 4206/2/6 4207/4/6 4057/3/6
f 4057/1/6 4207/2/6 4208/4/6 4058/3/6
f 4058/1/6 4208/2/6 4209/4/6 4059/3/6
f 4059/1/6 4209/2/6 4210/4/6 4060/3/6
f 4060/1/6 4210/2/6 4211/4/6 4061/3/6
f 4061/1/6 4211/2/6 4212/4/6 4062/3/6
f 4062/1/6 4212/2/6 4213/4/6 4063/3/6
f 4063/1/6 4213/2/6 4214/4/6 4064/3/6
f 4064/1/6 4214/2/6 4215/4/6 4065/3/6
f 4065/1/6 4215/2/6 4216/4/6 4066/3/6
f 4066/1/6 4216/2/6 4217/4/6 4067/3/6
f 4067/1/6 4217/2/6 4218/4/6 4068/3/6
f 4068/1/6 4218/2/6 4219/4/6 4069/3/6
f 4069/1/6 4219/2/6 4220/4/6 4070/3/6
f 4070/1/6 4220/2/6 4221/4/6 4071/3/6
f 4071/1/6 4221/2/6 4222/4/6 4072/3/6
f 4072/1/6 4222/2/6 4223/4/6 4073/3/6
f 4073/1/6 4223/2/6 4224/4/6 4074/3/6
f 4074/1/6 4224/2/6 4225/4/6 4075/3/6
f 4075/1/6 4225/2/6 4226/4/6 4076/3/6
f 4076/1/6 4226/2/6 4227/4/6 4077/3/6
f 4077/1/6 4227/2/6 4228/4/6 4078/3/6
f 4078/1/6 4228/2/6 4229/4/6 4079/3/6
f 4079/1/6 4229/2/6 4230/4/6 4080/3/6
f 4080/1/6 4230/2/6 4231/4/6 4081/3/6
f 4081/1/6 4231/2/6 4232/4/6 4082/3/6
f 4083/1/5 4233/2/5 4190/4/5 4040/3/5
f 4082/1/6 4232/2/6 4233/4/6 4083/3/6
f 4084/3/2 4041/1/2 4191/2/2 4234/4/2
f 4085/1/5 4235/2/5 4194/4/5 4044/3/5
f 4084/1/6 4234/2/6 4235/4/6 4085/3/6
f 4086/3/2 4087/1/2 4237/2/2 4236/4/2
f 4087/2/3 4088/4/3 4238/3/3 4237/1/3
f 4088/2/3 4089/4/3 4239/3/3 4238/1/3
f 4089/2/3 4090/4/3 4240/3/3 4239/1/3
f 4091/1/5 4241/2/5 4240/4/5 4090/3/5
f 4092/3/2 4086/1/2 4236/2/2 4242/4/2
f 4093/1/5 4243/2/5 4241/4/5 4091/3/5
f 4094/3/2 4092/1/2 4242/2/2 4244/4/2
f 4095/1/5 4245/2/5 4243/4/5 4093/3/5
f 4096/3/2 4094/1/2 4244/2/2 4246/4/2
f 4097/1/5 4247/2/5 4245/4/5 4095/3/5
f 4098/3/2 4096/1/2 4246/2/2 4248/4/2
f 4099/1/5 4249/2/5 4247/4/5 4097/3/5
f 4100/3/2 4098/1/2 4248/2/2 4250/4/2
f 4101/1/5 4251/2/5 4249/4/5 4099/3/5
f 4102/3/2 4100/1/2 4250/2/2 4252/4/2
f 4103/1/5 4253/2/5 4251/4/5 4101/3/5
f 4104/3/2 4102/1/2 4252/2/2 4254/4/2
f 4105/1/5 4255/2/5 4253/4/5 4103/3/5
f 4106/3/2 4104/1/2 4254/2/2 4256/4/2
f 4107/1/5 4257/2/5 4255/4/5 4105/3/5
f 4108/3/2 4106/1/2 4256/2/2 4258/4/2
f 4109/1/5 4259/2/5 4257/4/5 4107/3/5
f 4110/3/2 4108/1/2 4258/2/2 4260/4/2
f 4111/1/5 4261/2/5 4259/4/5 4109/3/5
f 4112/3/2 4110/1/2 4260/2/2 4262/4/2
f 4113/1/5 4263/2/5 4261/4/5 4111/3/5
f 4114/3/2 4112/1/2 4262/2/2 4264/4/2
f 4115/1/5 4265/2/5 4263/4/5 4113/3/5
f 4116/3/2 4114/1/2 4264/2/2 4266/4/2
f 4117/1/5 4267/2/5 4265/4/5 4115/3/5
f 4118/3/2 4116/1/2 4266/2/2 4268/4/2
f 4119/1/5 4269/2/5 4267/4/5 4117/3/5
f 4120/3/2 4118/1/2 4268/2/2 4270/4/2
f 4121/1/5 4271/2/5 4269/4/5 4119/3/5
f 4122/3/2 4120/1/2 4270/2/2 4272/4/2
f 4123/1/5 4273/2/5 4271/4/5 4121/3/5
f 4124/3/2 4122/1/2 4272/2/2 4274/4/2
f 4125/1/5 4275/2/5 4273/4/5 4123/3/5
f 4126/3/2 4124/1/2 4274/2/2 4276/4/2
f 4127/1/5 4277/2/5 4275/4/5 4125/3/5
f 4128/3/2 4126/1/2 4276/2/2 4278/4/2
f 4129/1/5 4279/2/5 4277/4/5 4127/3/5
f 4130/3/2 4128/1/2 4278/2/2 4280/4/2
f 4131/1/5 4281/2/5 4279/4/5 4129/3/5
f 4132/3/2 4130/1/2 4280/2/2 4282/4/2
f 4133/1/5 4283/2/5 4281/4/5 4131/3/5
f 4134/3/2 4132/1/2 4282/2/2 4284/4/2
f 4135/1/5 4285/2/5 4283/4/5 4133/3/5
f 4136/3/2 4134/1/2 4284/2/2 4286/4/2
f 4137/1/5 4287/2/5 4285/4/5 4135/3/5
f 4138/3/2 4136/1/2 4286/2/2 4288/4/2
f 4139/1/5 4289/2/5 4287/4/5 4137/3/5
f 4140/3/2 4138/1/2 4288/2/2 4290/4/2
f 4141/1/5 4291/2/5 4289/4/5 4139/3/5
f 4142/3/2 4140/1/2 4290/2/2 4292/4/2
f 4143/1/5 4293/2/5 4291/4/5 4141/3/5
f 4144/3/2 4142/1/2 4292/2/2 4294/4/2
f 4145/1/5 4295/2/5 4293/4/5 4143/3/5
f 4146/3/2 4144/1/2 4294/2/2 4296/4/2
f 4147/1/5 4297/2/5 4295/4/5 4145/3/5
f 4148/3/2 4146/1/2 4296/2/2 4298/4/2
f 4149/1/5 4299/2/5 4297/4/5 4147/3/5
f 4150/3/2 4148/1/2 4298/2/2 4300/4/2
f 4151/1/5 4301/2/5 4299/4/5 4149/3/5
f 4152/3/2 4150/1/2 4300/2/2 4302/4/2
f 4153/1/5 4303/2/5 4301/4/5 4151/3/5
f 4154/3/2 4152/1/2 4302/2/2 4304/4/2
f 4153/2/3 4155/4/3 4305/3/3 4303/1/3
f 4155/2/3 4156/4/3 4306/3/3 4305/1/3
f 4156/2/3 4157/4/3 4307/3/3 4306/1/3
f 4157/2/3 4158/4/3 4308/3/3 4307/1/3
f 4158/2/3 4159/4/3 4309/3/3 4308/1/3
f 4159/2/3 4160/4/3 4310/3/3 4309/1/3
f 4160/2/3 4161/4/3 4311/3/3 4310/1/3
f 4161/2/3 4162/4/3 4312/3/3 4311/1/3
f 4162/2/3 4163/4/3 4313/3/3 4312/1/3
f 4163/2/3 4164/4/3 4314/3/3 4313/1/3
f 4164/2/3 4165/4/3 4315/3/3 4314/1/3
f 4165/2/3 4166/4/3 4316/3/3 4315/1/3
f 4166/2/3 4167/4/3 4317/3/3 4316/1/3
f 4167/2/3 4168/4/3 4318/3/3 4317/1/3
f 4168/2/3 4169/4/3 4319/3/3 4318/1/3
f 4169/2/3 4170/4/3 4320/3/3 4319/1/3
f 4170/2/3 4171/4/3 4321/3/3 4320/1/3
f 4171/2/3 4172/4/3 4322/3/3 4321/1/3
f 4172/2/3 4173/4/3 4323/3/3 4322/1/3
f 4173/2/3 4174/4/3 4324/3/3 4323/1/3
f 4174/2/3 4175/4/3 4325/3/3 4324/1/3
f 4175/2/3 4176/4/3 4326/3/3 4325/1/3
f 4176/2/3 4177/4/3 4327/3/3 4326/1/3
f 4177/2/3 4178/4/3 4328/3/3 4327/1/3
f 4178/2/3 4179/4/3 4329/3/3 4328/1/3
f 4179/2/3 4180/4/3 4330/3/3 4329/1/3
f 4180/2/3 4181/4/3 4331/3/3 4330/1/3
f 4181/2/3 4182/4/3 4332/3/3 4331/1/3
f 4182/2/3 4183/4/3 4333/3/3 4332/1/3
f 4183/2/3 4184/4/3 4334/3/3 4333/1/3
f 4184/2/3 4185/4/3 4335/3/3 4334/1/3
f 4185/2/3 4186/4/3 4336/3/3 4335/1/3
f 4186/2/3 4187/4/3 4337/3/3 4336/1/3
f 4187/2/3 4188/4/3 4338/3/3 4337/1/3
f 4188/2/3 4189/4/3 4339/3/3 4338/1/3
f 4190/1/5 4340/2/5 4339/4/5 4189/3/5
f 4191/3/2 4192/1/2 4342/2/2 4341/4/2
f 4192/2/3 4193/4/3 4343/3/3 4342/1/3
f 4194/1/5 4344/2/5 4343/4/5 4193/3/5
f 4195/3/2 4154/1/2 4304/2/2 4345/4/2
f 4195/1/6 4345/2/6 4346/4/6 4196/3/6
f 4196/1/6 4346/2/6 4347/4/6 4197/3/6
f 4197/1/6 4347/2/6 4348/4/6 4198/3/6
f 4198/1/6 4348/2/6 4349/4/6 4199/3/6
f 4199/1/6 4349/2/6 4350/4/6 4200/3/6
f 4200/1/6 4350/2/6 4351/4/6 4201/3/6
f 4201/1/6 4351/2/6 4352/4/6 4202/3/6
f 4202/1/6 4352/2/6 4353/4/6 4203/3/6
f 4203/1/6 4353/2/6 4354/4/6 4204/3/6
f 4204/1/6 4354/2/6 4355/4/6 4205/3/6
f 4205/1/6 4355/2/6 4356/4/6 4206/3/6
f 4206/1/6 4356/2/6 4357/4/6 4207/3/6
f 4207/1/6 4357/2/6 4358/4/6 4208/3/6
f 4208/1/6 4358/2/6 4359/4/6 4209/3/6
f 4209/1/6 4359/2/6 4360/4/6 4210/3/6
f 4210/1/6 4360/2/6 4361/4/6 4211/3/6
f 4211/1/6 4361/2/6 4362/4/6 4212/3/6
f 4212/1/6 4362/2/6 4363/4/6 4213/3/6
f 4213/1/6 4363/2/6 4364/4/6 4214/3/6
f 4214/1/6 4364/2/6 4365/4/6 4215/3/6
f 4215/1/6 4365/2/6 4366/4/6 4216/3/6
f 4216/1/6 4366/2/6 4367/4/6 4217/3/6
f 4217/1/6 4367/2/6 4368/4/6 4218/3/6
f 4218/1/6 4368/2/6 4369/4/6 4219/3/6
f 4219/1/6 4369/2/6 4370/4/6 4220/3/6
f 4220/1/6 4370/2/6 4371/4/6 4221/3/6
f 4221/1/6 4371/2/6 4372/4/6 4222/3/6
f 4222/1/6 4372/2/6 4373/4/6 4223/3/6
f 4223/1/6 4373/2/6 4374/4/6 4224/3/6
f 4224/1/6 4374/2/6 4375/4/6 4225/3/6
f 4225/1/6 4375/2/6 4376/4/6 4226/3/6
f 4226/1/6 4376/2/6 4377/4/6 4227/3/6
f 4227/1/6 4377/2/6 4378/4/6 4228/3/6
f 4228/1/6 4378/2/6 4379/4/6 4229/3/6
f 4229/1/6 4379/2/6 4380/4/6 4230/3/6
f 4230/1/6 4380/2/6 4381/4/6 4231/3/6
f 4231/1/6 4381/2/6 4382/4/6 4232/3/6
f 4233/1/5 4383/2/5 4340/4/5 4190/3/5
f 4232/1/6 4382/2/6 4383/4/6 4233/3/6
f 4234/3/2 4191/1/2 4341/2/2 4384/4/2
f 4235/1/5 4385/2/5 4344/4/5 4194/3/5
f 4234/1/6 4384/2/6 4385/4/6 4235/3/6
f 4236/3/2 4237/1/2 4387/2/2 4386/4/2
f 4237/2/3 4238/4/3 4388/3/3 4387/1/3
f 4238/2/3 4239/4/3 4389/3/3 4388/1/3
f 4239/2/3 4240/4/3 4390/3/3 4389/1/3
f 4241/1/5 4391/2/5 4390/4/5 4240/3/5
f 4242/3/2 4236/1/2 4386/2/2 4392/4/2
f 4243/1/5 4393/2/5 4391/4/5 4241/3/5
f 4244/3/2 4242/1/2 4392/2/2 4394/4/2
f 4245/1/5 4395/2/5 4393/4/5 4243/3/5
f 4246/3/2 4244/1/2 4394/2/2 4396/4/2
f 4247/1/5 4397/2/5 4395/4/5 4245/3/5
f 4248/3/2 4246/1/2 4396/2/2 4398/4/2
f 4249/1/5 4399/2/5 4397/4/5 4247/3/5
f 4250/3/2 4248/1/2 4398/2/2 4400/4/2
f 4251/1/5 4401/2/5 4399/4/5 4249/3/5
f 4252/3/2 4250/1/2 4400/2/2 4402/4/2
f 4253/1/5 4403/2/5 4401/4/5 4251/3/5
f 4254/3/2 4252/1/2 4402/2/2 4404/4/2
f 4255/1/5 4405/2/5 4403/4/5 4253/3/5
f 4256/3/2 4254/1/2 4404/2/2 4406/4/2
f 4257/1/5 4407/2/5 4405/4/5 4255/3/5
f 4258/3/2 4256/1/2 4406/2/2 4408/4/2
f 4259/1/5 4409/2/5 4407/4/5 4257/3/5
f 4260/3/2 4258/1/2 4408/2/2 4410/4/2
f 4261/1/5 4411/2/5 4409/4/5 4259/3/5
f 4262/3/2 4260/1/2 4410/2/2 4412/4/2
f 4263/1/5 4413/2/5 4411/4/5 4261/3/5
f 4264/3/2 4262/1/2 4412/2/2 4414/4/2
f 4265/1/5 4415/2/5 4413/4/5 4263/3/5
f 4266/3/2 4264/1/2 4414/2/2 4416/4/2
f 4267/1/5 4417/2/5 4415/4/5 4265/3/5
f 4268/3/2 4266/1/2 4416/2/2 4418/4/2
f 4269/1/5 4419/2/5 4417/4/5 4267/3/5
f 4270/3/2 4268/1/2 4418/2/2 4420/4/2
f 4271/1/5 4421/2/5 4419/4/5 4269/3/5
f 4272/3/2 4270/1/2 4420/2/2 4422/4/2
f 4273/1/5 4423/2/5 4421/4/5 4271/3/5
f 4274/3/2 4272/1/2 4422/2/2 4424/4/2
f 4275/1/5 4425/2/5 4423/4/5 4273/3/5
f 4276/3/2 4274/1/2 4424/2/2 4426/4/2
f 4277/1/5 4427/2/5 4425/4/5 4275/3/5
f 4278/3/2 4276/1/2 4426/2/2 4428/4/2
f 4279/1/5 4429/2/5 4427/4/5 4277/3/5
f 4280/3/2 4278/1/2 4428/2/2 4430/4/2
f 4281/1/5 4431/2/5 4429/4/5 4279/3/5
f 4282/3/2 4280/1/2 4430/2/2 4432/4/2
f 4283/1/5 4433/2/5 4431/4/5 4281/3/5
f 4284/3/2 4282/1/2 4432/2/2 4434/4/2
f 4285/1/5 4435/2/5 4433/4/5 4283/3/5
f 4286/3/2 4284/1/2 4434/2/2 4436/4/2
f 4287/1/5 4437/2/5 4435/4/5 4285/3/5
f 4288/3/2 4286/1/2 4436/2/2 4438/4/2
f 4289/1/5 4439/2/5 4437/4/5 4287/3/5
f 4290/3/2 4288/1/2 4438/2/2 4440/4/2
f 4291/1/5 4441/2/5 4439/4/5 4289/3/5
f 4292/3/2 4290/1/2 4440/2/2 4442/4/2
f 4293/1/5 4443/2/5 4441/4/5 4291/3/5
f 4294/3/2 4292/1/2 4442/2/2 4444/4/2
f 4295/1/5 4445/2/5 4443/4/5 4293/3/5
f 4296/3/2 4294/1/2 4444/2/2 4446/4/2
f 4297/1/5 4447/2/5 4445/4/5 4295/3/5
f 4298/3/2 4296/1/2 4446/2/2 4448/4/2
f 4299/1/5 4449/2/5 4447/4/5 4297/3/5
f 4300/3/2 4298/1/2 4448/2/2 4450/4/2
f 4301/1/5 4451/2/5 4449/4/5 4299/3/5
f 4302/3/2 4300/1/2 4450/2/2 4452/4/2
f 4303/1/5 4453/2/5 4451/4/5 4301/3/5
f 4304/3/2 4302/1/2 4452/2/2 4454/4/2
f 4303/2/3 4305/4/3 4455/3/3 4453/1/3
f 4305/2/3 4306/4/3 4456/3/3 4455/1/3
f 4306/2/3 4307/4/3 4457/3/3 4456/1/3
f 4307/2/3 4308/4/3 4458/3/3 4457/1/3
f 4308/2/3 4309/4/3 4459/3/3 4458/1/3
f 4309/2/3 4310/4/3 4460/3/3 4459/1/3
f 4310/2/3 4311/4/3 4461/3/3 4460/1/3
f 4311/2/3 4312/4/3 4462/3/3 4461/1/3
f 4312/2/3 4313/4/3 4463/3/3 4462/1/3
f 4313/2/3 4314/4/3 4464/3/3 4463/1/3
f 4314/2/3 4315/4/3 4465/3/3 4464/1/3
f 4315/2/3 4316/4/3 4466/3/3 4465/1/3
f 4316/2/3 4317/4/3 4467/3/3 4466/1/3
f 4317/2/3 4318/4/3 4468/3/3 4467/1/3
f 4318/2/3 4319/4/3 4469/3/3 4468/1/3
f 4319/2/3 4320/4/3 4470/3/3 4469/1/3
f 4320/2/3 4321/4/3 4471/3/3 4470/1/3
f 4321/2/3 4322/4/3 4472/3/3 4471/1/3
f 4322/2/3 4323/4/3 4473/3/3 4472/1/3
f 4323/2/3 4324/4/3 4474/3/3 4473/1/3
f 4324/2/3 4325/4/3 4475/3/3 4474/1/3
f 4325/2/3 4326/4/3 4476/3/3 4475/1/3
f 4326/2/3 4327/4/3 4477/3/3 4476/1/3
f 4327/2/3 4328/4/3 4478/3/3 4477/1/3
f 4328/2/3 4329/4/3 4479/3/3 4478/1/3
f 4329/2/3 4330/4/3 4480/3/3 4479/1/3
f 4330/2/3 4331/4/3 4481/3/3 4480/1/3
f 4331/2/3 4332/4/3 4482/3/3 4481/1/3
f 4332/2/3 4333/4/3 4483/3/3 4482/1/3
f 4333/2/3 4334/4/3 4484/3/3 4483/1/3
f 4334/2/3 4335/4/3 4485/3/3 4484/1/3
f 4335/2/3 4336/4/3 4486/3/3 4485/1/3
f 4336/2/3 4337/4/3 4487/3/3 4486/1/3
f 4337/2/3 4338/4/3 4488/3/3 4487/1/3
f 4338/2/3 4339/4/3 4489/3/3 4488/1/3
f 4340/1/5 4490/2/5 4489/4/5 4339/3/5
f 4492/2/1 4341/4/1 4342/3/1 4491/1/1
f 4492/3/2 4491/1/2 4494/2/2 4493/4/2
f 4491/2/3 4342/4/3 4495/3/3 4494/1/3
f 4342/2/3 4343/4/3 4496/3/3 4495/1/3
f 4344/1/5 4497/2/5 4496/4/5 4343/3/5
f 4345/3/2 4304/1/2 4454/2/2 4498/4/2
f 4345/1/6 4498/2/6 4499/4/6 4346/3/6
f 4346/1/6 4499/2/6 4500/4/6 4347/3/6
f 4347/1/6 4500/2/6 4501/4/6 4348/3/6
f 4348/1/6 4501/2/6 4502/4/6 4349/3/6
f 4349/1/6 4502/2/6 4503/4/6 4350/3/6
f 4350/1/6 4503/2/6 4504/4/6 4351/3/6
f 4351/1/6 4504/2/6 4505/4/6 4352/3/6
f 4352/1/6 4505/2/6 4506/4/6 4353/3/6
f 4353/1/6 4506/2/6 4507/4/6 4354/3/6
f 4354/1/6 4507/2/6 4508/4/6 4355/3/6
f 4355/1/6 4508/2/6 4509/4/6 4356/3/6
f 4356/1/6 4509/2/6 4510/4/6 4357/3/6
f 4357/1/6 4510/2/6 4511/4/6 4358/3/6
f 4358/1/6 4511/2/6 4512/4/6 4359/3/6
f 4359/1/6 4512/2/6 4513/4/6 4360/3/6
f 4360/1/6 4513/2/6 4514/4/6 4361/3/6
f 4361/1/6 4514/2/6 4515/4/6 4362/3/6
f 4362/1/6 4515/2/6 4516/4/6 4363/3/6
f 4363/1/6 4516/2/6 4517/4/6 4364/3/6
f 4364/1/6 4517/2/6 4518/4/6 4365/3/6
f 4365/1/6 4518/2/6 4519/4/6 4366/3/6
f 4366/1/6 4519/2/6 4520/4/6 4367/3/6
f 4367/1/6 4520/2/6 4521/4/6 4368/3/6
f 4368/1/6 4521/2/6 4522/4/6 4369/3/6
f 4369/1/6 4522/2/6 4523/4/6 4370/3/6
f 4370/1/6 4523/2/6 4524/4/6 4371/3/6
f 4371/1/6 4524/2/6 4525/4/6 4372/3/6
f 4372/1/6 4525/2/6 4526/4/6 4373/3/6
f 4373/1/6 4526/2/6 4527/4/6 4374/3/6
f 4374/1/6 4527/2/6 4528/4/6 4375/3/6
f 4375/1/6 4528/2/6 4529/4/6 4376/3/6
f 4376/1/6 4529/2/6 4530/4/6 4377/3/6
f 4377/1/6 4530/2/6 4531/4/6 4378/3/6
f 4378/1/6 4531/2/6 4532/4/6 4379/3/6
f 4379/1/6 4532/2/6 4533/4/6 4380/3/6
f 4380/1/6 4533/2/6 4534/4/6 4381/3/6
f 4381/1/6 4534/2/6 4535/4/6 4382/3/6
f 4383/1/5 4536/2/5 4490/4/5 4340/3/5
f 4382/1/6 4535/2/6 4536/4/6 4383/3/6
f 4537/2/1 4384/4/1 4341/3/1 4492/1/1
f 4537/3/2 4492/1/2 4493/2/2 4538/4/2
f 4537/1/6 4538/2/6 4539/4/6 4384/3/6
f 4385/1/5 4540/2/5 4497/4/5 4344/3/5
f 4384/1/6 4539/2/6 4540/4/6 4385/3/6
f 4386/3/2 4387/1/2 4542/2/2 4541/4/2
f 4387/2/3 4388/4/3 4543/3/3 4542/1/3
f 4388/2/3 4389/4/3 4544/3/3 4543/1/3
f 4389/2/3 4390/4/3 4545/3/3 4544/1/3
f 4391/1/5 4546/2/5 4545/4/5 4390/3/5
f 4392/3/2 4386/1/2 4541/2/2 4547/4/2
f 4393/1/5 4548/2/5 4546/4/5 4391/3/5
f 4394/3/2 4392/1/2 4547/2/2 4549/4/2
f 4395/1/5 4550/2/5 4548/4/5 4393/3/5
f 4396/3/2 4394/1/2 4549/2/2 4551/4/2
f 4397/1/5 4552/2/5 4550/4/5 4395/3/5
f 4398/3/2 4396/1/2 4551/2/2 4553/4/2
f 4399/1/5 4554/2/5 4552/4/5 4397/3/5
f 4400/3/2 4398/1/2 4553/2/2 4555/4/2
f 4401/1/5 4556/2/5 4554/4/5 4399/3/5
f 4402/3/2 4400/1/2 4555/2/2 4557/4/2
f 4403/1/5 4558/2/5 4556/4/5 4401/3/5
f 4404/3/2 4402/1/2 4557/2/2 4559/4/2
f 4405/1/5 4560/2/5 4558/4/5 4403/3/5
f 4406/3/2 4404/1/2 4559/2/2 4561/4/2
f 4407/1/5 4562/2/5 4560/4/5 4405/3/5
f 4408/3/2 4406/1/2 4561/2/2 4563/4/2
f 4409/1/5 4564/2/5 4562/4/5 4407/3/5
f 4410/3/2 4408/1/2 4563/2/2 4565/4/2
f 4411/1/5 4566/2/5 4564/4/5 4409/3/5
f 4412/3/2 4410/1/2 4565/2/2 4567/4/2
f 4413/1/5 4568/2/5 4566/4/5 4411/3/5
f 4414/3/2 4412/1/2 4567/2/2 4569/4/2
f 4415/1/5 4570/2/5 4568/4/5 4413/3/5
f 4416/3/2 4414/1/2 4569/2/2 4571/4/2
f 4417/1/5 4572/2/5 4570/4/5 4415/3/5
f 4418/3/2 4416/1/2 4571/2/2 4573/4/2
f 4419/1/5 4574/2/5 4572/4/5 4417/3/5
f 4420/3/2 4418/1/2 4573/2/2 4575/4/2
f 4421/1/5 4576/2/5 4574/4/5 4419/3/5
f 4422/3/2 4420/1/2 4575/2/2 4577/4/2
f 4423/1/5 4578/2/5 4576/4/5 4421/3/5
f 4424/3/2 4422/1/2 4577/2/2 4579/4/2
f 4425/1/5 4580/2/5 4578/4/5 4423/3/5
f 4426/3/2 4424/1/2 4579/2/2 4581/4/2
f 4427/1/5 4582/2/5 4580/4/5 4425/3/5
f 4428/3/2 4426/1/2 4581/2/2 4583/4/2
f 4429/1/5 4584/2/5 4582/4/5 4427/3/5
f 4430/3/2 4428/1/2 4583/2/2 4585/4/2
f 4431/1/5 4586/2/5 4584/4/5 4429/3/5
f 4432/3/2 4430/1/2 4585/2/2 4587/4/2
f 4433/1/5 4588/2/5 4586/4/5 4431/3/5
f 4434/3/2 4432/1/2 4587/2/2 4589/4/2
f 4435/1/5 4590/2/5 4588/4/5 4433/3/5
f 4436/3/2 4434/1/2 4589/2/2 4591/4/2
f 4437/1/5 4592/2/5 4590/4/5 4435/3/5
f 4438/3/2 4436/1/2 4591/2/2 4593/4/2
f 4439/1/5 4594/2/5 4592/4/5 4437/3/5
f 4440/3/2 4438/1/2 4593/2/2 4595/4/2
f 4441/1/5 4596/2/5 4594/4/5 4439/3/5
f 4442/3/2 4440/1/2 4595/2/2 4597/4/2
f 4443/1/5 4598/2/5 4596/4/5 4441/3/5
f 4444/3/2 4442/1/2 4597/2/2 4599/4/2
f 4445/1/5 4600/2/5 4598/4/5 4443/3/5
f 4446/3/2 4444/1/2 4599/2/2 4601/4/2
f 4447/1/5 4602/2/5 4600/4/5 4445/3/5
f 4448/3/2 4446/1/2 4601/2/2 4603/4/2
f 4449/1/5 4604/2/5 4602/4/5 4447/3/5
f 4450/3/2 4448/1/2 4603/2/2 4605/4/2
f 4451/1/5 4606/2/5 4604/4/5 4449/3/5
f 4452/3/2 4450/1/2 4605/2/2 4607/4/2
f 4453/1/5 4608/2/5 4606/4/5 4451/3/5
f 4454/3/2 4452/1/2 4607/2/2 4609/4/2
f 4453/2/3 4455/4/3 4610/3/3 4608/1/3
f 4455/2/3 4456/4/3 4611/3/3 4610/1/3
f 4456/2/3 4457/4/3 4612/3/3 4611/1/3
f 4457/2/3 4458/4/3 4613/3/3 4612/1/3
f 4458/2/3 4459/4/3 4614/3/3 4613/1/3
f 4459/2/3 4460/4/3 4615/3/3 4614/1/3
f 4460/2/3 4461/4/3 4616/3/3 4615/1/3
f 4461/2/3 4462/4/3 4617/3/3 4616/1/3
f 4462/2/3 4463/4/3 4618/3/3 4617/1/3
f 4463/2/3 4464/4/3 4619/3/3 4618/1/3
f 4464/2/3 4465/4/3 4620/3/3 4619/1/3
f 4465/2/3 4466/4/3 4621/3/3 4620/1/3
f 4466/2/3 4467/4/3 4622/3/3 4621/1/3
f 4467/2/3 4468/4/3 4623/3/3 4622/1/3
f 4468/2/3 4469/4/3 4624/3/3 4623/1/3
f 4469/2/3 4470/4/3 4625/3/3 4624/1/3
f 4470/2/3 4471/4/3 4626/3/3 4625/1/3
f 4471/2/3 4472/4/3 4627/3/3 4626/1/3
f 4472/2/3 4473/4/3 4628/3/3 4627/1/3
f 4473/2/3 4474/4/3 4629/3/3 4628/1/3
f 4474/2/3 4475/4/3 4630/3/3 4629/1/3
f 4475/2/3 4476/4/3 4631/3/3 4630/1/3
f 4476/2/3 4477/4/3 4632/3/3 4631/1/3
f 4477/2/3 4478/4/3 4633/3/3 4632/1/3
f 4478/2/3 4479/4/3 4634/3/3 4633/1/3
f 4479/2/3 4480/4/3 4635/3/3 4634/1/3
f 4480/2/3 4481/4/3 4636/3/3 4635/1/3
f 4481/2/3 4482/4/3 4637/3/3 4636/1/3
f 4482/2/3 4483/4/3 4638/3/3 4637/1/3
f 4483/2/3 4484/4/3 4639/3/3 4638/1/3
f 4484/2/3 4485/4/3 4640/3/3 4639/1/3
f 4485/2/3 4486/4/3 4641/3/3 4640/1/3
f 4486/2/3 4487/4/3 4642/3/3 4641/1/3
f 4487/2/3 4488/4/3 4643/3/3 4642/1/3
f 4488/2/3 4489/4/3 4644/3/3 4643/1/3
f 4490/1/5 4645/2/5 4644/4/5 4489/3/5
f 4647/2/1 4493/4/1 4494/3/1 4646/1/1
f 4647/3/2 4646/1/2 4649/2/2 4648/4/2
f 4646/2/3 4494/4/3 4650/3/3 4649/1/3
f 4494/2/3 4495/4/3 4651/3/3 4650/1/3
f 4495/2/3 4496/4/3 4652/3/3 4651/1/3
f 4497/1/5 4653/2/5 4652/4/5 4496/3/5
f 4498/3/2 4454/1/2 4609/2/2 4654/4/2
f 4498/1/6 4654/2/6 4655/4/6 4499/3/6
f 4499/1/6 4655/2/6 4656/4/6 4500/3/6
f 4500/1/6 4656/2/6 4657/4/6 4501/3/6
f 4501/1/6 4657/2/6 4658/4/6 4502/3/6
f 4502/1/6 4658/2/6 4659/4/6 4503/3/6
f 4503/1/6 4659/2/6 4660/4/6 4504/3/6
f 4504/1/6 4660/2/6 4661/4/6 4505/3/6
f 4505/1/6 4661/2/6 4662/4/6 4506/3/6
f 4506/1/6 4662/2/6 4663/4/6 4507/3/6
f 4507/1/6 4663/2/6 4664/4/6 4508/3/6
f 4508/1/6 4664/2/6 4665/4/6 4509/3/6
f 4509/1/6 4665/2/6 4666/4/6 4510/3/6
f 4510/1/6 4666/2/6 4667/4/6 4511/3/6
f 4511/1/6 4667/2/6 4668/4/6 4512/3/6
f 4512/1/6 4668/2/6 4669/4/6 4513/3/6
f 4513/1/6 4669/2/6 4670/4/6 4514/3/6
f 4514/1/6 4670/2/6 4671/4/6 4515/3/6
f 4515/1/6 4671/2/6 4672/4/6 4516/3/6
f 4516/1/6 4672/2/6 4673/4/6 4517/3/6
f 4517/1/6 4673/2/6 4674/4/6 4518/3/6
f 4518/1/6 4674/2/6 4675/4/6 4519/3/6
f 4519/1/6 4675/2/6 4676/4/6 4520/3/6
f 4520/1/6 4676/2/6 4677/4/6 4521/3/6
f 4521/1/6 4677/2/6 4678/4/6 4522/3/6
f 4522/1/6 4678/2/6 4679/4/6 4523/3/6
f 4523/1/6 4679/2/6 4680/4/6 4524/3/6
f 4524/1/6 4680/2/6 4681/4/6 4525/3/6
f 4525/1/6 4681/2/6 4682/4/6 4526/3/6
f 4526/1/6 4682/2/6 4683/4/6 4527/3/6
f 4527/1/6 4683/2/6 4684/4/6 4528/3/6
f 4528/1/6 4684/2/6 4685/4/6 4529/3/6
f 4529/1/6 4685/2/6 4686/4/6 4530/3/6
f 4530/1/6 4686/2/6 4687/4/6 4531/3/6
f 4531/1/6 4687/2/6 4688/4/6 4532/3/6
f 4532/1/6 4688/2/6 4689/4/6 4533/3/6
f 4533/1/6 4689/2/6 4690/4/6 4534/3/6
f 4534/1/6 4690/2/6 4691/4/6 4535/3/6
f 4536/1/5 4692/2/5 4645/4/5 4490/3/5
f 4535/1/6 4691/2/6 4692/4/6 4536/3/6
f 4693/2/1 4538/4/1 4493/3/1 4647/1/1
f 4693/3/2 4647/1/2 4648/2/2 4694/4/2
f 4693/1/6 4694/2/6 4695/4/6 4538/3/6
f 4538/1/6 4695/2/6 4696/4/6 4539/3/6
f 4540/1/5 4697/2/5 4653/4/5 4497/3/5
f 4539/1/6 4696/2/6 4697/4/6 4540/3/6
f 4541/3/2 4542/1/2 4699/2/2 4698/4/2
f 4542/2/3 4543/4/3 4700/3/3 4699/1/3
f 4543/2/3 4544/4/3 4701/3/3 4700/1/3
f 4544/2/3 4545/4/3 4702/3/3 4701/1/3
f 4546/1/5 4703/2/5 4702/4/5 4545/3/5
f 4547/3/2 4541/1/2 4698/2/2 4704/4/2
f 4548/1/5 4705/2/5 4703/4/5 4546/3/5
f 4549/3/2 4547/1/2 4704/2/2 4706/4/2
f 4550/1/5 4707/2/5 4705/4/5 4548/3/5
f 4551/3/2 4549/1/2 4706/2/2 4708/4/2
f 4552/1/5 4709/2/5 4707/4/5 4550/3/5
f 4553/3/2 4551/1/2 4708/2/2 4710/4/2
f 4554/1/5 4711/2/5 4709/4/5 4552/3/5
f 4555/3/2 4553/1/2 4710/2/2 4712/4/2
f 4556/1/5 4713/2/5 4711/4/5 4554/3/5
f 4557/3/2 4555/1/2 4712/2/2 4714/4/2
f 4558/1/5 4715/2/5 4713/4/5 4556/3/5
f 4559/3/2 4557/1/2 4714/2/2 4716/4/2
f 4560/1/5 4717/2/5 4715/4/5 4558/3/5
f 4561/3/2 4559/1/2 4716/2/2 4718/4/2
f 4562/1/5 4719/2/5 4717/4/5 4560/3/5
f 4563/3/2 4561/1/2 4718/2/2 4720/4/2
f 4564/1/5 4721/2/5 4719/4/5 4562/3/5
f 4565/3/2 4563/1/2 4720/2/2 4722/4/2
f 4566/1/5 4723/2/5 4721/4/5 4564/3/5
f 4567/3/2 4565/1/2 4722/2/2 4724/4/2
f 4568/1/5 4725/2/5 4723/4/5 4566/3/5
f 4569/3/2 4567/1/2 4724/2/2 4726/4/2
f 4570/1/5 4727/2/5 4725/4/5 4568/3/5
f 4571/3/2 4569/1/2 4726/2/2 4728/4/2
f 4572/1/5 4729/2/5 4727/4/5 4570/3/5
f 4573/3/2 4571/1/2 4728/2/2 4730/4/2
f 4574/1/5 4731/2/5 4729/4/5 4572/3/5
f 4575/3/2 4573/1/2 4730/2/2 4732/4/2
f 4576/1/5 4733/2/5 4731/4/5 4574/3/5
f 4577/3/2 4575/1/2 4732/2/2 4734/4/2
f 4578/1/5 4735/2/5 4733/4/5 4576/3/5
f 4579/3/2 4577/1/2 4734/2/2 4736/4/2
f 4580/1/5 4737/2/5 4735/4/5 4578/3/5
f 4581/3/2 4579/1/2 4736/2/2 4738/4/2
f 4582/1/5 4739/2/5 4737/4/5 4580/3/5
f 4583/3/2 4581/1/2 4738/2/2 4740/4/2
f 4584/1/5 4741/2/5 4739/4/5 4582/3/5
f 4585/3/2 4583/1/2 4740/2/2 4742/4/2
f 4586/1/5 4743/2/5 4741/4/5 4584/3/5
f 4587/3/2 4585/1/2 4742/2/2 4744/4/2
f 4588/1/5 4745/2/5 4743/4/5 4586/3/5
f 4589/3/2 4587/1/2 4744/2/2 4746/4/2
f 4590/1/5 4747/2/5 4745/4/5 4588/3/5
f 4591/3/2 4589/1/2 4746/2/2 4748/4/2
f 4592/1/5 4749/2/5 4747/4/5 4590/3/5
f 4593/3/2 4591/1/2 4748/2/2 4750/4/2
f 4594/1/5 4751/2/5 4749/4/5 4592/3/5
f 4595/3/2 4593/1/2 4750/2/2 4752/4/2
f 4596/1/5 4753/2/5 4751/4/5 4594/3/5
f 4597/3/2 4595/1/2 4752/2/2 4754/4/2
f 4598/1/5 4755/2/5 4753/4/5 4596/3/5
f 4599/3/2 4597/1/2 4754/2/2 4756/4/2
f 4600/1/5 4757/2/5 4755/4/5 4598/3/5
f 4601/3/2 4599/1/2 4756/2/2 4758/4/2
f 4602/1/5 4759/2/5 4757/4/5 4600/3/5
f 4603/3/2 4601/1/2 4758/2/2 4760/4/2
f 4604/1/5 4761/2/5 4759/4/5 4602/3/5
f 4605/3/2 4603/1/2 4760/2/2 4762/4/2
f 4606/1/5 4763/2/5 4761/4/5 4604/3/5
f 4607/3/2 4605/1/2 4762/2/2 4764/4/2
f 4608/1/5 4765/2/5 4763/4/5 4606/3/5
f 4609/3/2 4607/1/2 4764/2/2 4766/4/2
f 4608/2/3 4610/4/3 4767/3/3 4765/1/3
f 4610/2/3 4611/4/3 4768/3/3 4767/1/3
f 4611/2/3 4612/4/3 4769/3/3 4768/1/3
f 4612/2/3 4613/4/3 4770/3/3 4769/1/3
f 4613/2/3 4614/4/3 4771/3/3 4770/1/3
f 4614/2/3 4615/4/3 4772/3/3 4771/1/3
f 4615/2/3 4616/4/3 4773/3/3 4772/1/3
f 4616/2/3 4617/4/3 4774/3/3 4773/1/3
f 4617/2/3 4618/4/3 4775/3/3 4774/1/3
f 4618/2/3 4619/4/3 4776/3/3 4775/1/3
f 4619/2/3 4620/4/3 4777/3/3 4776/1/3
f 4620/2/3 4621/4/3 4778/3/3 4777/1/3
f 4621/2/3 4622/4/3 4779/3/3 4778/1/3
f 4622/2/3 4623/4/3 4780/3/3 4779/1/3
f 4623/2/3 4624/4/3 4781/3/3 4780/1/3
f 4624/2/3 4625/4/3 4782/3/3 4781/1/3
f 4625/2/3 4626/4/3 4783/3/3 4782/1/3
f 4626/2/3 4627/4/3 4784/3/3 4783/1/3
f 4627/2/3 4628/4/3 4785/3/3 4784/1/3
f 4628/2/3 4629/4/3 4786/3/3 4785/1/3
f 4629/2/3 4630/4/3 4787/3/3 4786/1/3
f 4630/2/3 4631/4/3 4788/3/3 4787/1/3
f 4631/2/3 4632/4/3 4789/3/3 4788/1/3
f 4632/2/3 4633/4/3 4790/3/3 4789/1/3
f 4633/2/3 4634/4/3 4791/3/3 4790/1/3
f 4634/2/3 4635/4/3 4792/3/3 4791/1/3
f 4635/2/3 4636/4/3 4793/3/3 4792/1/3
f 4636/2/3 4637/4/3 4794/3/3 4793/1/3
f 4637/2/3 4638/4/3 4795/3/3 4794/1/3
f 4638/2/3 4639/4/3 4796/3/3 4795/1/3
f 4639/2/3 4640/4/3 4797/3/3 4796/1/3
f 4640/2/3 4641/4/3 4798/3/3 4797/1/3
f 4641/2/3 4642/4/3 4799/3/3 4798/1/3
f 4642/2/3 4643/4/3 4800/3/3 4799/1/3
f 4643/2/3 4644/4/3 4801/3/3 4800/1/3
f 4645/1/5 4802/2/5 4801/4/5 4644/3/5
f 4804/2/1 4648/4/1 4649/3/1 4803/1/1
f 4804/3/2 4803/1/2 4806/2/2 4805/4/2
f 4803/2/3 4649/4/3 4807/3/3 4806/1/3
f 4649/2/3 4650/4/3 4808/3/3 4807/1/3
f 4650/2/3 4651/4/3 4809/3/3 4808/1/3
f 4651/2/3 4652/4/3 4810/3/3 4809/1/3
f 4811/1/4 4809/2/4 4810/4/4 4812/3/4
f 4653/1/5 4812/2/5 4810/4/5 4652/3/5
f 4654/3/2 4609/1/2 4766/2/2 4813/4/2
f 4654/1/6 4813/2/6 4814/4/6 4655/3/6
f 4655/1/6 4814/2/6 4815/4/6 4656/3/6
f 4656/1/6 4815/2/6 4816/4/6 4657/3/6
f 4657/1/6 4816/2/6 4817/4/6 4658/3/6
f 4658/1/6 4817/2/6 4818/4/6 4659/3/6
f 4659/1/6 4818/2/6 4819/4/6 4660/3/6
f 4660/1/6 4819/2/6 4820/4/6 4661/3/6
f 4661/1/6 4820/2/6 4821/4/6 4662/3/6
f 4662/1/6 4821/2/6 4822/4/6 4663/3/6
f 4663/1/6 4822/2/6 4823/4/6 4664/3/6
f 4664/1/6 4823/2/6 4824/4/6 4665/3/6
f 4665/1/6 4824/2/6 4825/4/6 4666/3/6
f 4666/1/6 4825/2/6 4826/4/6 4667/3/6
f 4667/1/6 4826/2/6 4827/4/6 4668/3/6
f 4668/1/6 4827/2/6 4828/4/6 4669/3/6
f 4669/1/6 4828/2/6 4829/4/6 4670/3/6
f 4670/1/6 4829/2/6 4830/4/6 4671/3/6
f 4671/1/6 4830/2/6 4831/4/6 4672/3/6
f 4672/1/6 4831/2/6 4832/4/6 4673/3/6
f 4673/1/6 4832/2/6 4833/4/6 4674/3/6
f 4674/1/6 4833/2/6 4834/4/6 4675/3/6
f 4675/1/6 4834/2/6 4835/4/6 4676/3/6
f 4676/1/6 4835/2/6 4836/4/6 4677/3/6
f 4677/1/6 4836/2/6 4837/4/6 4678/3/6
f 4678/1/6 4837/2/6 4838/4/6 4679/3/6
f 4679/1/6 4838/2/6 4839/4/6 4680/3/6
f 4680/1/6 4839/2/6 4840/4/6 4681/3/6
f 4681/1/6 4840/2/6 4841/4/6 4682/3/6
f 4682/1/6 4841/2/6 4842/4/6 4683/3/6
f 4683/1/6 4842/2/6 4843/4/6 4684/3/6
f 4684/1/6 4843/2/6 4844/4/6 4685/3/6
f 4685/1/6 4844/2/6 4845/4/6 4686/3/6
f 4686/1/6 4845/2/6 4846/4/6 4687/3/6
f 4687/1/6 4846/2/6 4847/4/6 4688/3/6
f 4688/1/6 4847/2/6 4848/4/6 4689/3/6
f 4689/1/6 4848/2/6 4849/4/6 4690/3/6
f 4690/1/6 4849/2/6 4850/4/6 4691/3/6
f 4692/1/5 4851/2/5 4802/4/5 4645/3/5
f 4691/1/6 4850/2/6 4851/4/6 4692/3/6
f 4852/2/1 4694/4/1 4648/3/1 4804/1/1
f 4852/3/2 4804/1/2 4805/2/2 4853/4/2
f 4852/1/6 4853/2/6 4854/4/6 4694/3/6
f 4694/1/6 4854/2/6 4855/4/6 4695/3/6
f 4695/1/6 4855/2/6 4856/4/6 4696/3/6
f 4856/1/4 4811/2/4 4812/4/4 4857/3/4
f 4697/1/5 4857/2/5 4812/4/5 4653/3/5
f 4696/1/6 4856/2/6 4857/4/6 4697/3/6
f 4698/3/2 4699/1/2 4859/2/2 4858/4/2
f 4699/2/3 4700/4/3 4860/3/3 4859/1/3
f 4700/2/3 4701/4/3 4861/3/3 4860/1/3
f 4701/2/3 4702/4/3 4862/3/3 4861/1/3
f 4703/1/5 4863/2/5 4862/4/5 4702/3/5
f 4704/3/2 4698/1/2 4858/2/2 4864/4/2
f 4705/1/5 4865/2/5 4863/4/5 4703/3/5
f 4706/3/2 4704/1/2 4864/2/2 4866/4/2
f 4707/1/5 4867/2/5 4865/4/5 4705/3/5
f 4708/3/2 4706/1/2 4866/2/2 4868/4/2
f 4709/1/5 4869/2/5 4867/4/5 4707/3/5
f 4710/3/2 4708/1/2 4868/2/2 4870/4/2
f 4711/1/5 4871/2/5 4869/4/5 4709/3/5
f 4712/3/2 4710/1/2 4870/2/2 4872/4/2
f 4713/1/5 4873/2/5 4871/4/5 4711/3/5
f 4714/3/2 4712/1/2 4872/2/2 4874/4/2
f 4715/1/5 4875/2/5 4873/4/5 4713/3/5
f 4716/3/2 4714/1/2 4874/2/2 4876/4/2
f 4717/1/5 4877/2/5 4875/4/5 4715/3/5
f 4718/3/2 4716/1/2 4876/2/2 4878/4/2
f 4719/1/5 4879/2/5 4877/4/5 4717/3/5
f 4720/3/2 4718/1/2 4878/2/2 4880/4/2
f 4721/1/5 4881/2/5 4879/4/5 4719/3/5
f 4722/3/2 4720/1/2 4880/2/2 4882/4/2
f 4723/1/5 4883/2/5 4881/4/5 4721/3/5
f 4724/3/2 4722/1/2 4882/2/2 4884/4/2
f 4725/1/5 4885/2/5 4883/4/5 4723/3/5
f 4726/3/2 4724/1/2 4884/2/2 4886/4/2
f 4727/1/5 4887/2/5 4885/4/5 4725/3/5
f 4728/3/2 4726/1/2 4886/2/2 4888/4/2
f 4729/1/5 4889/2/5 4887/4/5 4727/3/5
f 4730/3/2 4728/1/2 4888/2/2 4890/4/2
f 4731/1/5 4891/2/5 4889/4/5 4729/3/5
f 4732/3/2 4730/1/2 4890/2/2 4892/4/2
f 4733/1/5 4893/2/5 4891/4/5 4731/3/5
f 4734/3/2 4732/1/2 4892/2/2 4894/4/2
f 4735/1/5 4895/2/5 4893/4/5 4733/3/5
f 4736/3/2 4734/1/2 4894/2/2 4896/4/2
f 4737/1/5 4897/2/5 4895/4/5 4735/3/5
f 4738/3/2 4736/1/2 4896/2/2 4898/4/2
f 4739/1/5 4899/2/5 4897/4/5 4737/3/5
f 4740/3/2 4738/1/2 4898/2/2 4900/4/2
f 4741/1/5 4901/2/5 4899/4/5 4739/3/5
f 4742/3/2 4740/1/2 4900/2/2 4902/4/2
f 4743/1/5 4903/2/5 4901/4/5 4741/3/5
f 4744/3/2 4742/1/2 4902/2/2 4904/4/2
f 4745/1/5 4905/2/5 4903/4/5 4743/3/5
f 4746/3/2 4744/1/2 4904/2/2 4906/4/2
f 4747/1/5 4907/2/5 4905/4/5 4745/3/5
f 4748/3/2 4746/1/2 4906/2/2 4908/4/2
f 4749/1/5 4909/2/5 4907/4/5 4747/3/5
f 4750/3/2 4748/1/2 4908/2/2 4910/4/2
f 4751/1/5 4911/2/5 4909/4/5 4749/3/5
f 4752/3/2 4750/1/2 4910/2/2 4912/4/2
f 4753/1/5 4913/2/5 4911/4/5 4751/3/5
f 4754/3/2 4752/1/2 4912/2/2 4914/4/2
f 4755/1/5 4915/2/5 4913/4/5 4753/3/5
f 4756/3/2 4754/1/2 4914/2/2 4916/4/2
f 4757/1/5 4917/2/5 4915/4/5 4755/3/5
f 4758/3/2 4756/1/2 4916/2/2 4918/4/2
f 4759/1/5 4919/2/5 4917/4/5 4757/3/5
f 4760/3/2 4758/1/2 4918/2/2 4920/4/2
f 4761/1/5 4921/2/5 4919/4/5 4759/3/5
f 4762/3/2 4760/1/2 4920/2/2 4922/4/2
f 4763/1/5 4923/2/5 4921/4/5 4761/3/5
f 4764/3/2 4762/1/2 4922/2/2 4924/4/2
f 4765/1/5 4925/2/5 4923/4/5 4763/3/5
f 4766/3/2 4764/1/2 4924/2/2 4926/4/2
f 4765/2/3 4767/4/3 4927/3/3 4925/1/3
f 4767/2/3 4768/4/3 4928/3/3 4927/1/3
f 4768/2/3 4769/4/3 4929/3/3 4928/1/3
f 4769/2/3 4770/4/3 4930/3/3 4929/1/3
f 4770/2/3 4771/4/3 4931/3/3 4930/1/3
f 4771/2/3 4772/4/3 4932/3/3 4931/1/3
f 4772/2/3 4773/4/3 4933/3/3 4932/1/3
f 4773/2/3 4774/4/3 4934/3/3 4933/1/3
f 4774/2/3 4775/4/3 4935/3/3 4934/1/3
f 4775/2/3 4776/4/3 4936/3/3 4935/1/3
f 4776/2/3 4777/4/3 4937/3/3 4936/1/3
f 4777/2/3 4778/4/3 4938/3/3 4937/1/3
f 4778/2/3 4779/4/3 4939/3/3 4938/1/3
f 4779/2/3 4780/4/3 4940/3/3 4939/1/3
f 4780/2/3 4781/4/3 4941/3/3 4940/1/3
f 4781/2/3 4782/4/3 4942/3/3 4941/1/3
f 4782/2/3 4783/4/3 4943/3/3 4942/1/3
f 4783/2/3 4784/4/3 4944/3/3 4943/1/3
f 4784/2/3 4785/4/3 4945/3/3 4944/1/3
f 4785/2/3 4786/4/3 4946/3/3 4945/1/3
f 4786/2/3 4787/4/3 4947/3/3 4946/1/3
f 4787/2/3 4788/4/3 4948/3/3 4947/1/3
f 4788/2/3 4789/4/3 4949/3/3 4948/1/3
f 4789/2/3 4790/4/3 4950/3/3 4949/1/3
f 4790/2/3 4791/4/3 4951/3/3 4950/1/3
f 4791/2/3 4792/4/3 4952/3/3 4951/1/3
f 4792/2/3 4793/4/3 4953/3/3 4952/1/3
f 4793/2/3 4794/4/3 4954/3/3 4953/1/3
f 4794/2/3 4795/4/3 4955/3/3 4954/1/3
f 4795/2/3 4796/4/3 4956/3/3 4955/1/3
f 4796/2/3 4797/4/3 4957/3/3 4956/1/3
f 4797/2/3 4798/4/3 4958/3/3 4957/1/3
f 4798/2/3 4799/4/3 4959/3/3 4958/1/3
f 4799/2/3 4800/4/3 4960/3/3 4959/1/3
f 4800/2/3 4801/4/3 4961/3/3 4960/1/3
f 4802/2/1 4805/4/1 4806/3/1 4801/1/1
f 4801/2/3 4806/4/3 4962/3/3 4961/1/3
f 4806/2/3 4807/4/3 4963/3/3 4962/1/3
f 4807/2/3 4808/4/3 4964/3/3 4963/1/3
f 4808/2/3 4809/4/3 4965/3/3 4964/1/3
f 4966/1/4 4964/2/4 4965/4/4 4967/3/4
f 4811/1/5 4967/2/5 4965/4/5 4809/3/5
f 4813/3/2 4766/1/2 4926/2/2 4968/4/2
f 4813/1/6 4968/2/6 4969/4/6 4814/3/6
f 4814/1/6 4969/2/6 4970/4/6 4815/3/6
f 4815/1/6 4970/2/6 4971/4/6 4816/3/6
f 4816/1/6 4971/2/6 4972/4/6 4817/3/6
f 4817/1/6 4972/2/6 4973/4/6 4818/3/6
f 4818/1/6 4973/2/6 4974/4/6 4819/3/6
f 4819/1/6 4974/2/6 4975/4/6 4820/3/6
f 4820/1/6 4975/2/6 4976/4/6 4821/3/6
f 4821/1/6 4976/2/6 4977/4/6 4822/3/6
f 4822/1/6 4977/2/6 4978/4/6 4823/3/6
f 4823/1/6 4978/2/6 4979/4/6 4824/3/6
f 4824/1/6 4979/2/6 4980/4/6 4825/3/6
f 4825/1/6 4980/2/6 4981/4/6 4826/3/6
f 4826/1/6 4981/2/6 4982/4/6 4827/3/6
f 4827/1/6 4982/2/6 4983/4/6 4828/3/6
f 4828/1/6 4983/2/6 4984/4/6 4829/3/6
f 4829/1/6 4984/2/6 4985/4/6 4830/3/6
f 4830/1/6 4985/2/6 4986/4/6 4831/3/6
f 4831/1/6 4986/2/6 4987/4/6 4832/3/6
f 4832/1/6 4987/2/6 4988/4/6 4833/3/6
f 4833/1/6 4988/2/6 4989/4/6 4834/3/6
f 4834/1/6 4989/2/6 4990/4/6 4835/3/6
f 4835/1/6 4990/2/6 4991/4/6 4836/3/6
f 4836/1/6 4991/2/6 4992/4/6 4837/3/6
f 4837/1/6 4992/2/6 4993/4/6 4838/3/6
f 4838/1/6 4993/2/6 4994/4/6 4839/3/6
f 4839/1/6 4994/2/6 4995/4/6 4840/3/6
f 4840/1/6 4995/2/6 4996/4/6 4841/3/6
f 4841/1/6 4996/2/6 4997/4/6 4842/3/6
f 4842/1/6 4997/2/6 4998/4/6 4843/3/6
f 4843/1/6 4998/2/6 4999/4/6 4844/3/6
f 4844/1/6 4999/2/6 5000/4/6 4845/3/6
f 4845/1/6 5000/2/6 5001/4/6 4846/3/6
f 4846/1/6 5001/2/6 5002/4/6 4847/3/6
f 4847/1/6 5002/2/6 5003/4/6 4848/3/6
f 4848/1/6 5003/2/6 5004/4/6 4849/3/6
f 4849/1/6 5004/2/6 5005/4/6 4850/3/6
f 4850/1/6 5005/2/6 5006/4/6 4851/3/6
f 4851/2/1 4853/4/1 4805/3/1 4802/1/1
f 4851/1/6 5006/2/6 5007/4/6 4853/3/6
f 4853/1/6 5007/2/6 5008/4/6 4854/3/6
f 4854/1/6 5008/2/6 5009/4/6 4855/3/6
f 5009/1/4 4966/2/4 4967/4/4 5010/3/4
f 4856/1/5 5010/2/5 4967/4/5 4811/3/5
f 4855/1/6 5009/2/6 5010/4/6 4856/3/6
f 4858/3/2 4859/1/2 5012/2/2 5011/4/2
f 4859/2/3 4860/4/3 5013/3/3 5012/1/3
f 4860/2/3 4861/4/3 5014/3/3 5013/1/3
f 4861/2/3 4862/4/3 5015/3/3 5014/1/3
f 4863/1/5 5016/2/5 5015/4/5 4862/3/5
f 5018/2/1 5019/4/1 5020/3/1 5017/1/1
f 5018/3/2 5017/1/2 5022/2/2 5021/4/2
f 5017/2/3 5020/4/3 5023/3/3 5022/1/3
f 5019/2/1 5024/4/1 5025/3/1 5020/1/1
f 5020/2/3 5025/4/3 5026/3/3 5023/1/3
f 5024/2/1 5027/4/1 5028/3/1 5025/1/1
f 5025/2/3 5028/4/3 5029/3/3 5026/1/3
f 5027/2/1 5030/4/1 5031/3/1 5028/1/1
f 5028/2/3 5031/4/3 5032/3/3 5029/1/3
f 5030/2/1 5033/4/1 5034/3/1 5031/1/1
f 5031/2/3 5034/4/3 5035/3/3 5032/1/3
f 5033/2/1 5036/4/1 5037/3/1 5034/1/1
f 5034/2/3 5037/4/3 5038/3/3 5035/1/3
f 5036/2/1 5039/4/1 5040/3/1 5037/1/1
f 5037/2/3 5040/4/3 5041/3/3 5038/1/3
f 5039/2/1 5042/4/1 5043/3/1 5040/1/1
f 5040/2/3 5043/4/3 5044/3/3 5041/1/3
f 5042/2/1 5045/4/1 5046/3/1 5043/1/1
f 5043/2/3 5046/4/3 5047/3/3 5044/1/3
f 5045/2/1 5048/4/1 5049/3/1 5046/1/1
f 5046/2/3 5049/4/3 5050/3/3 5047/1/3
f 5048/2/1 5051/4/1 5052/3/1 5049/1/1
f 5049/2/3 5052/4/3 5053/3/3 5050/1/3
f 5051/2/1 5054/4/1 5055/3/1 5052/1/1
f 5052/2/3 5055/4/3 5056/3/3 5053/1/3
f 5054/2/1 5057/4/1 5058/3/1 5055/1/1
f 5055/2/3 5058/4/3 5059/3/3 5056/1/3
f 5057/2/1 5060/4/1 5061/3/1 5058/1/1
f 5058/2/3 5061/4/3 5062/3/3 5059/1/3
f 5060/2/1 5063/4/1 5064/3/1 5061/1/1
f 5061/2/3 5064/4/3 5065/3/3 5062/1/3
f 5063/2/1 5066/4/1 5067/3/1 5064/1/1
f 5064/2/3 5067/4/3 5068/3/3 5065/1/3
f 5066/2/1 5069/4/1 5070/3/1 5067/1/1
f 5067/2/3 5070/4/3 5071/3/3 5068/1/3
f 5069/2/1 5072/4/1 5073/3/1 5070/1/1
f 5070/2/3 5073/4/3 5074/3/3 5071/1/3
f 5072/2/1 5075/4/1 5076/3/1 5073/1/1
f 5073/2/3 5076/4/3 5077/3/3 5074/1/3
f 5075/2/1 5078/4/1 5079/3/1 5076/1/1
f 5076/2/3 5079/4/3 5080/3/3 5077/1/3
f 5078/2/1 5081/4/1 5082/3/1 5079/1/1
f 5079/2/3 5082/4/3 5083/3/3 5080/1/3
f 5081/2/1 5084/4/1 5085/3/1 5082/1/1
f 5082/2/3 5085/4/3 5086/3/3 5083/1/3
f 5084/2/1 4864/4/1 4858/3/1 5085/1/1
f 5085/2/3 4858/4/3 5011/3/3 5086/1/3
f 4865/1/5 5087/2/5 5016/4/5 4863/3/5
f 5088/2/1 5089/4/1 5019/3/1 5018/1/1
f 5088/3/2 5018/1/2 5021/2/2 5090/4/2
f 5088/1/6 5090/2/6 5091/4/6 5089/3/6
f 5089/2/1 5092/4/1 5024/3/1 5019/1/1
f 5089/1/6 5091/2/6 5093/4/6 5092/3/6
f 5092/2/1 5094/4/1 5027/3/1 5024/1/1
f 5092/1/6 5093/2/6 5095/4/6 5094/3/6
f 5094/2/1 5096/4/1 5030/3/1 5027/1/1
f 5094/1/6 5095/2/6 5097/4/6 5096/3/6
f 5096/2/1 5098/4/1 5033/3/1 5030/1/1
f 5096/1/6 5097/2/6 5099/4/6 5098/3/6
f 5098/2/1 5100/4/1 5036/3/1 5033/1/1
f 5098/1/6 5099/2/6 5101/4/6 5100/3/6
f 5100/2/1 5102/4/1 5039/3/1 5036/1/1
f 5100/1/6 5101/2/6 5103/4/6 5102/3/6
f 5102/2/1 5104/4/1 5042/3/1 5039/1/1
f 5102/1/6 5103/2/6 5105/4/6 5104/3/6
f 5104/2/1 5106/4/1 5045/3/1 5042/1/1
f 5104/1/6 5105/2/6 5107/4/6 5106/3/6
f 5106/2/1 5108/4/1 5048/3/1 5045/1/1
f 5106/1/6 5107/2/6 5109/4/6 5108/3/6
f 5108/2/1 5110/4/1 5051/3/1 5048/1/1
f 5108/1/6 5109/2/6 5111/4/6 5110/3/6
f 5110/2/1 5112/4/1 5054/3/1 5051/1/1
f 5110/1/6 5111/2/6 5113/4/6 5112/3/6
f 5112/2/1 5114/4/1 5057/3/1 5054/1/1
f 5112/1/6 5113/2/6 5115/4/6 5114/3/6
f 5114/2/1 5116/4/1 5060/3/1 5057/1/1
f 5114/1/6 5115/2/6 5117/4/6 5116/3/6
f 5116/2/1 5118/4/1 5063/3/1 5060/1/1
f 5116/1/6 5117/2/6 5119/4/6 5118/3/6
f 5118/2/1 5120/4/1 5066/3/1 5063/1/1
f 5118/1/6 5119/2/6 5121/4/6 5120/3/6
f 5120/2/1 5122/4/1 5069/3/1 5066/1/1
f 5120/1/6 5121/2/6 5123/4/6 5122/3/6
f 5122/2/1 5124/4/1 5072/3/1 5069/1/1
f 5122/1/6 5123/2/6 5125/4/6 5124/3/6
f 5124/2/1 5126/4/1 5075/3/1 5072/1/1
f 5124/1/6 5125/2/6 5127/4/6 5126/3/6
f 5126/2/1 5128/4/1 5078/3/1 5075/1/1
f 5126/1/6 5127/2/6 5129/4/6 5128/3/6
f 5128/2/1 5130/4/1 5081/3/1 5078/1/1
f 5128/1/6 5129/2/6 5131/4/6 5130/3/6
f 5130/2/1 5132/4/1 5084/3/1 5081/1/1
f 5130/1/6 5131/2/6 5133/4/6 5132/3/6
f 5132/2/1 4866/4/1 4864/3/1 5084/1/1
f 5132/1/6 5133/2/6 5134/4/6 4866/3/6
f 4867/1/5 5135/2/5 5087/4/5 4865/3/5
f 4868/3/2 4866/1/2 5134/2/2 5136/4/2
f 4869/1/5 5137/2/5 5135/4/5 4867/3/5
f 4870/3/2 4868/1/2 5136/2/2 5138/4/2
f 4871/1/5 5139/2/5 5137/4/5 4869/3/5
f 4872/3/2 4870/1/2 5138/2/2 5140/4/2
f 4873/1/5 5141/2/5 5139/4/5 4871/3/5
f 4874/3/2 4872/1/2 5140/2/2 5142/4/2
f 4875/1/5 5143/2/5 5141/4/5 4873/3/5
f 4876/3/2 4874/1/2 5142/2/2 5144/4/2
f 4877/1/5 5145/2/5 5143/4/5 4875/3/5
f 4878/3/2 4876/1/2 5144/2/2 5146/4/2
f 4879/1/5 5147/2/5 5145/4/5 4877/3/5
f 4880/3/2 4878/1/2 5146/2/2 5148/4/2
f 4881/1/5 5149/2/5 5147/4/5 4879/3/5
f 4882/3/2 4880/1/2 5148/2/2 5150/4/2
f 4883/1/5 5151/2/5 5149/4/5 4881/3/5
f 4884/3/2 4882/1/2 5150/2/2 5152/4/2
f 4885/1/5 5153/2/5 5151/4/5 4883/3/5
f 4886/3/2 4884/1/2 5152/2/2 5154/4/2
f 4887/1/5 5155/2/5 5153/4/5 4885/3/5
f 4888/3/2 4886/1/2 5154/2/2 5156/4/2
f 4889/1/5 5157/2/5 5155/4/5 4887/3/5
f 4890/3/2 4888/1/2 5156/2/2 5158/4/2
f 4891/1/5 5159/2/5 5157/4/5 4889/3/5
f 4892/3/2 4890/1/2 5158/2/2 5160/4/2
f 4893/1/5 5161/2/5 5159/4/5 4891/3/5
f 4894/3/2 4892/1/2 5160/2/2 5162/4/2
f 4895/1/5 5163/2/5 5161/4/5 4893/3/5
f 4896/3/2 4894/1/2 5162/2/2 5164/4/2
f 4897/1/5 5165/2/5 5163/4/5 4895/3/5
f 4898/3/2 4896/1/2 5164/2/2 5166/4/2
f 4899/1/5 5167/2/5 5165/4/5 4897/3/5
f 4900/3/2 4898/1/2 5166/2/2 5168/4/2
f 4901/1/5 5169/2/5 5167/4/5 4899/3/5
f 4902/3/2 4900/1/2 5168/2/2 5170/4/2
f 4903/1/5 5171/2/5 5169/4/5 4901/3/5
f 4904/3/2 4902/1/2 5170/2/2 5172/4/2
f 4905/1/5 5173/2/5 5171/4/5 4903/3/5
f 4906/3/2 4904/1/2 5172/2/2 5174/4/2
f 4907/1/5 5175/2/5 5173/4/5 4905/3/5
f 4908/3/2 4906/1/2 5174/2/2 5176/4/2
f 4909/1/5 5177/2/5 5175/4/5 4907/3/5
f 4910/3/2 4908/1/2 5176/2/2 5178/4/2
f 4911/1/5 5179/2/5 5177/4/5 4909/3/5
f 4912/3/2 4910/1/2 5178/2/2 5180/4/2
f 4913/1/5 5181/2/5 5179/4/5 4911/3/5
f 4914/3/2 4912/1/2 5180/2/2 5182/4/2
f 4915/1/5 5183/2/5 5181/4/5 4913/3/5
f 4916/3/2 4914/1/2 5182/2/2 5184/4/2
f 4917/1/5 5185/2/5 5183/4/5 4915/3/5
f 4918/3/2 4916/1/2 5184/2/2 5186/4/2
f 4919/1/5 5187/2/5 5185/4/5 4917/3/5
f 5189/2/1 5190/4/1 5191/3/1 5188/1/1
f 5189/3/2 5188/1/2 5193/2/2 5192/4/2
f 5188/2/3 5191/4/3 5194/3/3 5193/1/3
f 5190/2/1 5195/4/1 5196/3/1 5191/1/1
f 5191/2/3 5196/4/3 5197/3/3 5194/1/3
f 5195/2/1 5198/4/1 5199/3/1 5196/1/1
f 5196/2/3 5199/4/3 5200/3/3 5197/1/3
f 5198/2/1 5201/4/1 5202/3/1 5199/1/1
f 5199/2/3 5202/4/3 5203/3/3 5200/1/3
f 5201/2/1 5204/4/1 5205/3/1 5202/1/1
f 5202/2/3 5205/4/3 5206/3/3 5203/1/3
f 5204/2/1 5207/4/1 5208/3/1 5205/1/1
f 5205/2/3 5208/4/3 5209/3/3 5206/1/3
f 5207/2/1 5210/4/1 5211/3/1 5208/1/1
f 5208/2/3 5211/4/3 5212/3/3 5209/1/3
f 5210/2/1 5213/4/1 5214/3/1 5211/1/1
f 5211/2/3 5214/4/3 5215/3/3 5212/1/3
f 5213/2/1 5216/4/1 5217/3/1 5214/1/1
f 5214/2/3 5217/4/3 5218/3/3 5215/1/3
f 5216/2/1 5219/4/1 5220/3/1 5217/1/1
f 5217/2/3 5220/4/3 5221/3/3 5218/1/3
f 5219/2/1 5222/4/1 5223/3/1 5220/1/1
f 5220/2/3 5223/4/3 5224/3/3 5221/1/3
f 5222/2/1 5225/4/1 5226/3/1 5223/1/1
f 5223/2/3 5226/4/3 5227/3/3 5224/1/3
f 5225/2/1 5228/4/1 5229/3/1 5226/1/1
f 5226/2/3 5229/4/3 5230/3/3 5227/1/3
f 5228/2/1 5231/4/1 5232/3/1 5229/1/1
f 5229/2/3 5232/4/3 5233/3/3 5230/1/3
f 5231/2/1 5234/4/1 5235/3/1 5232/1/1
f 5232/2/3 5235/4/3 5236/3/3 5233/1/3
f 5234/2/1 5237/4/1 5238/3/1 5235/1/1
f 5235/2/3 5238/4/3 5239/3/3 5236/1/3
f 5237/2/1 5240/4/1 5241/3/1 5238/1/1
f 5238/2/3 5241/4/3 5242/3/3 5239/1/3
f 5240/2/1 5243/4/1 5244/3/1 5241/1/1
f 5241/2/3 5244/4/3 5245/3/3 5242/1/3
f 5243/2/1 5246/4/1 5247/3/1 5244/1/1
f 5244/2/3 5247/4/3 5248/3/3 5245/1/3
f 5246/2/1 5249/4/1 5250/3/1 5247/1/1
f 5247/2/3 5250/4/3 5251/3/3 5248/1/3
f 5249/2/1 5252/4/1 5253/3/1 5250/1/1
f 5250/2/3 5253/4/3 5254/3/3 5251/1/3
f 5252/2/1 5255/4/1 5256/3/1 5253/1/1
f 5253/2/3 5256/4/3 5257/3/3 5254/1/3
f 5255/2/1 4920/4/1 4918/3/1 5256/1/1
f 5256/2/3 4918/4/3 5186/3/3 5257/1/3
f 4921/1/5 5258/2/5 5187/4/5 4919/3/5
f 5259/2/1 5260/4/1 5190/3/1 5189/1/1
f 5259/3/2 5189/1/2 5192/2/2 5261/4/2
f 5259/1/6 5261/2/6 5262/4/6 5260/3/6
f 5260/2/1 5263/4/1 5195/3/1 5190/1/1
f 5260/1/6 5262/2/6 5264/4/6 5263/3/6
f 5263/2/1 5265/4/1 5198/3/1 5195/1/1
f 5263/1/6 5264/2/6 5266/4/6 5265/3/6
f 5265/2/1 5267/4/1 5201/3/1 5198/1/1
f 5265/1/6 5266/2/6 5268/4/6 5267/3/6
f 5267/2/1 5269/4/1 5204/3/1 5201/1/1
f 5267/1/6 5268/2/6 5270/4/6 5269/3/6
f 5269/2/1 5271/4/1 5207/3/1 5204/1/1
f 5269/1/6 5270/2/6 5272/4/6 5271/3/6
f 5271/2/1 5273/4/1 5210/3/1 5207/1/1
f 5271/1/6 5272/2/6 5274/4/6 5273/3/6
f 5273/2/1 5275/4/1 5213/3/1 5210/1/1
f 5273/1/6 5274/2/6 5276/4/6 5275/3/6
f 5275/2/1 5277/4/1 5216/3/1 5213/1/1
f 5275/1/6 5276/2/6 5278/4/6 5277/3/6
f 5277/2/1 5279/4/1 5219/3/1 5216/1/1
f 5277/1/6 5278/2/6 5280/4/6 5279/3/6
f 5279/2/1 5281/4/1 5222/3/1 5219/1/1
f 5279/1/6 5280/2/6 5282/4/6 5281/3/6
f 5281/2/1 5283/4/1 5225/3/1 5222/1/1
f 5281/1/6 5282/2/6 5284/4/6 5283/3/6
f 5283/2/1 5285/4/1 5228/3/1 5225/1/1
f 5283/1/6 5284/2/6 5286/4/6 5285/3/6
f 5285/2/1 5287/4/1 5231/3/1 5228/1/1
f 5285/1/6 5286/2/6 5288/4/6 5287/3/6
f 5287/2/1 5289/4/1 5234/3/1 5231/1/1
f 5287/1/6 5288/2/6 5290/4/6 5289/3/6
f 5289/2/1 5291/4/1 5237/3/1 5234/1/1
f 5289/1/6 5290/2/6 5292/4/6 5291/3/6
f 5291/2/1 5293/4/1 5240/3/1 5237/1/1
f 5291/1/6 5292/2/6 5294/4/6 5293/3/6
f 5293/2/1 5295/4/1 5243/3/1 5240/1/1
f 5293/1/6 5294/2/6 5296/4/6 5295/3/6
f 5295/2/1 5297/4/1 5246/3/1 5243/1/1
f 5295/1/6 5296/2/6 5298/4/6 5297/3/6
f 5297/2/1 5299/4/1 5249/3/1 5246/1/1
f 5297/1/6 5298/2/6 5300/4/6 5299/3/6
f 5299/2/1 5301/4/1 5252/3/1 5249/1/1
f 5299/1/6 5300/2/6 5302/4/6 5301/3/6
f 5301/2/1 5303/4/1 5255/3/1 5252/1/1
f 5301/1/6 5302/2/6 5304/4/6 5303/3/6
f 5303/2/1 4922/4/1 4920/3/1 5255/1/1
f 5303/1/6 5304/2/6 5305/4/6 4922/3/6
f 4923/1/5 5306/2/5 5258/4/5 4921/3/5
f 4924/3/2 4922/1/2 5305/2/2 5307/4/2
f 4925/1/5 5308/2/5 5306/4/5 4923/3/5
f 4926/3/2 4924/1/2 5307/2/2 5309/4/2
f 4925/2/3 4927/4/3 5310/3/3 5308/1/3
f 4927/2/3 4928/4/3 5311/3/3 5310/1/3
f 4928/2/3 4929/4/3 5312/3/3 5311/1/3
f 4929/2/3 4930/4/3 5313/3/3 5312/1/3
f 4930/2/3 4931/4/3 5314/3/3 5313/1/3
f 4931/2/3 4932/4/3 5315/3/3 5314/1/3
f 4932/2/3 4933/4/3 5316/3/3 5315/1/3
f 4933/2/3 4934/4/3 5317/3/3 5316/1/3
f 4934/2/3 4935/4/3 5318/3/3 5317/1/3
f 4935/2/3 4936/4/3 5319/3/3 5318/1/3
f 4936/2/3 4937/4/3 5320/3/3 5319/1/3
f 4937/2/3 4938/4/3 5321/3/3 5320/1/3
f 4938/2/3 4939/4/3 5322/3/3 5321/1/3
f 4939/2/3 4940/4/3 5323/3/3 5322/1/3
f 4940/2/3 4941/4/3 5324/3/3 5323/1/3
f 4941/2/3 4942/4/3 5325/3/3 5324/1/3
f 4942/2/3 4943/4/3 5326/3/3 5325/1/3
f 4943/2/3 4944/4/3 5327/3/3 5326/1/3
f 4944/2/3 4945/4/3 5328/3/3 5327/1/3
f 4945/2/3 4946/4/3 5329/3/3 5328/1/3
f 4946/2/3 4947/4/3 5330/3/3 5329/1/3
f 4947/2/3 4948/4/3 5331/3/3 5330/1/3
f 4948/2/3 4949/4/3 5332/3/3 5331/1/3
f 4949/2/3 4950/4/3 5333/3/3 5332/1/3
f 4950/2/3 4951/4/3 5334/3/3 5333/1/3
f 4951/2/3 4952/4/3 5335/3/3 5334/1/3
f 4952/2/3 4953/4/3 5336/3/3 5335/1/3
f 4953/2/3 4954/4/3 5337/3/3 5336/1/3
f 4954/2/3 4955/4/3 5338/3/3 5337/1/3
f 4955/2/3 4956/4/3 5339/3/3 5338/1/3
f 4956/2/3 4957/4/3 5340/3/3 5339/1/3
f 4957/2/3 4958/4/3 5341/3/3 5340/1/3
f 4958/2/3 4959/4/3 5342/3/3 5341/1/3
f 4959/2/3 4960/4/3 5343/3/3 5342/1/3
f 4960/2/3 4961/4/3 5344/3/3 5343/1/3
f 4961/2/3 4962/4/3 5345/3/3 5344/1/3
f 4962/2/3 4963/4/3 5346/3/3 5345/1/3
f 4963/2/3 4964/4/3 5347/3/3 5346/1/3
f 5348/1/4 5346/2/4 5347/4/4 5349/3/4
f 4966/1/5 5349/2/5 5347/4/5 4964/3/5
f 4968/3/2 4926/1/2 5309/2/2 5350/4/2
f 4968/1/6 5350/2/6 5351/4/6 4969/3/6
f 4969/1/6 5351/2/6 5352/4/6 4970/3/6
f 4970/1/6 5352/2/6 5353/4/6 4971/3/6
f 4971/1/6 5353/2/6 5354/4/6 4972/3/6
f 4972/1/6 5354/2/6 5355/4/6 4973/3/6
f 4973/1/6 5355/2/6 5356/4/6 4974/3/6
f 4974/1/6 5356/2/6 5357/4/6 4975/3/6
f 4975/1/6 5357/2/6 5358/4/6 4976/3/6
f 4976/1/6 5358/2/6 5359/4/6 4977/3/6
f 4977/1/6 5359/2/6 5360/4/6 4978/3/6
f 4978/1/6 5360/2/6 5361/4/6 4979/3/6
f 4979/1/6 5361/2/6 5362/4/6 4980/3/6
f 4980/1/6 5362/2/6 5363/4/6 4981/3/6
f 4981/1/6 5363/2/6 5364/4/6 4982/3/6
f 4982/1/6 5364/2/6 5365/4/6 4983/3/6
f 4983/1/6 5365/2/6 5366/4/6 4984/3/6
f 4984/1/6 5366/2/6 5367/4/6 4985/3/6
f 4985/1/6 5367/2/6 5368/4/6 4986/3/6
f 4986/1/6 5368/2/6 5369/4/6 4987/3/6
f 4987/1/6 5369/2/6 5370/4/6 4988/3/6
f 4988/1/6 5370/2/6 5371/4/6 4989/3/6
f 4989/1/6 5371/2/6 5372/4/6 4990/3/6
f 4990/1/6 5372/2/6 5373/4/6 4991/3/6
f 4991/1/6 5373/2/6 5374/4/6 4992/3/6
f 4992/1/6 5374/2/6 5375/4/6 4993/3/6
f 4993/1/6 5375/2/6 5376/4/6 4994/3/6
f 4994/1/6 5376/2/6 5377/4/6 4995/3/6
f 4995/1/6 5377/2/6 5378/4/6 4996/3/6
f 4996/1/6 5378/2/6 5379/4/6 4997/3/6
f 4997/1/6 5379/2/6 5380/4/6 4998/3/6
f 4998/1/6 5380/2/6 5381/4/6 4999/3/6
f 4999/1/6 5381/2/6 5382/4/6 5000/3/6
f 5000/1/6 5382/2/6 5383/4/6 5001/3/6
f 5001/1/6 5383/2/6 5384/4/6 5002/3/6
f 5002/1/6 5384/2/6 5385/4/6 5003/3/6
f 5003/1/6 5385/2/6 5386/4/6 5004/3/6
f 5004/1/6 5386/2/6 5387/4/6 5005/3/6
f 5005/1/6 5387/2/6 5388/4/6 5006/3/6
f 5006/1/6 5388/2/6 5389/4/6 5007/3/6
f 5007/1/6 5389/2/6 5390/4/6 5008/3/6
f 5390/1/4 5348/2/4 5349/4/4 5391/3/4
f 5009/1/5 5391/2/5 5349/4/5 4966/3/5
f 5008/1/6 5390/2/6 5391/4/6 5009/3/6
f 5011/3/2 5012/1/2 5393/2/2 5392/4/2
f 5012/2/3 5013/4/3 5394/3/3 5393/1/3
f 5013/2/3 5014/4/3 5395/3/3 5394/1/3
f 5014/2/3 5015/4/3 5396/3/3 5395/1/3
f 5016/1/5 5397/2/5 5396/4/5 5015/3/5
f 5021/3/2 5022/1/2 5399/2/2 5398/4/2
f 5022/2/3 5023/4/3 5400/3/3 5399/1/3
f 5398/1/4 5399/2/4 5400/4/4 5401/3/4
f 5023/2/3 5026/4/3 5402/3/3 5400/1/3
f 5401/1/4 5400/2/4 5402/4/4 5403/3/4
f 5026/2/3 5029/4/3 5404/3/3 5402/1/3
f 5403/1/4 5402/2/4 5404/4/4 5405/3/4
f 5029/2/3 5032/4/3 5406/3/3 5404/1/3
f 5405/1/4 5404/2/4 5406/4/4 5407/3/4
f 5032/2/3 5035/4/3 5408/3/3 5406/1/3
f 5407/1/4 5406/2/4 5408/4/4 5409/3/4
f 5035/2/3 5038/4/3 5410/3/3 5408/1/3
f 5409/1/4 5408/2/4 5410/4/4 5411/3/4
f 5038/2/3 5041/4/3 5412/3/3 5410/1/3
f 5411/1/4 5410/2/4 5412/4/4 5413/3/4
f 5041/2/3 5044/4/3 5414/3/3 5412/1/3
f 5413/1/4 5412/2/4 5414/4/4 5415/3/4
f 5044/2/3 5047/4/3 5416/3/3 5414/1/3
f 5415/1/4 5414/2/4 5416/4/4 5417/3/4
f 5047/2/3 5050/4/3 5418/3/3 5416/1/3
f 5417/1/4 5416/2/4 5418/4/4 5419/3/4
f 5050/2/3 5053/4/3 5420/3/3 5418/1/3
f 5419/1/4 5418/2/4 5420/4/4 5421/3/4
f 5053/2/3 5056/4/3 5422/3/3 5420/1/3
f 5421/1/4 5420/2/4 5422/4/4 5423/3/4
f 5056/2/3 5059/4/3 5424/3/3 5422/1/3
f 5423/1/4 5422/2/4 5424/4/4 5425/3/4
f 5059/2/3 5062/4/3 5426/3/3 5424/1/3
f 5425/1/4 5424/2/4 5426/4/4 5427/3/4
f 5062/2/3 5065/4/3 5428/3/3 5426/1/3
f 5427/1/4 5426/2/4 5428/4/4 5429/3/4
f 5065/2/3 5068/4/3 5430/3/3 5428/1/3
f 5429/1/4 5428/2/4 5430/4/4 5431/3/4
f 5068/2/3 5071/4/3 5432/3/3 5430/1/3
f 5431/1/4 5430/2/4 5432/4/4 5433/3/4
f 5071/2/3 5074/4/3 5434/3/3 5432/1/3
f 5433/1/4 5432/2/4 5434/4/4 5435/3/4
f 5074/2/3 5077/4/3 5436/3/3 5434/1/3
f 5435/1/4 5434/2/4 5436/4/4 5437/3/4
f 5077/2/3 5080/4/3 5438/3/3 5436/1/3
f 5437/1/4 5436/2/4 5438/4/4 5439/3/4
f 5080/2/3 5083/4/3 5440/3/3 5438/1/3
f 5439/1/4 5438/2/4 5440/4/4 5441/3/4
f 5083/2/3 5086/4/3 5442/3/3 5440/1/3
f 5441/1/4 5440/2/4 5442/4/4 5443/3/4
f 5086/2/3 5011/4/3 5392/3/3 5442/1/3
f 5443/1/4 5442/2/4 5392/4/4 5444/3/4
f 5087/1/5 5445/2/5 5397/4/5 5016/3/5
f 5090/3/2 5021/1/2 5398/2/2 5446/4/2
f 5446/1/4 5398/2/4 5401/4/4 5447/3/4
f 5090/1/6 5446/2/6 5447/4/6 5091/3/6
f 5447/1/4 5401/2/4 5403/4/4 5448/3/4
f 5091/1/6 5447/2/6 5448/4/6 5093/3/6
f 5448/1/4 5403/2/4 5405/4/4 5449/3/4
f 5093/1/6 5448/2/6 5449/4/6 5095/3/6
f 5449/1/4 5405/2/4 5407/4/4 5450/3/4
f 5095/1/6 5449/2/6 5450/4/6 5097/3/6
f 5450/1/4 5407/2/4 5409/4/4 5451/3/4
f 5097/1/6 5450/2/6 5451/4/6 5099/3/6
f 5451/1/4 5409/2/4 5411/4/4 5452/3/4
f 5099/1/6 5451/2/6 5452/4/6 5101/3/6
f 5452/1/4 5411/2/4 5413/4/4 5453/3/4
f 5101/1/6 5452/2/6 5453/4/6 5103/3/6
f 5453/1/4 5413/2/4 5415/4/4 5454/3/4
f 5103/1/6 5453/2/6 5454/4/6 5105/3/6
f 5454/1/4 5415/2/4 5417/4/4 5455/3/4
f 5105/1/6 5454/2/6 5455/4/6 5107/3/6
f 5455/1/4 5417/2/4 5419/4/4 5456/3/4
f 5107/1/6 5455/2/6 5456/4/6 5109/3/6
f 5456/1/4 5419/2/4 5421/4/4 5457/3/4
f 5109/1/6 5456/2/6 5457/4/6 5111/3/6
f 5457/1/4 5421/2/4 5423/4/4 5458/3/4
f 5111/1/6 5457/2/6 5458/4/6 5113/3/6
f 5458/1/4 5423/2/4 5425/4/4 5459/3/4
f 5113/1/6 5458/2/6 5459/4/6 5115/3/6
f 5459/1/4 5425/2/4 5427/4/4 5460/3/4
f 5115/1/6 5459/2/6 5460/4/6 5117/3/6
f 5460/1/4 5427/2/4 5429/4/4 5461/3/4
f 5117/1/6 5460/2/6 5461/4/6 5119/3/6
f 5461/1/4 5429/2/4 5431/4/4 5462/3/4
f 5119/1/6 5461/2/6 5462/4/6 5121/3/6
f 5462/1/4 5431/2/4 5433/4/4 5463/3/4
f 5121/1/6 5462/2/6 5463/4/6 5123/3/6
f 5463/1/4 5433/2/4 5435/4/4 5464/3/4
f 5123/1/6 5463/2/6 5464/4/6 5125/3/6
f 5464/1/4 5435/2/4 5437/4/4 5465/3/4
f 5125/1/6 5464/2/6 5465/4/6 5127/3/6
f 5465/1/4 5437/2/4 5439/4/4 5466/3/4
f 5127/1/6 5465/2/6 5466/4/6 5129/3/6
f 5466/1/4 5439/2/4 5441/4/4 5467/3/4
f 5129/1/6 5466/2/6 5467/4/6 5131/3/6
f 5467/1/4 5441/2/4 5443/4/4 5468/3/4
f 5131/1/6 5467/2/6 5468/4/6 5133/3/6
f 5468/1/4 5443/2/4 5444/4/4 5469/3/4
f 5133/1/6 5468/2/6 5469/4/6 5134/3/6
f 5135/1/5 5470/2/5 5445/4/5 5087/3/5
f 5136/3/2 5134/1/2 5469/2/2 5471/4/2
f 5137/1/5 5472/2/5 5470/4/5 5135/3/5
f 5138/3/2 5136/1/2 5471/2/2 5473/4/2
f 5139/1/5 5474/2/5 5472/4/5 5137/3/5
f 5140/3/2 5138/1/2 5473/2/2 5475/4/2
f 5141/1/5 5476/2/5 5474/4/5 5139/3/5
f 5142/3/2 5140/1/2 5475/2/2 5477/4/2
f 5143/1/5 5478/2/5 5476/4/5 5141/3/5
f 5144/3/2 5142/1/2 5477/2/2 5479/4/2
f 5145/1/5 5480/2/5 5478/4/5 5143/3/5
f 5146/3/2 5144/1/2 5479/2/2 5481/4/2
f 5147/1/5 5482/2/5 5480/4/5 5145/3/5
f 5148/3/2 5146/1/2 5481/2/2 5483/4/2
f 5149/1/5 5484/2/5 5482/4/5 5147/3/5
f 5150/3/2 5148/1/2 5483/2/2 5485/4/2
f 5151/1/5 5486/2/5 5484/4/5 5149/3/5
f 5152/3/2 5150/1/2 5485/2/2 5487/4/2
f 5153/1/5 5488/2/5 5486/4/5 5151/3/5
f 5154/3/2 5152/1/2 5487/2/2 5489/4/2
f 5155/1/5 5490/2/5 5488/4/5 5153/3/5
f 5156/3/2 5154/1/2 5489/2/2 5491/4/2
f 5157/1/5 5492/2/5 5490/4/5 5155/3/5
f 5158/3/2 5156/1/2 5491/2/2 5493/4/2
f 5159/1/5 5494/2/5 5492/4/5 5157/3/5
f 5160/3/2 5158/1/2 5493/2/2 5495/4/2
f 5161/1/5 5496/2/5 5494/4/5 5159/3/5
f 5162/3/2 5160/1/2 5495/2/2 5497/4/2
f 5163/1/5 5498/2/5 5496/4/5 5161/3/5
f 5164/3/2 5162/1/2 5497/2/2 5499/4/2
f 5165/1/5 5500/2/5 5498/4/5 5163/3/5
f 5166/3/2 5164/1/2 5499/2/2 5501/4/2
f 5167/1/5 5502/2/5 5500/4/5 5165/3/5
f 5168/3/2 5166/1/2 5501/2/2 5503/4/2
f 5169/1/5 5504/2/5 5502/4/5 5167/3/5
f 5170/3/2 5168/1/2 5503/2/2 5505/4/2
f 5171/1/5 5506/2/5 5504/4/5 5169/3/5
f 5172/3/2 5170/1/2 5505/2/2 5507/4/2
f 5173/1/5 5508/2/5 5506/4/5 5171/3/5
f 5174/3/2 5172/1/2 5507/2/2 5509/4/2
f 5175/1/5 5510/2/5 5508/4/5 5173/3/5
f 5176/3/2 5174/1/2 5509/2/2 5511/4/2
f 5177/1/5 5512/2/5 5510/4/5 5175/3/5
f 5178/3/2 5176/1/2 5511/2/2 5513/4/2
f 5179/1/5 5514/2/5 5512/4/5 5177/3/5
f 5180/3/2 5178/1/2 5513/2/2 5515/4/2
f 5181/1/5 5516/2/5 5514/4/5 5179/3/5
f 5182/3/2 5180/1/2 5515/2/2 5517/4/2
f 5183/1/5 5518/2/5 5516/4/5 5181/3/5
f 5184/3/2 5182/1/2 5517/2/2 5519/4/2
f 5185/1/5 5520/2/5 5518/4/5 5183/3/5
f 5186/3/2 5184/1/2 5519/2/2 5521/4/2
f 5187/1/5 5522/2/5 5520/4/5 5185/3/5
f 5192/3/2 5193/1/2 5524/2/2 5523/4/2
f 5193/2/3 5194/4/3 5525/3/3 5524/1/3
f 5523/1/4 5524/2/4 5525/4/4 5526/3/4
f 5194/2/3 5197/4/3 5527/3/3 5525/1/3
f 5526/1/4 5525/2/4 5527/4/4 5528/3/4
f 5197/2/3 5200/4/3 5529/3/3 5527/1/3
f 5528/1/4 5527/2/4 5529/4/4 5530/3/4
f 5200/2/3 5203/4/3 5531/3/3 5529/1/3
f 5530/1/4 5529/2/4 5531/4/4 5532/3/4
f 5203/2/3 5206/4/3 5533/3/3 5531/1/3
f 5532/1/4 5531/2/4 5533/4/4 5534/3/4
f 5206/2/3 5209/4/3 5535/3/3 5533/1/3
f 5534/1/4 5533/2/4 5535/4/4 5536/3/4
f 5209/2/3 5212/4/3 5537/3/3 5535/1/3
f 5536/1/4 5535/2/4 5537/4/4 5538/3/4
f 5212/2/3 5215/4/3 5539/3/3 5537/1/3
f 5538/1/4 5537/2/4 5539/4/4 5540/3/4
f 5215/2/3 5218/4/3 5541/3/3 5539/1/3
f 5540/1/4 5539/2/4 5541/4/4 5542/3/4
f 5218/2/3 5221/4/3 5543/3/3 5541/1/3
f 5542/1/4 5541/2/4 5543/4/4 5544/3/4
f 5221/2/3 5224/4/3 5545/3/3 5543/1/3
f 5544/1/4 5543/2/4 5545/4/4 5546/3/4
f 5224/2/3 5227/4/3 5547/3/3 5545/1/3
f 5546/1/4 5545/2/4 5547/4/4 5548/3/4
f 5227/2/3 5230/4/3 5549/3/3 5547/1/3
f 5548/1/4 5547/2/4 5549/4/4 5550/3/4
f 5230/2/3 5233/4/3 5551/3/3 5549/1/3
f 5550/1/4 5549/2/4 5551/4/4 5552/3/4
f 5233/2/3 5236/4/3 5553/3/3 5551/1/3
f 5552/1/4 5551/2/4 5553/4/4 5554/3/4
f 5236/2/3 5239/4/3 5555/3/3 5553/1/3
f 5554/1/4 5553/2/4 5555/4/4 5556/3/4
f 5239/2/3 5242/4/3 5557/3/3 5555/1/3
f 5556/1/4 5555/2/4 5557/4/4 5558/3/4
f 5242/2/3 5245/4/3 5559/3/3 5557/1/3
f 5558/1/4 5557/2/4 5559/4/4 5560/3/4
f 5245/2/3 5248/4/3 5561/3/3 5559/1/3
f 5560/1/4 5559/2/4 5561/4/4 5562/3/4
f 5248/2/3 5251/4/3 5563/3/3 5561/1/3
f 5562/1/4 5561/2/4 5563/4/4 5564/3/4
f 5251/2/3 5254/4/3 5565/3/3 5563/1/3
f 5564/1/4 5563/2/4 5565/4/4 5566/3/4
f 5254/2/3 5257/4/3 5567/3/3 5565/1/3
f 5566/1/4 5565/2/4 5567/4/4 5568/3/4
f 5257/2/3 5186/4/3 5521/3/3 5567/1/3
f 5568/1/4 5567/2/4 5521/4/4 5569/3/4
f 5258/1/5 5570/2/5 5522/4/5 5187/3/5
f 5261/3/2 5192/1/2 5523/2/2 5571/4/2
f 5571/1/4 5523/2/4 5526/4/4 5572/3/4
f 5261/1/6 5571/2/6 5572/4/6 5262/3/6
f 5572/1/4 5526/2/4 5528/4/4 5573/3/4
f 5262/1/6 5572/2/6 5573/4/6 5264/3/6
f 5573/1/4 5528/2/4 5530/4/4 5574/3/4
f 5264/1/6 5573/2/6 5574/4/6 5266/3/6
f 5574/1/4 5530/2/4 5532/4/4 5575/3/4
f 5266/1/6 5574/2/6 5575/4/6 5268/3/6
f 5575/1/4 5532/2/4 5534/4/4 5576/3/4
f 5268/1/6 5575/2/6 5576/4/6 5270/3/6
f 5576/1/4 5534/2/4 5536/4/4 5577/3/4
f 5270/1/6 5576/2/6 5577/4/6 5272/3/6
f 5577/1/4 5536/2/4 5538/4/4 5578/3/4
f 5272/1/6 5577/2/6 5578/4/6 5274/3/6
f 5578/1/4 5538/2/4 5540/4/4 5579/3/4
f 5274/1/6 5578/2/6 5579/4/6 5276/3/6
f 5579/1/4 5540/2/4 5542/4/4 5580/3/4
f 5276/1/6 5579/2/6 5580/4/6 5278/3/6
f 5580/1/4 5542/2/4 5544/4/4 5581/3/4
f 5278/1/6 5580/2/6 5581/4/6 5280/3/6
f 5581/1/4 5544/2/4 5546/4/4 5582/3/4
f 5280/1/6 5581/2/6 5582/4/6 5282/3/6
f 5582/1/4 5546/2/4 5548/4/4 5583/3/4
f 5282/1/6 5582/2/6 5583/4/6 5284/3/6
f 5583/1/4 5548/2/4 5550/4/4 5584/3/4
f 5284/1/6 5583/2/6 5584/4/6 5286/3/6
f 5584/1/4 5550/2/4 5552/4/4 5585/3/4
f 5286/1/6 5584/2/6 5585/4/6 5288/3/6
f 5585/1/4 5552/2/4 5554/4/4 5586/3/4
f 5288/1/6 5585/2/6 5586/4/6 5290/3/6
f 5586/1/4 5554/2/4 5556/4/4 5587/3/4
f 5290/1/6 5586/2/6 5587/4/6 5292/3/6
f 5587/1/4 5556/2/4 5558/4/4 5588/3/4
f 5292/1/6 5587/2/6 5588/4/6 5294/3/6
f 5588/1/4 5558/2/4 5560/4/4 5589/3/4
f 5294/1/6 5588/2/6 5589/4/6 5296/3/6
f 5589/1/4 5560/2/4 5562/4/4 5590/3/4
f 5296/1/6 5589/2/6 5590/4/6 5298/3/6
f 5590/1/4 5562/2/4 5564/4/4 5591/3/4
f 5298/1/6 5590/2/6 5591/4/6 5300/3/6
f 5591/1/4 5564/2/4 5566/4/4 5592/3/4
f 5300/1/6 5591/2/6 5592/4/6 5302/3/6
f 5592/1/4 5566/2/4 5568/4/4 5593/3/4
f 5302/1/6 5592/2/6 5593/4/6 5304/3/6
f 5593/1/4 5568/2/4 5569/4/4 5594/3/4
f 5304/1/6 5593/2/6 5594/4/6 5305/3/6
f 5306/1/5 5595/2/5 5570/4/5 5258/3/5
f 5307/3/2 5305/1/2 5594/2/2 5596/4/2
f 5308/1/5 5597/2/5 5595/4/5 5306/3/5
f 5309/3/2 5307/1/2 5596/2/2 5598/4/2
f 5308/2/3 5310/4/3 5599/3/3 5597/1/3
f 5310/2/3 5311/4/3 5600/3/3 5599/1/3
f 5311/2/3 5312/4/3 5601/3/3 5600/1/3
f 5312/2/3 5313/4/3 5602/3/3 5601/1/3
f 5313/2/3 5314/4/3 5603/3/3 5602/1/3
f 5314/2/3 5315/4/3 5604/3/3 5603/1/3
f 5315/2/3 5316/4/3 5605/3/3 5604/1/3
f 5316/2/3 5317/4/3 5606/3/3 5605/1/3
f 5317/2/3 5318/4/3 5607/3/3 5606/1/3
f 5318/2/3 5319/4/3 5608/3/3 5607/1/3
f 5319/2/3 5320/4/3 5609/3/3 5608/1/3
f 5320/2/3 5321/4/3 5610/3/3 5609/1/3
f 5321/2/3 5322/4/3 5611/3/3 5610/1/3
f 5322/2/3 5323/4/3 5612/3/3 5611/1/3
f 5323/2/3 5324/4/3 5613/3/3 5612/1/3
f 5324/2/3 5325/4/3 5614/3/3 5613/1/3
f 5325/2/3 5326/4/3 5615/3/3 5614/1/3
f 5616/1/4 5614/2/4 5615/4/4 5617/3/4
f 5326/2/3 5327/4/3 5618/3/3 5615/1/3
f 5617/1/4 5615/2/4 5618/4/4 5619/3/4
f 5327/2/3 5328/4/3 5620/3/3 5618/1/3
f 5619/1/4 5618/2/4 5620/4/4 5621/3/4
f 5328/2/3 5329/4/3 5622/3/3 5620/1/3
f 5621/1/4 5620/2/4 5622/4/4 5623/3/4
f 5329/2/3 5330/4/3 5624/3/3 5622/1/3
f 5623/1/4 5622/2/4 5624/4/4 5625/3/4
f 5330/2/3 5331/4/3 5626/3/3 5624/1/3
f 5625/1/4 5624/2/4 5626/4/4 5627/3/4
f 5331/2/3 5332/4/3 5628/3/3 5626/1/3
f 5627/1/4 5626/2/4 5628/4/4 5629/3/4
f 5332/2/3 5333/4/3 5630/3/3 5628/1/3
f 5629/1/4 5628/2/4 5630/4/4 5631/3/4
f 5333/2/3 5334/4/3 5632/3/3 5630/1/3
f 5631/1/4 5630/2/4 5632/4/4 5633/3/4
f 5334/2/3 5335/4/3 5634/3/3 5632/1/3
f 5633/1/4 5632/2/4 5634/4/4 5635/3/4
f 5335/2/3 5336/4/3 5636/3/3 5634/1/3
f 5635/1/4 5634/2/4 5636/4/4 5637/3/4
f 5336/2/3 5337/4/3 5638/3/3 5636/1/3
f 5637/1/4 5636/2/4 5638/4/4 5639/3/4
f 5337/2/3 5338/4/3 5640/3/3 5638/1/3
f 5639/1/4 5638/2/4 5640/4/4 5641/3/4
f 5338/2/3 5339/4/3 5642/3/3 5640/1/3
f 5641/1/4 5640/2/4 5642/4/4 5643/3/4
f 5339/2/3 5340/4/3 5644/3/3 5642/1/3
f 5643/1/4 5642/2/4 5644/4/4 5645/3/4
f 5340/2/3 5341/4/3 5646/3/3 5644/1/3
f 5645/1/4 5644/2/4 5646/4/4 5647/3/4
f 5341/2/3 5342/4/3 5648/3/3 5646/1/3
f 5647/1/4 5646/2/4 5648/4/4 5649/3/4
f 5342/2/3 5343/4/3 5650/3/3 5648/1/3
f 5649/1/4 5648/2/4 5650/4/4 5651/3/4
f 5343/2/3 5344/4/3 5652/3/3 5650/1/3
f 5651/1/4 5650/2/4 5652/4/4 5653/3/4
f 5344/2/3 5345/4/3 5654/3/3 5652/1/3
f 5653/1/4 5652/2/4 5654/4/4 5655/3/4
f 5345/2/3 5346/4/3 5656/3/3 5654/1/3
f 5655/1/4 5654/2/4 5656/4/4 5657/3/4
f 5348/1/5 5657/2/5 5656/4/5 5346/3/5
f 5350/3/2 5309/1/2 5598/2/2 5658/4/2
f 5350/1/6 5658/2/6 5659/4/6 5351/3/6
f 5351/1/6 5659/2/6 5660/4/6 5352/3/6
f 5352/1/6 5660/2/6 5661/4/6 5353/3/6
f 5353/1/6 5661/2/6 5662/4/6 5354/3/6
f 5354/1/6 5662/2/6 5663/4/6 5355/3/6
f 5355/1/6 5663/2/6 5664/4/6 5356/3/6
f 5356/1/6 5664/2/6 5665/4/6 5357/3/6
f 5357/1/6 5665/2/6 5666/4/6 5358/3/6
f 5358/1/6 5666/2/6 5667/4/6 5359/3/6
f 5359/1/6 5667/2/6 5668/4/6 5360/3/6
f 5360/1/6 5668/2/6 5669/4/6 5361/3/6
f 5361/1/6 5669/2/6 5670/4/6 5362/3/6
f 5362/1/6 5670/2/6 5671/4/6 5363/3/6
f 5363/1/6 5671/2/6 5672/4/6 5364/3/6
f 5364/1/6 5672/2/6 5673/4/6 5365/3/6
f 5365/1/6 5673/2/6 5674/4/6 5366/3/6
f 5366/1/6 5674/2/6 5675/4/6 5367/3/6
f 5367/1/6 5675/2/6 5676/4/6 5368/3/6
f 5368/1/6 5676/2/6 5677/4/6 5369/3/6
f 5369/1/6 5677/2/6 5678/4/6 5370/3/6
f 5370/1/6 5678/2/6 5679/4/6 5371/3/6
f 5371/1/6 5679/2/6 5680/4/6 5372/3/6
f 5372/1/6 5680/2/6 5681/4/6 5373/3/6
f 5373/1/6 5681/2/6 5682/4/6 5374/3/6
f 5374/1/6 5682/2/6 5683/4/6 5375/3/6
f 5375/1/6 5683/2/6 5684/4/6 5376/3/6
f 5376/1/6 5684/2/6 5685/4/6 5377/3/6
f 5377/1/6 5685/2/6 5686/4/6 5378/3/6
f 5378/1/6 5686/2/6 5687/4/6 5379/3/6
f 5379/1/6 5687/2/6 5688/4/6 5380/3/6
f 5380/1/6 5688/2/6 5689/4/6 5381/3/6
f 5381/1/6 5689/2/6 5690/4/6 5382/3/6
f 5382/1/6 5690/2/6 5691/4/6 5383/3/6
f 5383/1/6 5691/2/6 5692/4/6 5384/3/6
f 5384/1/6 5692/2/6 5693/4/6 5385/3/6
f 5385/1/6 5693/2/6 5694/4/6 5386/3/6
f 5386/1/6 5694/2/6 5695/4/6 5387/3/6
f 5387/1/6 5695/2/6 5696/4/6 5388/3/6
f 5696/1/4 5653/2/4 5655/4/4 5697/3/4
f 5388/1/6 5696/2/6 5697/4/6 5389/3/6
f 5697/1/4 5655/2/4 5657/4/4 5698/3/4
f 5390/1/5 5698/2/5 5657/4/5 5348/3/5
f 5389/1/6 5697/2/6 5698/4/6 5390/3/6
f 5392/3/2 5393/1/2 5700/2/2 5699/4/2
f 5393/2/3 5394/4/3 5701/3/3 5700/1/3
f 5699/1/4 5700/2/4 5701/4/4 5702/3/4
f 5394/2/3 5395/4/3 5703/3/3 5701/1/3
f 5702/1/4 5701/2/4 5703/4/4 5704/3/4
f 5395/2/3 5396/4/3 5705/3/3 5703/1/3
f 5704/1/4 5703/2/4 5705/4/4 5706/3/4
f 5397/1/5 5706/2/5 5705/4/5 5396/3/5
f 5444/3/2 5392/1/2 5699/2/2 5707/4/2
f 5707/1/4 5699/2/4 5702/4/4 5708/3/4
f 5708/1/4 5702/2/4 5704/4/4 5709/3/4
f 5709/1/4 5704/2/4 5706/4/4 5710/3/4
f 5445/1/5 5710/2/5 5706/4/5 5397/3/5
f 5469/3/2 5444/1/2 5707/2/2 5711/4/2
f 5711/1/4 5707/2/4 5708/4/4 5712/3/4
f 5712/1/4 5708/2/4 5709/4/4 5713/3/4
f 5713/1/4 5709/2/4 5710/4/4 5714/3/4
f 5470/1/5 5714/2/5 5710/4/5 5445/3/5
f 5471/3/2 5469/1/2 5711/2/2 5715/4/2
f 5715/1/4 5711/2/4 5712/4/4 5716/3/4
f 5716/1/4 5712/2/4 5713/4/4 5717/3/4
f 5717/1/4 5713/2/4 5714/4/4 5718/3/4
f 5472/1/5 5718/2/5 5714/4/5 5470/3/5
f 5473/3/2 5471/1/2 5715/2/2 5719/4/2
f 5719/1/4 5715/2/4 5716/4/4 5720/3/4
f 5720/1/4 5716/2/4 5717/4/4 5721/3/4
f 5721/1/4 5717/2/4 5718/4/4 5722/3/4
f 5474/1/5 5722/2/5 5718/4/5 5472/3/5
f 5475/3/2 5473/1/2 5719/2/2 5723/4/2
f 5723/1/4 5719/2/4 5720/4/4 5724/3/4
f 5724/1/4 5720/2/4 5721/4/4 5725/3/4
f 5725/1/4 5721/2/4 5722/4/4 5726/3/4
f 5476/1/5 5726/2/5 5722/4/5 5474/3/5
f 5477/3/2 5475/1/2 5723/2/2 5727/4/2
f 5727/1/4 5723/2/4 5724/4/4 5728/3/4
f 5728/1/4 5724/2/4 5725/4/4 5729/3/4
f 5729/1/4 5725/2/4 5726/4/4 5730/3/4
f 5478/1/5 5730/2/5 5726/4/5 5476/3/5
f 5479/3/2 5477/1/2 5727/2/2 5731/4/2
f 5731/1/4 5727/2/4 5728/4/4 5732/3/4
f 5732/1/4 5728/2/4 5729/4/4 5733/3/4
f 5733/1/4 5729/2/4 5730/4/4 5734/3/4
f 5480/1/5 5734/2/5 5730/4/5 5478/3/5
f 5481/3/2 5479/1/2 5731/2/2 5735/4/2
f 5735/1/4 5731/2/4 5732/4/4 5736/3/4
f 5736/1/4 5732/2/4 5733/4/4 5737/3/4
f 5737/1/4 5733/2/4 5734/4/4 5738/3/4
f 5482/1/5 5738/2/5 5734/4/5 5480/3/5
f 5483/3/2 5481/1/2 5735/2/2 5739/4/2
f 5739/1/4 5735/2/4 5736/4/4 5740/3/4
f 5740/1/4 5736/2/4 5737/4/4 5741/3/4
f 5741/1/4 5737/2/4 5738/4/4 5742/3/4
f 5484/1/5 5742/2/5 5738/4/5 5482/3/5
f 5485/3/2 5483/1/2 5739/2/2 5743/4/2
f 5743/1/4 5739/2/4 5740/4/4 5744/3/4
f 5744/1/4 5740/2/4 5741/4/4 5745/3/4
f 5745/1/4 5741/2/4 5742/4/4 5746/3/4
f 5486/1/5 5746/2/5 5742/4/5 5484/3/5
f 5487/3/2 5485/1/2 5743/2/2 5747/4/2
f 5747/1/4 5743/2/4 5744/4/4 5748/3/4
f 5748/1/4 5744/2/4 5745/4/4 5749/3/4
f 5749/1/4 5745/2/4 5746/4/4 5750/3/4
f 5488/1/5 5750/2/5 5746/4/5 5486/3/5
f 5489/3/2 5487/1/2 5747/2/2 5751/4/2
f 5751/1/4 5747/2/4 5748/4/4 5752/3/4
f 5752/1/4 5748/2/4 5749/4/4 5753/3/4
f 5753/1/4 5749/2/4 5750/4/4 5754/3/4
f 5490/1/5 5754/2/5 5750/4/5 5488/3/5
f 5491/3/2 5489/1/2 5751/2/2 5755/4/2
f 5755/1/4 5751/2/4 5752/4/4 5756/3/4
f 5756/1/4 5752/2/4 5753/4/4 5757/3/4
f 5757/1/4 5753/2/4 5754/4/4 5758/3/4
f 5492/1/5 5758/2/5 5754/4/5 5490/3/5
f 5493/3/2 5491/1/2 5755/2/2 5759/4/2
f 5759/1/4 5755/2/4 5756/4/4 5760/3/4
f 5760/1/4 5756/2/4 5757/4/4 5761/3/4
f 5761/1/4 5757/2/4 5758/4/4 5762/3/4
f 5494/1/5 5762/2/5 5758/4/5 5492/3/5
f 5495/3/2 5493/1/2 5759/2/2 5763/4/2
f 5763/1/4 5759/2/4 5760/4/4 5764/3/4
f 5764/1/4 5760/2/4 5761/4/4 5765/3/4
f 5765/1/4 5761/2/4 5762/4/4 5766/3/4
f 5496/1/5 5766/2/5 5762/4/5 5494/3/5
f 5497/3/2 5495/1/2 5763/2/2 5767/4/2
f 5767/1/4 5763/2/4 5764/4/4 5768/3/4
f 5768/1/4 5764/2/4 5765/4/4 5769/3/4
f 5769/1/4 5765/2/4 5766/4/4 5770/3/4
f 5498/1/5 5770/2/5 5766/4/5 5496/3/5
f 5499/3/2 5497/1/2 5767/2/2 5771/4/2
f 5771/1/4 5767/2/4 5768/4/4 5772/3/4
f 5772/1/4 5768/2/4 5769/4/4 5773/3/4
f 5773/1/4 5769/2/4 5770/4/4 5774/3/4
f 5500/1/5 5774/2/5 5770/4/5 5498/3/5
f 5501/3/2 5499/1/2 5771/2/2 5775/4/2
f 5775/1/4 5771/2/4 5772/4/4 5776/3/4
f 5776/1/4 5772/2/4 5773/4/4 5777/3/4
f 5777/1/4 5773/2/4 5774/4/4 5778/3/4
f 5502/1/5 5778/2/5 5774/4/5 5500/3/5
f 5503/3/2 5501/1/2 5775/2/2 5779/4/2
f 5779/1/4 5775/2/4 5776/4/4 5780/3/4
f 5780/1/4 5776/2/4 5777/4/4 5781/3/4
f 5781/1/4 5777/2/4 5778/4/4 5782/3/4
f 5504/1/5 5782/2/5 5778/4/5 5502/3/5
f 5505/3/2 5503/1/2 5779/2/2 5783/4/2
f 5783/1/4 5779/2/4 5780/4/4 5784/3/4
f 5784/1/4 5780/2/4 5781/4/4 5785/3/4
f 5785/1/4 5781/2/4 5782/4/4 5786/3/4
f 5506/1/5 5786/2/5 5782/4/5 5504/3/5
f 5507/3/2 5505/1/2 5783/2/2 5787/4/2
f 5787/1/4 5783/2/4 5784/4/4 5788/3/4
f 5788/1/4 5784/2/4 5785/4/4 5789/3/4
f 5789/1/4 5785/2/4 5786/4/4 5790/3/4
f 5508/1/5 5790/2/5 5786/4/5 5506/3/5
f 5509/3/2 5507/1/2 5787/2/2 5791/4/2
f 5791/1/4 5787/2/4 5788/4/4 5792/3/4
f 5792/1/4 5788/2/4 5789/4/4 5793/3/4
f 5793/1/4 5789/2/4 5790/4/4 5794/3/4
f 5510/1/5 5794/2/5 5790/4/5 5508/3/5
f 5511/3/2 5509/1/2 5791/2/2 5795/4/2
f 5795/1/4 5791/2/4 5792/4/4 5796/3/4
f 5796/1/4 5792/2/4 5793/4/4 5797/3/4
f 5797/1/4 5793/2/4 5794/4/4 5798/3/4
f 5512/1/5 5798/2/5 5794/4/5 5510/3/5
f 5513/3/2 5511/1/2 5795/2/2 5799/4/2
f 5799/1/4 5795/2/4 5796/4/4 5800/3/4
f 5800/1/4 5796/2/4 5797/4/4 5801/3/4
f 5801/1/4 5797/2/4 5798/4/4 5802/3/4
f 5514/1/5 5802/2/5 5798/4/5 5512/3/5
f 5515/3/2 5513/1/2 5799/2/2 5803/4/2
f 5803/1/4 5799/2/4 5800/4/4 5804/3/4
f 5804/1/4 5800/2/4 5801/4/4 5805/3/4
f 5805/1/4 5801/2/4 5802/4/4 5806/3/4
f 5516/1/5 5806/2/5 5802/4/5 5514/3/5
f 5517/3/2 5515/1/2 5803/2/2 5807/4/2
f 5807/1/4 5803/2/4 5804/4/4 5808/3/4
f 5808/1/4 5804/2/4 5805/4/4 5809/3/4
f 5809/1/4 5805/2/4 5806/4/4 5810/3/4
f 5518/1/5 5810/2/5 5806/4/5 5516/3/5
f 5519/3/2 5517/1/2 5807/2/2 5811/4/2
f 5811/1/4 5807/2/4 5808/4/4 5812/3/4
f 5812/1/4 5808/2/4 5809/4/4 5813/3/4
f 5813/1/4 5809/2/4 5810/4/4 5814/3/4
f 5520/1/5 5814/2/5 5810/4/5 5518/3/5
f 5521/3/2 5519/1/2 5811/2/2 5815/4/2
f 5815/1/4 5811/2/4 5812/4/4 5816/3/4
f 5816/1/4 5812/2/4 5813/4/4 5817/3/4
f 5817/1/4 5813/2/4 5814/4/4 5818/3/4
f 5522/1/5 5818/2/5 5814/4/5 5520/3/5
f 5569/3/2 5521/1/2 5815/2/2 5819/4/2
f 5819/1/4 5815/2/4 5816/4/4 5820/3/4
f 5820/1/4 5816/2/4 5817/4/4 5821/3/4
f 5821/1/4 5817/2/4 5818/4/4 5822/3/4
f 5570/1/5 5822/2/5 5818/4/5 5522/3/5
f 5594/3/2 5569/1/2 5819/2/2 5823/4/2
f 5823/1/4 5819/2/4 5820/4/4 5824/3/4
f 5824/1/4 5820/2/4 5821/4/4 5825/3/4
f 5825/1/4 5821/2/4 5822/4/4 5826/3/4
f 5595/1/5 5826/2/5 5822/4/5 5570/3/5
f 5596/3/2 5594/1/2 5823/2/2 5827/4/2
f 5827/1/4 5823/2/4 5824/4/4 5828/3/4
f 5828/1/4 5824/2/4 5825/4/4 5829/3/4
f 5829/1/4 5825/2/4 5826/4/4 5830/3/4
f 5597/1/5 5830/2/5 5826/4/5 5595/3/5
f 5598/3/2 5596/1/2 5827/2/2 5831/4/2
f 5831/1/4 5827/2/4 5828/4/4 5832/3/4
f 5832/1/4 5828/2/4 5829/4/4 5833/3/4
f 5833/1/4 5829/2/4 5830/4/4 5834/3/4
f 5597/2/3 5599/4/3 5835/3/3 5830/1/3
f 5834/1/4 5830/2/4 5835/4/4 5836/3/4
f 5599/2/3 5600/4/3 5837/3/3 5835/1/3
f 5836/1/4 5835/2/4 5837/4/4 5838/3/4
f 5600/2/3 5601/4/3 5839/3/3 5837/1/3
f 5838/1/4 5837/2/4 5839/4/4 5840/3/4
f 5601/2/3 5602/4/3 5841/3/3 5839/1/3
f 5840/1/4 5839/2/4 5841/4/4 5842/3/4
f 5602/2/3 5603/4/3 5843/3/3 5841/1/3
f 5842/1/4 5841/2/4 5843/4/4 5844/3/4
f 5603/2/3 5604/4/3 5845/3/3 5843/1/3
f 5844/1/4 5843/2/4 5845/4/4 5846/3/4
f 5604/2/3 5605/4/3 5847/3/3 5845/1/3
f 5846/1/4 5845/2/4 5847/4/4 5848/3/4
f 5605/2/3 5606/4/3 5849/3/3 5847/1/3
f 5848/1/4 5847/2/4 5849/4/4 5850/3/4
f 5606/2/3 5607/4/3 5851/3/3 5849/1/3
f 5850/1/4 5849/2/4 5851/4/4 5852/3/4
f 5607/2/3 5608/4/3 5853/3/3 5851/1/3
f 5852/1/4 5851/2/4 5853/4/4 5854/3/4
f 5608/2/3 5609/4/3 5855/3/3 5853/1/3
f 5854/1/4 5853/2/4 5855/4/4 5856/3/4
f 5609/2/3 5610/4/3 5857/3/3 5855/1/3
f 5856/1/4 5855/2/4 5857/4/4 5858/3/4
f 5610/2/3 5611/4/3 5859/3/3 5857/1/3
f 5858/1/4 5857/2/4 5859/4/4 5860/3/4
f 5611/2/3 5612/4/3 5861/3/3 5859/1/3
f 5860/1/4 5859/2/4 5861/4/4 5862/3/4
f 5612/2/3 5613/4/3 5863/3/3 5861/1/3
f 5862/1/4 5861/2/4 5863/4/4 5864/3/4
f 5613/2/3 5614/4/3 5865/3/3 5863/1/3
f 5864/1/4 5863/2/4 5865/4/4 5866/3/4
f 5616/1/5 5866/2/5 5865/4/5 5614/3/5
f 5658/3/2 5598/1/2 5831/2/2 5867/4/2
f 5867/1/4 5831/2/4 5832/4/4 5868/3/4
f 5658/1/6 5867/2/6 5868/4/6 5659/3/6
f 5868/1/4 5832/2/4 5833/4/4 5869/3/4
f 5659/1/6 5868/2/6 5869/4/6 5660/3/6
f 5869/1/4 5833/2/4 5834/4/4 5870/3/4
f 5660/1/6 5869/2/6 5870/4/6 5661/3/6
f 5870/1/4 5834/2/4 5836/4/4 5871/3/4
f 5661/1/6 5870/2/6 5871/4/6 5662/3/6
f 5871/1/4 5836/2/4 5838/4/4 5872/3/4
f 5662/1/6 5871/2/6 5872/4/6 5663/3/6
f 5872/1/4 5838/2/4 5840/4/4 5873/3/4
f 5663/1/6 5872/2/6 5873/4/6 5664/3/6
f 5873/1/4 5840/2/4 5842/4/4 5874/3/4
f 5664/1/6 5873/2/6 5874/4/6 5665/3/6
f 5874/1/4 5842/2/4 5844/4/4 5875/3/4
f 5665/1/6 5874/2/6 5875/4/6 5666/3/6
f 5875/1/4 5844/2/4 5846/4/4 5876/3/4
f 5666/1/6 5875/2/6 5876/4/6 5667/3/6
f 5876/1/4 5846/2/4 5848/4/4 5877/3/4
f 5667/1/6 5876/2/6 5877/4/6 5668/3/6
f 5877/1/4 5848/2/4 5850/4/4 5878/3/4
f 5668/1/6 5877/2/6 5878/4/6 5669/3/6
f 5878/1/4 5850/2/4 5852/4/4 5879/3/4
f 5669/1/6 5878/2/6 5879/4/6 5670/3/6
f 5879/1/4 5852/2/4 5854/4/4 5880/3/4
f 5670/1/6 5879/2/6 5880/4/6 5671/3/6
f 5880/1/4 5854/2/4 5856/4/4 5881/3/4
f 5671/1/6 5880/2/6 5881/4/6 5672/3/6
f 5881/1/4 5856/2/4 5858/4/4 5882/3/4
f 5672/1/6 5881/2/6 5882/4/6 5673/3/6
f 5882/1/4 5858/2/4 5860/4/4 5883/3/4
f 5673/1/6 5882/2/6 5883/4/6 5674/3/6
f 5883/1/4 5860/2/4 5862/4/4 5884/3/4
f 5674/1/6 5883/2/6 5884/4/6 5675/3/6
f 5884/1/4 5862/2/4 5864/4/4 5885/3/4
f 5675/1/6 5884/2/6 5885/4/6 5676/3/6
f 5885/1/4 5864/2/4 5866/4/4 5886/3/4
f 5676/1/6 5885/2/6 5886/4/6 5677/3/6
f 5616/2/3 5617/4/3 5887/3/3 5866/1/3
f 5886/1/4 5866/2/4 5887/4/4 5888/3/4
f 5677/1/6 5886/2/6 5888/4/6 5678/3/6
f 5617/2/3 5619/4/3 5889/3/3 5887/1/3
f 5888/1/4 5887/2/4 5889/4/4 5890/3/4
f 5678/1/6 5888/2/6 5890/4/6 5679/3/6
f 5619/2/3 5621/4/3 5891/3/3 5889/1/3
f 5890/1/4 5889/2/4 5891/4/4 5892/3/4
f 5679/1/6 5890/2/6 5892/4/6 5680/3/6
f 5621/2/3 5623/4/3 5893/3/3 5891/1/3
f 5892/1/4 5891/2/4 5893/4/4 5894/3/4
f 5680/1/6 5892/2/6 5894/4/6 5681/3/6
f 5623/2/3 5625/4/3 5895/3/3 5893/1/3
f 5894/1/4 5893/2/4 5895/4/4 5896/3/4
f 5681/1/6 5894/2/6 5896/4/6 5682/3/6
f 5625/2/3 5627/4/3 5897/3/3 5895/1/3
f 5896/1/4 5895/2/4 5897/4/4 5898/3/4
f 5682/1/6 5896/2/6 5898/4/6 5683/3/6
f 5627/2/3 5629/4/3 5899/3/3 5897/1/3
f 5898/1/4 5897/2/4 5899/4/4 5900/3/4
f 5683/1/6 5898/2/6 5900/4/6 5684/3/6
f 5629/2/3 5631/4/3 5901/3/3 5899/1/3
f 5900/1/4 5899/2/4 5901/4/4 5902/3/4
f 5684/1/6 5900/2/6 5902/4/6 5685/3/6
f 5631/2/3 5633/4/3 5903/3/3 5901/1/3
f 5902/1/4 5901/2/4 5903/4/4 5904/3/4
f 5685/1/6 5902/2/6 5904/4/6 5686/3/6
f 5633/2/3 5635/4/3 5905/3/3 5903/1/3
f 5904/1/4 5903/2/4 5905/4/4 5906/3/4
f 5686/1/6 5904/2/6 5906/4/6 5687/3/6
f 5635/2/3 5637/4/3 5907/3/3 5905/1/3
f 5906/1/4 5905/2/4 5907/4/4 5908/3/4
f 5687/1/6 5906/2/6 5908/4/6 5688/3/6
f 5637/2/3 5639/4/3 5909/3/3 5907/1/3
f 5908/1/4 5907/2/4 5909/4/4 5910/3/4
f 5688/1/6 5908/2/6 5910/4/6 5689/3/6
f 5639/2/3 5641/4/3 5911/3/3 5909/1/3
f 5910/1/4 5909/2/4 5911/4/4 5912/3/4
f 5689/1/6 5910/2/6 5912/4/6 5690/3/6
f 5641/2/3 5643/4/3 5913/3/3 5911/1/3
f 5912/1/4 5911/2/4 5913/4/4 5914/3/4
f 5690/1/6 5912/2/6 5914/4/6 5691/3/6
f 5643/2/3 5645/4/3 5915/3/3 5913/1/3
f 5914/1/4 5913/2/4 5915/4/4 5916/3/4
f 5691/1/6 5914/2/6 5916/4/6 5692/3/6
f 5645/2/3 5647/4/3 5917/3/3 5915/1/3
f 5916/1/4 5915/2/4 5917/4/4 5918/3/4
f 5692/1/6 5916/2/6 5918/4/6 5693/3/6
f 5647/2/3 5649/4/3 5919/3/3 5917/1/3
f 5918/1/4 5917/2/4 5919/4/4 5920/3/4
f 5693/1/6 5918/2/6 5920/4/6 5694/3/6
f 5649/2/3 5651/4/3 5921/3/3 5919/1/3
f 5920/1/4 5919/2/4 5921/4/4 5922/3/4
f 5694/1/6 5920/2/6 5922/4/6 5695/3/6
f 5651/2/3 5653/4/3 5923/3/3 5921/1/3
f 5922/1/4 5921/2/4 5923/4/4 5924/3/4
f 5696/1/5 5924/2/5 5923/4/5 5653/3/5
f 5695/1/6 5922/2/6 5924/4/6 5696/3/6
