# Wavefront OBJ file made by Mineways version 13.00, http://mineways.com
# World: EMPTY
# Terrain file name: default
# Culling scheme: Standard
# Wed Aug 26 21:53:29 2026

# Selection location min to max: -21, -64, -18 to 36, -14, 19
#   Non-empty selection location min to max: -16, -64, -15 to 30, -55, 16

# Set render type: Wavefront OBJ absolute indices
# Units for the model vertex data itself: meters

# 9328 vertices, 9318 faces (18636 triangles), 4842 blocks, 0 billboards/bits
# block dimensions: X=47 by Y=10 (height) by Z=32 blocks
# Elevation shading: no
# Lighting: no
# Transparent water: no
# Map grid: no
# File type: Export individual textures to directory tex
# Texture output RGB: YES
# Texture output A: YES
# Texture output RGBA: YES
# Export separate types: YES
# Export individual blocks: no
#   Material per family: YES
#   Split by block type: YES
# Make groups objects: YES
# Custom material: YES
# Export lesser blocks: YES
# Fatten lesser blocks: no
# Simplify mesh: no
# Double all billboard faces: no
# Create composite overlay faces: no
# Center model: YES
# Use biomes: no
# Create block faces at the borders: YES
# Tree leaves solid: no
# Rotate model 0.000000 degrees
# Make Z the up direction instead of Y: no
# Scale model by making each block 1000 mm high
# Data operation options:
#   Fill air bubbles: no; Seal off entrances: no; Fill in isolated tunnels in base of model: no
#   Connect parts sharing an edge: no; Connect corner tips: no; Weld all shared edges: no
#   Delete floating objects: trees and parts smaller than 16 blocks: no
#   Hollow out bottom of model, making the walls 1000 mm thick: no; Superhollow: no
# Melt snow blocks: no
#   Debug: show separate parts as colors: no
#   Debug: show weld blocks in bright colors: no

# Full world path: C:\Users\kumar\AppData\Roaming\PrismLauncher\instances\26.1.2\minecraft\saves\EMPTY
# Full terrainExt.png path: default
# Full current path: C:\Users\kumar\Downloads\mineways_min\mineways_min

# COMMON_MC_OBJ_START
# version: 1
# exporter: mineways
# world_name: EMPTY
# world_path: C:\Users\kumar\AppData\Roaming\PrismLauncher\instances\26.1.2\minecraft\saves\EMPTY
# export_bounds_min: (-21, -64, -18)
# export_bounds_max: (36, -14, 19)
# export_offset: (-8.000000, 64.000000, -1.000000)
# block_scale: 1
# block_origin_offset: (0.000000, 0.000000, 0.000000)
# z_up: false
# texture_type: INDIVIDUAL_TILES
# has_split_blocks: true
# COMMON_MC_OBJ_END

mtllib house1.mtl
vn -1 0 0
vn 0 -1 0
vn 0 0 -1
vn 1 0 0
vn 0 1 0
vn 0 0 1
vn -0.707107 0 -0.707107
vn -0.707107 0 0.707107
vn 0.707107 0 -0.707107
vn 0.707107 0 0.707107
vn -0.707107 -0.707107 0
vn 0 -0.707107 -0.707107
vn 0.707107 -0.707107 0
vn 0 -0.707107 0.707107
vn -0.707107 0.707107 0
vn 0 0.707107 -0.707107
vn 0.707107 0.707107 0
vn 0 0.707107 0.707107
vn -0.92388 0 -0.382683
vn -0.92388 0 0.382683
vn 0.92388 0 -0.382683
vn 0.92388 0 0.382683
vn -0.382683 0 -0.92388
vn -0.382683 0 0.92388
vn 0.382683 0 -0.92388
vn 0.382683 0 0.92388
vn -0.397273 0.9177 0
vn 0.397273 -0.9177 0
vn 0.397273 0.9177 0
vn -0.397273 -0.9177 0
vn 0 0.9177 -0.397273
vn 0 -0.9177 0.397273
vn 0 0.9177 0.397273
vn 0 -0.9177 -0.397273
vn -0.440932 0.897541 0
vn 0.440932 -0.897541 0
vn 0.440932 0.897541 0
vn -0.440932 -0.897541 0
vn 0 0.897541 -0.440932
vn 0 -0.897541 0.440932
vn 0 0.897541 0.440932
vn 0 -0.897541 -0.440932
vt 0.000000000 0.000000000
vt 1.000000000 0.000000000
vt 0.000000000 1.000000000
vt 1.000000000 1.000000000
v -24 6 -16
v -24 6 -15
v -24 7 -15
v -24 7 -16
v -23 6 -15
v -23 6 -16
v -23 7 -16
v -23 7 -15
v -24 6 -14
v -24 7 -14
v -23 6 -14
v -23 7 -14
v -24 6 -13
v -24 7 -13
v -23 6 -13
v -23 7 -13
v -24 6 -12
v -24 7 -12
v -23 6 -12
v -23 7 -12
v -24 6 -11
v -24 7 -11
v -23 6 -11
v -23 7 -11
v -24 6 -10
v -24 7 -10
v -23 6 -10
v -23 7 -10
v -24 6 -9
v -24 7 -9
v -23 6 -9
v -23 7 -9
v -24 6 -8
v -24 7 -8
v -23 6 -8
v -23 7 -8
v -24 6 -7
v -24 7 -7
v -23 6 -7
v -23 7 -7
v -24 6 -6
v -24 7 -6
v -23 6 -6
v -23 7 -6
v -24 6 -5
v -24 7 -5
v -23 6 -5
v -23 7 -5
v -24 6 -4
v -24 7 -4
v -23 6 -4
v -23 7 -4
v -24 6 -3
v -24 7 -3
v -23 6 -3
v -23 7 -3
v -24 6 -2
v -24 7 -2
v -23 6 -2
v -23 7 -2
v -24 6 -1
v -24 7 -1
v -23 6 -1
v -23 7 -1
v -24 6 0
v -24 7 0
v -23 6 0
v -23 7 0
v -24 6 1
v -24 7 1
v -23 6 1
v -23 7 1
v -24 6 2
v -24 7 2
v -23 6 2
v -23 7 2
v -24 6 3
v -24 7 3
v -23 6 3
v -23 7 3
v -24 6 4
v -24 7 4
v -23 6 4
v -23 7 4
v -24 6 5
v -24 7 5
v -23 6 5
v -23 7 5
v -24 6 6
v -24 7 6
v -23 6 6
v -23 7 6
v -24 6 7
v -24 7 7
v -23 6 7
v -23 7 7
v -24 6 8
v -24 7 8
v -23 6 8
v -23 7 8
v -24 6 9
v -24 7 9
v -23 6 9
v -23 7 9
v -24 6 10
v -24 7 10
v -23 6 10
v -23 7 10
v -24 6 11
v -24 7 11
v -23 6 11
v -23 7 11
v -24 6 12
v -24 7 12
v -23 6 12
v -23 7 12
v -24 6 13
v -24 7 13
v -23 6 13
v -23 7 13
v -24 6 14
v -24 7 14
v -23 6 14
v -23 7 14
v -24 6 15
v -24 7 15
v -23 6 15
v -23 7 15
v -24 6 16
v -24 7 16
v -23 6 16
v -23 7 16
v -22 6 -15
v -22 6 -16
v -22 7 -16
v -22 7 -15
v -22 6 -14
v -22 7 -14
v -22 6 -13
v -22 7 -13
v -22 6 -12
v -22 7 -12
v -22 6 -11
v -22 7 -11
v -22 6 -10
v -22 7 -10
v -22 6 -9
v -22 7 -9
v -22 6 -8
v -22 7 -8
v -22 6 -7
v -22 7 -7
v -22 6 -6
v -22 7 -6
v -22 6 -5
v -22 7 -5
v -22 6 -4
v -22 7 -4
v -22 6 -3
v -22 7 -3
v -22 6 -2
v -22 7 -2
v -22 6 -1
v -22 7 -1
v -23 0 -1
v -23 0 0
v -23 1 0
v -23 1 -1
v -22 0 0
v -22 0 -1
v -22 1 -1
v -23 2 0
v -23 2 -1
v -22 2 -1
v -23 3 0
v -23 3 -1
v -22 3 -1
v -23 4 0
v -23 4 -1
v -22 4 -1
v -23 5 0
v -23 5 -1
v -22 5 -1
v -23 8 0
v -23 8 -1
v -22 8 -1
v -23 9 0
v -23 9 -1
v -22 9 -1
v -23 10 0
v -23 10 -1
v -22 10 -1
v -22 10 0
v -23 0 1
v -23 1 1
v -22 0 1
v -23 2 1
v -22 1 1
v -22 1 0
v -22 2 0
v -22 2 1
v -23 3 1
v -22 3 0
v -22 3 1
v -23 4 1
v -22 4 0
v -22 4 1
v -23 5 1
v -22 5 0
v -22 5 1
v -22 6 0
v -22 6 1
v -23 8 1
v -22 7 1
v -22 7 0
v -22 8 0
v -22 8 1
v -23 9 1
v -22 9 0
v -22 9 1
v -23 10 1
v -22 10 1
v -23 0 2
v -23 1 2
v -22 0 2
v -23 2 2
v -22 1 2
v -22 2 2
v -23 3 2
v -22 3 2
v -23 4 2
v -22 4 2
v -23 5 2
v -22 5 2
v -22 6 2
v -23 8 2
v -22 7 2
v -22 8 2
v -23 9 2
v -22 9 2
v -23 10 2
v -22 10 2
v -23 0 3
v -23 1 3
v -22 0 3
v -23 2 3
v -22 1 3
v -22 2 3
v -23 3 3
v -22 3 3
v -23 4 3
v -22 4 3
v -23 5 3
v -22 5 3
v -22 6 3
v -23 8 3
v -22 7 3
v -22 8 3
v -23 9 3
v -22 9 3
v -23 10 3
v -22 10 3
v -23 0 4
v -23 1 4
v -22 0 4
v -23 2 4
v -22 1 4
v -22 2 4
v -23 3 4
v -22 3 4
v -23 4 4
v -22 4 4
v -23 5 4
v -22 5 4
v -22 6 4
v -23 8 4
v -22 7 4
v -22 8 4
v -23 9 4
v -22 9 4
v -23 10 4
v -22 10 4
v -23 0 5
v -23 1 5
v -22 0 5
v -23 2 5
v -22 1 5
v -22 2 5
v -23 3 5
v -22 3 5
v -23 4 5
v -22 4 5
v -23 5 5
v -22 5 5
v -22 6 5
v -23 8 5
v -22 7 5
v -22 8 5
v -23 9 5
v -22 9 5
v -23 10 5
v -22 10 5
v -23 0 6
v -23 1 6
v -22 0 6
v -23 2 6
v -22 1 6
v -22 2 6
v -23 3 6
v -22 3 6
v -23 4 6
v -22 4 6
v -23 5 6
v -22 5 6
v -22 6 6
v -23 8 6
v -22 7 6
v -22 8 6
v -23 9 6
v -22 9 6
v -23 10 6
v -22 10 6
v -23 0 7
v -23 1 7
v -22 0 7
v -23 2 7
v -22 1 7
v -22 2 7
v -23 3 7
v -22 3 7
v -23 4 7
v -22 4 7
v -23 5 7
v -22 5 7
v -22 6 7
v -23 8 7
v -22 7 7
v -22 8 7
v -23 9 7
v -22 9 7
v -23 10 7
v -22 10 7
v -23 0 8
v -23 1 8
v -22 0 8
v -23 2 8
v -22 1 8
v -22 2 8
v -23 3 8
v -22 3 8
v -23 4 8
v -22 4 8
v -23 5 8
v -22 5 8
v -22 6 8
v -23 8 8
v -22 7 8
v -22 8 8
v -23 9 8
v -22 9 8
v -23 10 8
v -22 10 8
v -23 0 9
v -23 1 9
v -22 0 9
v -23 2 9
v -22 1 9
v -22 2 9
v -23 3 9
v -22 3 9
v -23 4 9
v -22 4 9
v -23 5 9
v -22 5 9
v -22 6 9
v -23 8 9
v -22 7 9
v -22 8 9
v -23 9 9
v -22 9 9
v -23 10 9
v -22 10 9
v -23 0 10
v -23 1 10
v -22 0 10
v -23 2 10
v -22 1 10
v -22 2 10
v -23 3 10
v -22 3 10
v -23 4 10
v -22 4 10
v -23 5 10
v -22 5 10
v -22 6 10
v -23 8 10
v -22 7 10
v -22 8 10
v -23 9 10
v -22 9 10
v -23 10 10
v -22 10 10
v -23 0 11
v -23 1 11
v -22 0 11
v -23 2 11
v -22 1 11
v -22 2 11
v -23 3 11
v -22 3 11
v -23 4 11
v -22 4 11
v -23 5 11
v -22 5 11
v -22 6 11
v -23 8 11
v -22 7 11
v -22 8 11
v -23 9 11
v -22 9 11
v -23 10 11
v -22 10 11
v -23 0 12
v -23 1 12
v -22 0 12
v -23 2 12
v -22 1 12
v -22 2 12
v -23 3 12
v -22 3 12
v -23 4 12
v -22 4 12
v -23 5 12
v -22 5 12
v -22 6 12
v -23 8 12
v -22 7 12
v -22 8 12
v -23 9 12
v -22 9 12
v -23 10 12
v -22 10 12
v -23 0 13
v -23 1 13
v -22 0 13
v -23 2 13
v -22 1 13
v -22 2 13
v -23 3 13
v -22 3 13
v -23 4 13
v -22 4 13
v -23 5 13
v -22 5 13
v -22 6 13
v -23 8 13
v -22 7 13
v -22 8 13
v -23 9 13
v -22 9 13
v -23 10 13
v -22 10 13
v -23 0 14
v -23 1 14
v -22 0 14
v -23 2 14
v -22 1 14
v -22 2 14
v -23 3 14
v -22 3 14
v -23 4 14
v -22 4 14
v -23 5 14
v -22 5 14
v -22 6 14
v -23 8 14
v -22 7 14
v -22 8 14
v -23 9 14
v -22 9 14
v -23 10 14
v -22 10 14
v -23 0 15
v -23 1 15
v -22 0 15
v -22 1 15
v -23 2 15
v -22 2 15
v -23 3 15
v -22 3 15
v -23 4 15
v -22 4 15
v -23 5 15
v -22 5 15
v -22 6 15
v -23 8 15
v -22 7 15
v -22 8 15
v -23 9 15
v -22 9 15
v -23 10 15
v -22 10 15
v -22 6 16
v -22 7 16
v -21 6 -15
v -21 6 -16
v -21 7 -16
v -21 7 -15
v -21 6 -14
v -21 7 -14
v -21 6 -13
v -21 7 -13
v -21 6 -12
v -21 7 -12
v -21 6 -11
v -21 7 -11
v -21 6 -10
v -21 7 -10
v -21 6 -9
v -21 7 -9
v -21 6 -8
v -21 7 -8
v -21 6 -7
v -21 7 -7
v -21 6 -6
v -21 7 -6
v -21 6 -5
v -21 7 -5
v -21 6 -4
v -21 7 -4
v -21 6 -3
v -21 7 -3
v -21 6 -2
v -21 7 -2
v -21 6 -1
v -21 7 -1
v -21 0 0
v -21 0 -1
v -21 1 -1
v -21 2 -1
v -21 1 0
v -21 2 0
v -21 3 -1
v -21 3 0
v -21 4 -1
v -21 4 0
v -21 5 -1
v -21 5 0
v -21 6 0
v -21 8 -1
v -21 7 0
v -21 8 0
v -21 9 -1
v -21 9 0
v -21 10 -1
v -21 10 0
v -21 0 1
v -21 1 1
v -21 6 1
v -21 7 1
v -21 9 1
v -21 10 1
v -21 0 2
v -21 1 2
v -21 6 2
v -21 7 2
v -21 9 2
v -21 10 2
v -21 0 3
v -21 1 3
v -21 6 3
v -21 7 3
v -21 9 3
v -21 10 3
v -21 0 4
v -21 1 4
v -21 6 4
v -21 7 4
v -21 9 4
v -21 10 4
v -21 0 5
v -21 1 5
v -21 6 5
v -21 7 5
v -21 9 5
v -21 10 5
v -21 0 6
v -21 1 6
v -21 6 6
v -21 7 6
v -21 9 6
v -21 10 6
v -21 0 7
v -21 1 7
v -21 6 7
v -21 7 7
v -21 9 7
v -21 10 7
v -21 0 8
v -21 1 8
v -21 6 8
v -21 7 8
v -21 9 8
v -21 10 8
v -21 0 9
v -21 1 9
v -21 6 9
v -21 7 9
v -21 9 9
v -21 10 9
v -21 0 10
v -21 1 10
v -21 6 10
v -21 7 10
v -21 9 10
v -21 10 10
v -21 0 11
v -21 1 11
v -21 6 11
v -21 7 11
v -21 9 11
v -21 10 11
v -21 0 12
v -21 1 12
v -21 6 12
v -21 7 12
v -21 9 12
v -21 10 12
v -21 0 13
v -21 1 13
v -21 6 13
v -21 7 13
v -21 9 13
v -21 10 13
v -21 0 14
v -21 1 14
v -21 6 14
v -21 7 14
v -21 9 14
v -21 10 14
v -21 0 15
v -21 1 15
v -21 2 14
v -21 2 15
v -21 3 14
v -21 3 15
v -21 4 14
v -21 4 15
v -21 5 14
v -21 5 15
v -21 6 15
v -21 8 14
v -21 7 15
v -21 8 15
v -21 9 15
v -21 10 15
v -21 6 16
v -21 7 16
v -20 6 -15
v -20 6 -16
v -20 7 -16
v -20 7 -15
v -20 6 -14
v -20 7 -14
v -20 6 -13
v -20 7 -13
v -20 6 -12
v -20 7 -12
v -20 6 -11
v -20 7 -11
v -20 6 -10
v -20 7 -10
v -20 6 -9
v -20 7 -9
v -20 6 -8
v -20 7 -8
v -20 6 -7
v -20 7 -7
v -20 6 -6
v -20 7 -6
v -20 6 -5
v -20 7 -5
v -20 6 -4
v -20 7 -4
v -20 6 -3
v -20 7 -3
v -20 6 -2
v -20 7 -2
v -20 6 -1
v -20 7 -1
v -20 0 0
v -20 0 -1
v -20 1 -1
v -20 2 -1
v -20 1 0
v -20 2 0
v -20 3 -1
v -20 3 0
v -20 4 -1
v -20 4 0
v -20 5 -1
v -20 5 0
v -20 6 0
v -20 8 -1
v -20 7 0
v -20 8 0
v -20 9 -1
v -20 9 0
v -20 10 -1
v -20 10 0
v -20 0 1
v -20 1 1
v -20 6 1
v -20 7 1
v -20 9 1
v -20 10 1
v -20 0 2
v -20 1 2
v -20 6 2
v -20 7 2
v -20 9 2
v -20 10 2
v -20 0 3
v -20 1 3
v -20 6 3
v -20 7 3
v -20 9 3
v -20 10 3
v -20 0 4
v -20 1 4
v -20 6 4
v -20 7 4
v -20 9 4
v -20 10 4
v -20 0 5
v -20 1 5
v -20 6 5
v -20 7 5
v -20 9 5
v -20 10 5
v -20 0 6
v -20 1 6
v -20 6 6
v -20 7 6
v -20 9 6
v -20 10 6
v -20 0 7
v -20 1 7
v -20 6 7
v -20 7 7
v -20 9 7
v -20 10 7
v -20 0 8
v -20 1 8
v -20 6 8
v -20 7 8
v -20 9 8
v -20 10 8
v -20 0 9
v -20 1 9
v -20 6 9
v -20 7 9
v -20 9 9
v -20 10 9
v -20 0 10
v -20 1 10
v -20 6 10
v -20 7 10
v -20 9 10
v -20 10 10
v -20 0 11
v -20 1 11
v -20 6 11
v -20 7 11
v -20 9 11
v -20 10 11
v -20 0 12
v -20 1 12
v -20 6 12
v -20 7 12
v -20 9 12
v -20 10 12
v -20 0 13
v -20 1 13
v -20 6 13
v -20 7 13
v -20 9 13
v -20 10 13
v -20 0 14
v -20 1 14
v -20 6 14
v -20 7 14
v -20 9 14
v -20 10 14
v -20 0 15
v -20 1 15
v -20 2 14
v -20 2 15
v -20 3 14
v -20 3 15
v -20 4 14
v -20 4 15
v -20 5 14
v -20 5 15
v -20 6 15
v -20 8 14
v -20 7 15
v -20 8 15
v -20 9 15
v -20 10 15
v -20 6 16
v -20 7 16
v -19 6 -15
v -19 6 -16
v -19 7 -16
v -19 7 -15
v -19 6 -14
v -19 7 -14
v -19 6 -13
v -19 7 -13
v -19 6 -12
v -19 7 -12
v -19 6 -11
v -19 7 -11
v -19 6 -10
v -19 7 -10
v -19 6 -9
v -19 7 -9
v -19 6 -8
v -19 7 -8
v -19 6 -7
v -19 7 -7
v -19 6 -6
v -19 7 -6
v -19 6 -5
v -19 7 -5
v -19 6 -4
v -19 7 -4
v -19 6 -3
v -19 7 -3
v -19 6 -2
v -19 7 -2
v -19 6 -1
v -19 7 -1
v -19 0 0
v -19 0 -1
v -19 1 -1
v -19 2 -1
v -19 1 0
v -19 2 0
v -19 3 -1
v -19 3 0
v -19 4 -1
v -19 4 0
v -19 5 -1
v -19 5 0
v -19 6 0
v -19 8 -1
v -19 7 0
v -19 8 0
v -19 9 -1
v -19 9 0
v -19 10 -1
v -19 10 0
v -19 0 1
v -19 1 1
v -19 6 1
v -19 7 1
v -19 9 1
v -19 10 1
v -19 0 2
v -19 1 2
v -19 6 2
v -19 7 2
v -19 9 2
v -19 10 2
v -19 0 3
v -19 1 3
v -19 6 3
v -19 7 3
v -19 9 3
v -19 10 3
v -19 0 4
v -19 1 4
v -19 6 4
v -19 7 4
v -19 9 4
v -19 10 4
v -19 0 5
v -19 1 5
v -19 6 5
v -19 7 5
v -19 9 5
v -19 10 5
v -19 0 6
v -19 1 6
v -19 6 6
v -19 7 6
v -19 9 6
v -19 10 6
v -19 0 7
v -19 1 7
v -19 6 7
v -19 7 7
v -19 9 7
v -19 10 7
v -19 0 8
v -19 1 8
v -19 6 8
v -19 7 8
v -19 9 8
v -19 10 8
v -19 0 9
v -19 1 9
v -19 6 9
v -19 7 9
v -19 9 9
v -19 10 9
v -19 0 10
v -19 1 10
v -19 6 10
v -19 7 10
v -19 9 10
v -19 10 10
v -19 0 11
v -19 1 11
v -19 6 11
v -19 7 11
v -19 9 11
v -19 10 11
v -19 0 12
v -19 1 12
v -19 6 12
v -19 7 12
v -19 9 12
v -19 10 12
v -19 0 13
v -19 1 13
v -19 6 13
v -19 7 13
v -19 9 13
v -19 10 13
v -19 0 14
v -19 1 14
v -19 6 14
v -19 7 14
v -19 9 14
v -19 10 14
v -19 0 15
v -19 1 15
v -19 2 14
v -19 2 15
v -19 3 14
v -19 3 15
v -19 4 14
v -19 4 15
v -19 5 14
v -19 5 15
v -19 6 15
v -19 8 14
v -19 7 15
v -19 8 15
v -19 9 15
v -19 10 15
v -19 6 16
v -19 7 16
v -18 6 -15
v -18 6 -16
v -18 7 -16
v -18 7 -15
v -18 6 -14
v -18 7 -14
v -18 6 -13
v -18 7 -13
v -18 6 -12
v -18 7 -12
v -18 6 -11
v -18 7 -11
v -18 6 -10
v -18 7 -10
v -18 6 -9
v -18 7 -9
v -18 6 -8
v -18 7 -8
v -18 6 -7
v -18 7 -7
v -18 6 -6
v -18 7 -6
v -18 6 -5
v -18 7 -5
v -18 6 -4
v -18 7 -4
v -18 6 -3
v -18 7 -3
v -18 6 -2
v -18 7 -2
v -18 6 -1
v -18 7 -1
v -18 0 0
v -18 0 -1
v -18 1 -1
v -18 2 -1
v -18 1 0
v -18 2 0
v -18 3 -1
v -18 3 0
v -18 4 -1
v -18 4 0
v -18 5 -1
v -18 5 0
v -18 6 0
v -18 8 -1
v -18 7 0
v -18 8 0
v -18 9 -1
v -18 9 0
v -18 10 -1
v -18 10 0
v -18 0 1
v -18 1 1
v -18 6 1
v -18 7 1
v -18 9 1
v -18 10 1
v -18 0 2
v -18 1 2
v -18 6 2
v -18 7 2
v -18 9 2
v -18 10 2
v -18 0 3
v -18 1 3
v -18 6 3
v -18 7 3
v -18 9 3
v -18 10 3
v -18 0 4
v -18 1 4
v -18 6 4
v -18 7 4
v -18 9 4
v -18 10 4
v -18 0 5
v -18 1 5
v -18 6 5
v -18 7 5
v -18 9 5
v -18 10 5
v -18 0 6
v -18 1 6
v -18 6 6
v -18 7 6
v -18 9 6
v -18 10 6
v -18 0 7
v -18 1 7
v -18 6 7
v -18 7 7
v -18 9 7
v -18 10 7
v -18 0 8
v -18 1 8
v -18 6 8
v -18 7 8
v -18 9 8
v -18 10 8
v -18 0 9
v -18 1 9
v -18 6 9
v -18 7 9
v -18 9 9
v -18 10 9
v -18 0 10
v -18 1 10
v -18 6 10
v -18 7 10
v -18 9 10
v -18 10 10
v -18 0 11
v -18 1 11
v -18 6 11
v -18 7 11
v -18 9 11
v -18 10 11
v -18 0 12
v -18 1 12
v -18 6 12
v -18 7 12
v -18 9 12
v -18 10 12
v -18 0 13
v -18 1 13
v -18 6 13
v -18 7 13
v -18 9 13
v -18 10 13
v -18 0 14
v -18 1 14
v -18 6 14
v -18 7 14
v -18 9 14
v -18 10 14
v -18 0 15
v -18 1 15
v -18 2 14
v -18 2 15
v -18 3 14
v -18 3 15
v -18 4 14
v -18 4 15
v -18 5 14
v -18 5 15
v -18 6 15
v -18 8 14
v -18 7 15
v -18 8 15
v -18 9 15
v -18 10 15
v -18 6 16
v -18 7 16
v -17 6 -15
v -17 6 -16
v -17 7 -16
v -17 7 -15
v -17 6 -14
v -17 7 -14
v -17 6 -13
v -17 7 -13
v -17 6 -12
v -17 7 -12
v -17 6 -11
v -17 7 -11
v -17 6 -10
v -17 7 -10
v -17 6 -9
v -17 7 -9
v -17 6 -8
v -17 7 -8
v -17 6 -7
v -17 7 -7
v -17 6 -6
v -17 7 -6
v -17 6 -5
v -17 7 -5
v -17 6 -4
v -17 7 -4
v -17 6 -3
v -17 7 -3
v -17 6 -2
v -17 7 -2
v -17 6 -1
v -17 7 -1
v -17 0 0
v -17 0 -1
v -17 1 -1
v -17 2 -1
v -17 1 0
v -17 2 0
v -17 3 -1
v -17 3 0
v -17 4 -1
v -17 4 0
v -17 5 -1
v -17 5 0
v -17 6 0
v -17 8 -1
v -17 7 0
v -17 8 0
v -17 9 -1
v -17 9 0
v -17 10 -1
v -17 10 0
v -17 0 1
v -17 1 1
v -17 6 1
v -17 7 1
v -17 9 1
v -17 10 1
v -17 0 2
v -17 1 2
v -17 6 2
v -17 7 2
v -17 9 2
v -17 10 2
v -17 0 3
v -17 1 3
v -17 6 3
v -17 7 3
v -17 9 3
v -17 10 3
v -17 0 4
v -17 1 4
v -17 6 4
v -17 7 4
v -17 9 4
v -17 10 4
v -17 0 5
v -17 1 5
v -17 6 5
v -17 7 5
v -17 9 5
v -17 10 5
v -17 0 6
v -17 1 6
v -17 6 6
v -17 7 6
v -17 9 6
v -17 10 6
v -17 0 7
v -17 1 7
v -17 6 7
v -17 7 7
v -17 9 7
v -17 10 7
v -17 0 8
v -17 1 8
v -17 6 8
v -17 7 8
v -17 9 8
v -17 10 8
v -17 0 9
v -17 1 9
v -17 6 9
v -17 7 9
v -17 9 9
v -17 10 9
v -17 0 10
v -17 1 10
v -17 6 10
v -17 7 10
v -17 9 10
v -17 10 10
v -17 0 11
v -17 1 11
v -17 6 11
v -17 7 11
v -17 9 11
v -17 10 11
v -17 0 12
v -17 1 12
v -17 6 12
v -17 7 12
v -17 9 12
v -17 10 12
v -17 0 13
v -17 1 13
v -17 6 13
v -17 7 13
v -17 9 13
v -17 10 13
v -17 0 14
v -17 1 14
v -17 6 14
v -17 7 14
v -17 9 14
v -17 10 14
v -17 0 15
v -17 1 15
v -17 2 14
v -17 2 15
v -17 3 14
v -17 3 15
v -17 4 14
v -17 4 15
v -17 5 14
v -17 5 15
v -17 6 15
v -17 8 14
v -17 7 15
v -17 8 15
v -17 9 15
v -17 10 15
v -17 6 16
v -17 7 16
v -16 6 -15
v -16 6 -16
v -16 7 -16
v -16 7 -15
v -16 6 -14
v -16 7 -14
v -16 6 -13
v -16 7 -13
v -16 6 -12
v -16 7 -12
v -16 6 -11
v -16 7 -11
v -16 6 -10
v -16 7 -10
v -16 6 -9
v -16 7 -9
v -16 6 -8
v -16 7 -8
v -16 6 -7
v -16 7 -7
v -16 6 -6
v -16 7 -6
v -16 6 -5
v -16 7 -5
v -16 6 -4
v -16 7 -4
v -16 6 -3
v -16 7 -3
v -16 6 -2
v -16 7 -2
v -16 6 -1
v -16 7 -1
v -16 0 0
v -16 0 -1
v -16 1 -1
v -16 2 -1
v -16 1 0
v -16 2 0
v -16 3 -1
v -16 3 0
v -16 4 -1
v -16 4 0
v -16 5 -1
v -16 5 0
v -16 6 0
v -16 8 -1
v -16 7 0
v -16 8 0
v -16 9 -1
v -16 9 0
v -16 10 -1
v -16 10 0
v -16 0 1
v -16 1 1
v -16 6 1
v -16 7 1
v -16 9 1
v -16 10 1
v -16 0 2
v -16 1 2
v -16 6 2
v -16 7 2
v -16 9 2
v -16 10 2
v -16 0 3
v -16 1 3
v -16 6 3
v -16 7 3
v -16 9 3
v -16 10 3
v -16 0 4
v -16 1 4
v -16 6 4
v -16 7 4
v -16 9 4
v -16 10 4
v -16 0 5
v -16 1 5
v -16 6 5
v -16 7 5
v -16 9 5
v -16 10 5
v -16 0 6
v -16 1 6
v -16 6 6
v -16 7 6
v -16 9 6
v -16 10 6
v -16 0 7
v -16 1 7
v -16 6 7
v -16 7 7
v -16 9 7
v -16 10 7
v -16 0 8
v -16 1 8
v -16 6 8
v -16 7 8
v -16 9 8
v -16 10 8
v -16 0 9
v -16 1 9
v -16 6 9
v -16 7 9
v -16 9 9
v -16 10 9
v -16 0 10
v -16 1 10
v -16 6 10
v -16 7 10
v -16 9 10
v -16 10 10
v -16 0 11
v -16 1 11
v -16 6 11
v -16 7 11
v -16 9 11
v -16 10 11
v -16 0 12
v -16 1 12
v -16 6 12
v -16 7 12
v -16 9 12
v -16 10 12
v -16 0 13
v -16 1 13
v -16 6 13
v -16 7 13
v -16 9 13
v -16 10 13
v -16 0 14
v -16 1 14
v -16 6 14
v -16 7 14
v -16 9 14
v -16 10 14
v -16 0 15
v -16 1 15
v -16 2 14
v -16 2 15
v -16 3 14
v -16 3 15
v -16 4 14
v -16 4 15
v -16 5 14
v -16 5 15
v -16 6 15
v -16 8 14
v -16 7 15
v -16 8 15
v -16 9 15
v -16 10 15
v -16 6 16
v -16 7 16
v -15 6 -15
v -15 6 -16
v -15 7 -16
v -15 7 -15
v -15 6 -14
v -15 7 -14
v -15 6 -13
v -15 7 -13
v -15 6 -12
v -15 7 -12
v -15 6 -11
v -15 7 -11
v -15 6 -10
v -15 7 -10
v -15 6 -9
v -15 7 -9
v -15 6 -8
v -15 7 -8
v -15 6 -7
v -15 7 -7
v -15 6 -6
v -15 7 -6
v -15 6 -5
v -15 7 -5
v -15 6 -4
v -15 7 -4
v -15 6 -3
v -15 7 -3
v -15 6 -2
v -15 7 -2
v -15 6 -1
v -15 7 -1
v -15 0 0
v -15 0 -1
v -15 1 -1
v -15 2 -1
v -15 1 0
v -15 2 0
v -15 3 -1
v -15 3 0
v -15 4 -1
v -15 4 0
v -15 5 -1
v -15 5 0
v -15 6 0
v -15 8 -1
v -15 7 0
v -15 8 0
v -15 9 -1
v -15 9 0
v -15 10 -1
v -15 10 0
v -15 0 1
v -15 1 1
v -15 6 1
v -15 7 1
v -15 9 1
v -15 10 1
v -15 0 2
v -15 1 2
v -15 6 2
v -15 7 2
v -15 9 2
v -15 10 2
v -15 0 3
v -15 1 3
v -15 6 3
v -15 7 3
v -15 9 3
v -15 10 3
v -15 0 4
v -15 1 4
v -15 6 4
v -15 7 4
v -15 9 4
v -15 10 4
v -15 0 5
v -15 1 5
v -15 6 5
v -15 7 5
v -15 9 5
v -15 10 5
v -15 0 6
v -15 1 6
v -15 6 6
v -15 7 6
v -15 9 6
v -15 10 6
v -15 0 7
v -15 1 7
v -15 6 7
v -15 7 7
v -15 9 7
v -15 10 7
v -15 0 8
v -15 1 8
v -15 6 8
v -15 7 8
v -15 9 8
v -15 10 8
v -15 0 9
v -15 1 9
v -15 6 9
v -15 7 9
v -15 9 9
v -15 10 9
v -15 0 10
v -15 1 10
v -15 6 10
v -15 7 10
v -15 9 10
v -15 10 10
v -15 0 11
v -15 1 11
v -15 6 11
v -15 7 11
v -15 9 11
v -15 10 11
v -15 0 12
v -15 1 12
v -15 6 12
v -15 7 12
v -15 9 12
v -15 10 12
v -15 0 13
v -15 1 13
v -15 6 13
v -15 7 13
v -15 9 13
v -15 10 13
v -15 0 14
v -15 1 14
v -15 6 14
v -15 7 14
v -15 9 14
v -15 10 14
v -15 0 15
v -15 1 15
v -15 2 14
v -15 2 15
v -15 3 14
v -15 3 15
v -15 4 14
v -15 4 15
v -15 5 14
v -15 5 15
v -15 6 15
v -15 8 14
v -15 7 15
v -15 8 15
v -15 9 15
v -15 10 15
v -15 6 16
v -15 7 16
v -14 6 -15
v -14 6 -16
v -14 7 -16
v -14 7 -15
v -14 6 -14
v -14 7 -14
v -14 6 -13
v -14 7 -13
v -14 6 -12
v -14 7 -12
v -14 6 -11
v -14 7 -11
v -14 6 -10
v -14 7 -10
v -14 6 -9
v -14 7 -9
v -14 6 -8
v -14 7 -8
v -14 6 -7
v -14 7 -7
v -14 6 -6
v -14 7 -6
v -14 6 -5
v -14 7 -5
v -14 6 -4
v -14 7 -4
v -14 6 -3
v -14 7 -3
v -14 6 -2
v -14 7 -2
v -14 6 -1
v -14 7 -1
v -14 0 0
v -14 0 -1
v -14 1 -1
v -14 2 -1
v -14 1 0
v -14 2 0
v -14 3 -1
v -14 3 0
v -14 4 -1
v -14 4 0
v -14 5 -1
v -14 5 0
v -14 6 0
v -14 8 -1
v -14 7 0
v -14 8 0
v -14 9 -1
v -14 9 0
v -14 10 -1
v -14 10 0
v -14 0 1
v -14 1 1
v -14 6 1
v -14 7 1
v -14 9 1
v -14 10 1
v -14 0 2
v -14 1 2
v -14 6 2
v -14 7 2
v -14 9 2
v -14 10 2
v -14 0 3
v -14 1 3
v -14 6 3
v -14 7 3
v -14 9 3
v -14 10 3
v -14 0 4
v -14 1 4
v -14 6 4
v -14 7 4
v -14 9 4
v -14 10 4
v -14 0 5
v -14 1 5
v -14 6 5
v -14 7 5
v -14 9 5
v -14 10 5
v -14 0 6
v -14 1 6
v -14 6 6
v -14 7 6
v -14 9 6
v -14 10 6
v -14 0 7
v -14 1 7
v -14 6 7
v -14 7 7
v -14 9 7
v -14 10 7
v -14 0 8
v -14 1 8
v -14 6 8
v -14 7 8
v -14 9 8
v -14 10 8
v -14 0 9
v -14 1 9
v -14 6 9
v -14 7 9
v -14 9 9
v -14 10 9
v -14 0 10
v -14 1 10
v -14 6 10
v -14 7 10
v -14 9 10
v -14 10 10
v -14 0 11
v -14 1 11
v -14 6 11
v -14 7 11
v -14 9 11
v -14 10 11
v -14 0 12
v -14 1 12
v -14 6 12
v -14 7 12
v -14 9 12
v -14 10 12
v -14 0 13
v -14 1 13
v -14 6 13
v -14 7 13
v -14 9 13
v -14 10 13
v -14 0 14
v -14 1 14
v -14 6 14
v -14 7 14
v -14 9 14
v -14 10 14
v -14 0 15
v -14 1 15
v -14 2 14
v -14 2 15
v -14 3 14
v -14 3 15
v -14 4 14
v -14 4 15
v -14 5 14
v -14 5 15
v -14 6 15
v -14 8 14
v -14 7 15
v -14 8 15
v -14 9 15
v -14 10 15
v -14 6 16
v -14 7 16
v -13 6 -15
v -13 6 -16
v -13 7 -16
v -13 7 -15
v -13 6 -14
v -13 7 -14
v -13 6 -13
v -13 7 -13
v -13 6 -12
v -13 7 -12
v -13 6 -11
v -13 7 -11
v -13 6 -10
v -13 7 -10
v -13 6 -9
v -13 7 -9
v -13 6 -8
v -13 7 -8
v -13 6 -7
v -13 7 -7
v -13 6 -6
v -13 7 -6
v -13 6 -5
v -13 7 -5
v -13 6 -4
v -13 7 -4
v -13 6 -3
v -13 7 -3
v -13 6 -2
v -13 7 -2
v -13 6 -1
v -13 7 -1
v -13 0 0
v -13 0 -1
v -13 1 -1
v -13 2 -1
v -13 1 0
v -13 2 0
v -13 3 -1
v -13 3 0
v -13 4 -1
v -13 4 0
v -13 5 -1
v -13 5 0
v -13 6 0
v -13 8 -1
v -13 7 0
v -13 8 0
v -13 9 -1
v -13 9 0
v -13 10 -1
v -13 10 0
v -13 0 1
v -13 1 1
v -13 6 1
v -13 7 1
v -13 9 1
v -13 10 1
v -13 0 2
v -13 1 2
v -13 6 2
v -13 7 2
v -13 9 2
v -13 10 2
v -13 0 3
v -13 1 3
v -13 6 3
v -13 7 3
v -13 9 3
v -13 10 3
v -13 0 4
v -13 1 4
v -13 6 4
v -13 7 4
v -13 9 4
v -13 10 4
v -13 0 5
v -13 1 5
v -13 6 5
v -13 7 5
v -13 9 5
v -13 10 5
v -13 0 6
v -13 1 6
v -13 6 6
v -13 7 6
v -13 9 6
v -13 10 6
v -13 0 7
v -13 1 7
v -13 6 7
v -13 7 7
v -13 9 7
v -13 10 7
v -13 0 8
v -13 1 8
v -13 6 8
v -13 7 8
v -13 9 8
v -13 10 8
v -13 0 9
v -13 1 9
v -13 6 9
v -13 7 9
v -13 9 9
v -13 10 9
v -13 0 10
v -13 1 10
v -13 6 10
v -13 7 10
v -13 9 10
v -13 10 10
v -13 0 11
v -13 1 11
v -13 6 11
v -13 7 11
v -13 9 11
v -13 10 11
v -13 0 12
v -13 1 12
v -13 6 12
v -13 7 12
v -13 9 12
v -13 10 12
v -13 0 13
v -13 1 13
v -13 6 13
v -13 7 13
v -13 9 13
v -13 10 13
v -13 0 14
v -13 1 14
v -13 6 14
v -13 7 14
v -13 9 14
v -13 10 14
v -13 0 15
v -13 1 15
v -13 2 14
v -13 2 15
v -13 3 14
v -13 3 15
v -13 4 14
v -13 4 15
v -13 5 14
v -13 5 15
v -13 6 15
v -13 8 14
v -13 7 15
v -13 8 15
v -13 9 15
v -13 10 15
v -13 6 16
v -13 7 16
v -12 6 -15
v -12 6 -16
v -12 7 -16
v -12 7 -15
v -12 6 -14
v -12 7 -14
v -12 6 -13
v -12 7 -13
v -12 6 -12
v -12 7 -12
v -12 6 -11
v -12 7 -11
v -12 6 -10
v -12 7 -10
v -12 6 -9
v -12 7 -9
v -12 6 -8
v -12 7 -8
v -12 6 -7
v -12 7 -7
v -12 6 -6
v -12 7 -6
v -12 6 -5
v -12 7 -5
v -12 6 -4
v -12 7 -4
v -12 6 -3
v -12 7 -3
v -12 6 -2
v -12 7 -2
v -12 6 -1
v -12 7 -1
v -12 0 0
v -12 0 -1
v -12 1 -1
v -12 2 -1
v -12 1 0
v -12 2 0
v -12 3 -1
v -12 3 0
v -12 4 -1
v -12 4 0
v -12 5 -1
v -12 5 0
v -12 6 0
v -12 8 -1
v -12 7 0
v -12 8 0
v -12 9 -1
v -12 9 0
v -12 10 -1
v -12 10 0
v -12 0 1
v -12 1 1
v -12 6 1
v -12 7 1
v -12 9 1
v -12 10 1
v -12 0 2
v -12 1 2
v -12 6 2
v -12 7 2
v -12 9 2
v -12 10 2
v -12 0 3
v -12 1 3
v -12 6 3
v -12 7 3
v -12 9 3
v -12 10 3
v -12 0 4
v -12 1 4
v -12 6 4
v -12 7 4
v -12 9 4
v -12 10 4
v -12 0 5
v -12 1 5
v -12 6 5
v -12 7 5
v -12 9 5
v -12 10 5
v -12 0 6
v -12 1 6
v -12 6 6
v -12 7 6
v -12 9 6
v -12 10 6
v -12 0 7
v -12 1 7
v -12 6 7
v -12 7 7
v -12 9 7
v -12 10 7
v -12 0 8
v -12 1 8
v -12 6 8
v -12 7 8
v -12 9 8
v -12 10 8
v -12 0 9
v -12 1 9
v -12 6 9
v -12 7 9
v -12 9 9
v -12 10 9
v -12 0 10
v -12 1 10
v -12 6 10
v -12 7 10
v -12 9 10
v -12 10 10
v -12 0 11
v -12 1 11
v -12 6 11
v -12 7 11
v -12 9 11
v -12 10 11
v -12 0 12
v -12 1 12
v -12 6 12
v -12 7 12
v -12 9 12
v -12 10 12
v -12 0 13
v -12 1 13
v -12 6 13
v -12 7 13
v -12 9 13
v -12 10 13
v -12 0 14
v -12 1 14
v -12 6 14
v -12 7 14
v -12 9 14
v -12 10 14
v -12 0 15
v -12 1 15
v -12 2 14
v -12 2 15
v -12 3 14
v -12 3 15
v -12 4 14
v -12 4 15
v -12 5 14
v -12 5 15
v -12 6 15
v -12 8 14
v -12 7 15
v -12 8 15
v -12 9 15
v -12 10 15
v -12 6 16
v -12 7 16
v -11 6 -15
v -11 6 -16
v -11 7 -16
v -11 7 -15
v -11 6 -14
v -11 7 -14
v -11 6 -13
v -11 7 -13
v -11 6 -12
v -11 7 -12
v -11 6 -11
v -11 7 -11
v -11 6 -10
v -11 7 -10
v -11 6 -9
v -11 7 -9
v -11 6 -8
v -11 7 -8
v -11 6 -7
v -11 7 -7
v -11 6 -6
v -11 7 -6
v -11 6 -5
v -11 7 -5
v -11 6 -4
v -11 7 -4
v -11 6 -3
v -11 7 -3
v -11 6 -2
v -11 7 -2
v -11 6 -1
v -11 7 -1
v -11 0 0
v -11 0 -1
v -11 1 -1
v -11 2 -1
v -11 1 0
v -11 2 0
v -11 3 -1
v -11 3 0
v -11 4 -1
v -11 4 0
v -11 5 -1
v -11 5 0
v -11 6 0
v -11 8 -1
v -11 7 0
v -11 8 0
v -11 9 -1
v -11 9 0
v -11 10 -1
v -11 10 0
v -11 0 1
v -11 1 1
v -11 6 1
v -11 7 1
v -11 9 1
v -11 10 1
v -11 0 2
v -11 1 2
v -11 6 2
v -11 7 2
v -11 9 2
v -11 10 2
v -11 0 3
v -11 1 3
v -11 6 3
v -11 7 3
v -11 9 3
v -11 10 3
v -11 0 4
v -11 1 4
v -11 6 4
v -11 7 4
v -11 9 4
v -11 10 4
v -11 0 5
v -11 1 5
v -11 6 5
v -11 7 5
v -11 9 5
v -11 10 5
v -11 0 6
v -11 1 6
v -11 6 6
v -11 7 6
v -11 9 6
v -11 10 6
v -11 0 7
v -11 1 7
v -11 6 7
v -11 7 7
v -11 9 7
v -11 10 7
v -11 0 8
v -11 1 8
v -11 6 8
v -11 7 8
v -11 9 8
v -11 10 8
v -11 0 9
v -11 1 9
v -11 6 9
v -11 7 9
v -11 9 9
v -11 10 9
v -11 0 10
v -11 1 10
v -11 6 10
v -11 7 10
v -11 9 10
v -11 10 10
v -11 0 11
v -11 1 11
v -11 6 11
v -11 7 11
v -11 9 11
v -11 10 11
v -11 0 12
v -11 1 12
v -11 6 12
v -11 7 12
v -11 9 12
v -11 10 12
v -11 0 13
v -11 1 13
v -11 6 13
v -11 7 13
v -11 9 13
v -11 10 13
v -11 0 14
v -11 1 14
v -11 6 14
v -11 7 14
v -11 9 14
v -11 10 14
v -11 0 15
v -11 1 15
v -11 2 14
v -11 2 15
v -11 3 14
v -11 3 15
v -11 4 14
v -11 4 15
v -11 5 14
v -11 5 15
v -11 6 15
v -11 8 14
v -11 7 15
v -11 8 15
v -11 9 15
v -11 10 15
v -11 6 16
v -11 7 16
v -10 6 -15
v -10 6 -16
v -10 7 -16
v -10 7 -15
v -10 6 -14
v -10 7 -14
v -10 6 -13
v -10 7 -13
v -10 6 -12
v -10 7 -12
v -10 6 -11
v -10 7 -11
v -10 6 -10
v -10 7 -10
v -10 6 -9
v -10 7 -9
v -10 6 -8
v -10 7 -8
v -10 6 -7
v -10 7 -7
v -10 6 -6
v -10 7 -6
v -10 6 -5
v -10 7 -5
v -10 6 -4
v -10 7 -4
v -10 6 -3
v -10 7 -3
v -10 6 -2
v -10 7 -2
v -10 6 -1
v -10 7 -1
v -10 0 0
v -10 0 -1
v -10 1 -1
v -10 2 -1
v -10 1 0
v -10 2 0
v -10 3 -1
v -10 3 0
v -10 4 -1
v -10 4 0
v -10 5 -1
v -10 5 0
v -10 6 0
v -10 8 -1
v -10 7 0
v -10 8 0
v -10 9 -1
v -10 9 0
v -10 10 -1
v -10 10 0
v -10 0 1
v -10 1 1
v -10 6 1
v -10 7 1
v -10 9 1
v -10 10 1
v -10 0 2
v -10 1 2
v -10 6 2
v -10 7 2
v -10 9 2
v -10 10 2
v -10 0 3
v -10 1 3
v -10 6 3
v -10 7 3
v -10 9 3
v -10 10 3
v -10 0 4
v -10 1 4
v -10 6 4
v -10 7 4
v -10 9 4
v -10 10 4
v -10 0 5
v -10 1 5
v -10 6 5
v -10 7 5
v -10 9 5
v -10 10 5
v -10 0 6
v -10 1 6
v -10 6 6
v -10 7 6
v -10 9 6
v -10 10 6
v -10 0 7
v -10 1 7
v -10 6 7
v -10 7 7
v -10 9 7
v -10 10 7
v -10 0 8
v -10 1 8
v -10 6 8
v -10 7 8
v -10 9 8
v -10 10 8
v -10 0 9
v -10 1 9
v -10 6 9
v -10 7 9
v -10 9 9
v -10 10 9
v -10 0 10
v -10 1 10
v -10 6 10
v -10 7 10
v -10 9 10
v -10 10 10
v -10 0 11
v -10 1 11
v -10 6 11
v -10 7 11
v -10 9 11
v -10 10 11
v -10 0 12
v -10 1 12
v -10 6 12
v -10 7 12
v -10 9 12
v -10 10 12
v -10 0 13
v -10 1 13
v -10 6 13
v -10 7 13
v -10 9 13
v -10 10 13
v -10 0 14
v -10 1 14
v -10 6 14
v -10 7 14
v -10 9 14
v -10 10 14
v -10 0 15
v -10 1 15
v -10 2 14
v -10 2 15
v -10 3 14
v -10 3 15
v -10 4 14
v -10 4 15
v -10 5 14
v -10 5 15
v -10 6 15
v -10 8 14
v -10 7 15
v -10 8 15
v -10 9 15
v -10 10 15
v -10 6 16
v -10 7 16
v -9 6 -15
v -9 6 -16
v -9 7 -16
v -9 7 -15
v -9 6 -14
v -9 7 -14
v -9 6 -13
v -9 7 -13
v -9 6 -12
v -9 7 -12
v -9 6 -11
v -9 7 -11
v -9 6 -10
v -9 7 -10
v -9 6 -9
v -9 7 -9
v -9 6 -8
v -9 7 -8
v -9 6 -7
v -9 7 -7
v -9 6 -6
v -9 7 -6
v -9 6 -5
v -9 7 -5
v -9 6 -4
v -9 7 -4
v -9 6 -3
v -9 7 -3
v -9 6 -2
v -9 7 -2
v -9 6 -1
v -9 7 -1
v -9 0 0
v -9 0 -1
v -9 1 -1
v -9 2 -1
v -9 1 0
v -9 2 0
v -9 3 -1
v -9 3 0
v -9 4 -1
v -9 4 0
v -9 5 -1
v -9 5 0
v -9 6 0
v -9 8 -1
v -9 7 0
v -9 8 0
v -9 9 -1
v -9 9 0
v -9 10 -1
v -9 10 0
v -9 0 1
v -9 1 1
v -9 6 1
v -9 7 1
v -9 9 1
v -9 10 1
v -9 0 2
v -9 1 2
v -9 6 2
v -9 7 2
v -9 9 2
v -9 10 2
v -9 0 3
v -9 1 3
v -9 6 3
v -9 7 3
v -9 9 3
v -9 10 3
v -9 0 4
v -9 1 4
v -9 6 4
v -9 7 4
v -9 9 4
v -9 10 4
v -9 0 5
v -9 1 5
v -9 6 5
v -9 7 5
v -9 9 5
v -9 10 5
v -9 0 6
v -9 1 6
v -9 6 6
v -9 7 6
v -9 9 6
v -9 10 6
v -9 0 7
v -9 1 7
v -9 6 7
v -9 7 7
v -9 9 7
v -9 10 7
v -9 0 8
v -9 1 8
v -9 6 8
v -9 7 8
v -9 9 8
v -9 10 8
v -9 0 9
v -9 1 9
v -9 6 9
v -9 7 9
v -9 9 9
v -9 10 9
v -9 0 10
v -9 1 10
v -9 6 10
v -9 7 10
v -9 9 10
v -9 10 10
v -9 0 11
v -9 1 11
v -9 6 11
v -9 7 11
v -9 9 11
v -9 10 11
v -9 0 12
v -9 1 12
v -9 6 12
v -9 7 12
v -9 9 12
v -9 10 12
v -9 0 13
v -9 1 13
v -9 6 13
v -9 7 13
v -9 9 13
v -9 10 13
v -9 0 14
v -9 1 14
v -9 6 14
v -9 7 14
v -9 9 14
v -9 10 14
v -9 0 15
v -9 1 15
v -9 2 14
v -9 2 15
v -9 3 14
v -9 3 15
v -9 4 14
v -9 4 15
v -9 5 14
v -9 5 15
v -9 6 15
v -9 8 14
v -9 7 15
v -9 8 15
v -9 9 15
v -9 10 15
v -9 6 16
v -9 7 16
v -8 6 -15
v -8 6 -16
v -8 7 -16
v -8 7 -15
v -8 6 -14
v -8 7 -14
v -8 6 -13
v -8 7 -13
v -8 6 -12
v -8 7 -12
v -8 6 -11
v -8 7 -11
v -8 6 -10
v -8 7 -10
v -8 6 -9
v -8 7 -9
v -8 6 -8
v -8 7 -8
v -8 6 -7
v -8 7 -7
v -8 6 -6
v -8 7 -6
v -8 6 -5
v -8 7 -5
v -8 6 -4
v -8 7 -4
v -8 6 -3
v -8 7 -3
v -8 6 -2
v -8 7 -2
v -8 6 -1
v -8 7 -1
v -8 0 0
v -8 0 -1
v -8 1 -1
v -8 2 -1
v -8 1 0
v -8 2 0
v -8 3 -1
v -8 3 0
v -8 4 -1
v -8 4 0
v -8 5 -1
v -8 5 0
v -8 6 0
v -8 8 -1
v -8 7 0
v -8 8 0
v -8 9 -1
v -8 9 0
v -8 10 -1
v -8 10 0
v -8 0 1
v -8 1 1
v -8 6 1
v -8 7 1
v -8 9 1
v -8 10 1
v -8 0 2
v -8 1 2
v -8 6 2
v -8 7 2
v -8 9 2
v -8 10 2
v -8 0 3
v -8 1 3
v -8 6 3
v -8 7 3
v -8 9 3
v -8 10 3
v -8 0 4
v -8 1 4
v -8 6 4
v -8 7 4
v -8 9 4
v -8 10 4
v -8 0 5
v -9 2 5
v -9 2 4
v -8 2 4
v -9 3 5
v -9 3 4
v -8 3 4
v -9 4 5
v -9 4 4
v -8 4 4
v -8 4 5
v -8 6 5
v -8 7 5
v -8 9 5
v -8 10 5
v -8 0 6
v -9 2 6
v -8 1 6
v -8 2 6
v -9 3 6
v -8 3 6
v -9 4 6
v -8 4 6
v -9 5 6
v -9 5 5
v -8 5 5
v -8 5 6
v -8 6 6
v -8 7 6
v -8 9 6
v -8 10 6
v -8 0 7
v -8 1 7
v -9 4 7
v -9 5 7
v -8 4 7
v -8 5 7
v -8 6 7
v -8 7 7
v -8 9 7
v -8 10 7
v -8 0 8
v -8 1 8
v -9 4 8
v -9 5 8
v -8 4 8
v -8 5 8
v -8 6 8
v -8 7 8
v -8 9 8
v -8 10 8
v -8 0 9
v -9 2 9
v -9 2 8
v -8 2 8
v -9 3 9
v -9 3 8
v -8 3 8
v -9 4 9
v -9 5 9
v -8 5 9
v -8 4 9
v -8 6 9
v -8 7 9
v -8 9 9
v -8 10 9
v -8 0 10
v -9 2 10
v -8 1 10
v -8 2 10
v -9 3 10
v -8 3 10
v -9 4 10
v -8 4 10
v -8 6 10
v -8 7 10
v -8 9 10
v -8 10 10
v -8 0 11
v -8 1 11
v -8 6 11
v -8 7 11
v -8 9 11
v -8 10 11
v -8 0 12
v -8 1 12
v -8 6 12
v -8 7 12
v -8 9 12
v -8 10 12
v -8 0 13
v -8 1 13
v -8 6 13
v -8 7 13
v -8 9 13
v -8 10 13
v -8 0 14
v -8 1 14
v -8 6 14
v -8 7 14
v -8 9 14
v -8 10 14
v -8 0 15
v -8 1 15
v -8 2 14
v -8 2 15
v -8 3 14
v -8 3 15
v -8 4 14
v -8 4 15
v -8 5 14
v -8 5 15
v -8 6 15
v -8 8 14
v -8 7 15
v -8 8 15
v -8 9 15
v -8 10 15
v -8 6 16
v -8 7 16
v -8 0 -16
v -8 0 -15
v -8 1 -15
v -8 1 -16
v -7 0 -15
v -7 0 -16
v -7 1 -16
v -8 2 -15
v -8 2 -16
v -7 2 -16
v -8 3 -15
v -8 3 -16
v -7 3 -16
v -8 4 -15
v -8 4 -16
v -7 4 -16
v -8 5 -15
v -8 5 -16
v -7 5 -16
v -7 6 -16
v -7 7 -16
v -8 8 -15
v -8 8 -16
v -7 8 -16
v -8 9 -15
v -8 9 -16
v -7 9 -16
v -8 10 -15
v -8 10 -16
v -7 10 -16
v -7 10 -15
v -8 0 -14
v -8 1 -14
v -7 0 -14
v -8 2 -14
v -7 1 -14
v -7 1 -15
v -7 2 -15
v -7 2 -14
v -8 3 -14
v -7 3 -15
v -7 3 -14
v -8 4 -14
v -7 4 -15
v -7 4 -14
v -8 5 -14
v -7 5 -15
v -7 5 -14
v -7 6 -15
v -7 6 -14
v -8 8 -14
v -7 7 -14
v -7 7 -15
v -7 8 -15
v -7 8 -14
v -8 9 -14
v -7 9 -15
v -7 9 -14
v -8 10 -14
v -7 10 -14
v -8 0 -13
v -8 1 -13
v -7 0 -13
v -8 2 -13
v -7 1 -13
v -7 2 -13
v -8 3 -13
v -7 3 -13
v -8 4 -13
v -7 4 -13
v -8 5 -13
v -7 5 -13
v -7 6 -13
v -8 8 -13
v -7 7 -13
v -7 8 -13
v -8 9 -13
v -7 9 -13
v -8 10 -13
v -7 10 -13
v -8 0 -12
v -8 1 -12
v -7 0 -12
v -8 2 -12
v -7 1 -12
v -7 2 -12
v -8 3 -12
v -7 3 -12
v -8 4 -12
v -7 4 -12
v -8 5 -12
v -7 5 -12
v -7 6 -12
v -8 8 -12
v -7 7 -12
v -7 8 -12
v -8 9 -12
v -7 9 -12
v -8 10 -12
v -7 10 -12
v -8 0 -11
v -8 1 -11
v -7 0 -11
v -8 2 -11
v -7 1 -11
v -7 2 -11
v -8 3 -11
v -7 3 -11
v -8 4 -11
v -7 4 -11
v -8 5 -11
v -7 5 -11
v -7 6 -11
v -8 8 -11
v -7 7 -11
v -7 8 -11
v -8 9 -11
v -7 9 -11
v -8 10 -11
v -7 10 -11
v -8 0 -10
v -8 1 -10
v -7 0 -10
v -8 2 -10
v -7 1 -10
v -7 2 -10
v -8 3 -10
v -7 3 -10
v -8 4 -10
v -7 4 -10
v -8 5 -10
v -7 5 -10
v -7 6 -10
v -8 8 -10
v -7 7 -10
v -7 8 -10
v -8 9 -10
v -7 9 -10
v -8 10 -10
v -7 10 -10
v -8 0 -9
v -8 1 -9
v -7 0 -9
v -8 2 -9
v -7 1 -9
v -7 2 -9
v -8 3 -9
v -7 3 -9
v -8 4 -9
v -7 4 -9
v -8 5 -9
v -7 5 -9
v -7 6 -9
v -8 8 -9
v -7 7 -9
v -7 8 -9
v -8 9 -9
v -7 9 -9
v -8 10 -9
v -7 10 -9
v -8 0 -8
v -8 1 -8
v -7 0 -8
v -8 2 -8
v -7 1 -8
v -7 2 -8
v -8 3 -8
v -7 3 -8
v -8 4 -8
v -7 4 -8
v -8 5 -8
v -7 5 -8
v -7 6 -8
v -8 8 -8
v -7 7 -8
v -7 8 -8
v -8 9 -8
v -7 9 -8
v -8 10 -8
v -7 10 -8
v -8 0 -7
v -8 1 -7
v -7 0 -7
v -8 2 -7
v -7 1 -7
v -7 2 -7
v -8 3 -7
v -7 3 -7
v -8 4 -7
v -7 4 -7
v -8 5 -7
v -7 5 -7
v -7 6 -7
v -8 8 -7
v -7 7 -7
v -7 8 -7
v -8 9 -7
v -7 9 -7
v -8 10 -7
v -7 10 -7
v -8 0 -6
v -8 1 -6
v -7 0 -6
v -8 2 -6
v -7 1 -6
v -7 2 -6
v -8 3 -6
v -7 3 -6
v -8 4 -6
v -7 4 -6
v -8 5 -6
v -7 5 -6
v -7 6 -6
v -8 8 -6
v -7 7 -6
v -7 8 -6
v -8 9 -6
v -7 9 -6
v -8 10 -6
v -7 10 -6
v -8 0 -5
v -8 1 -5
v -7 0 -5
v -8 2 -5
v -7 1 -5
v -7 2 -5
v -8 3 -5
v -7 3 -5
v -8 4 -5
v -7 4 -5
v -8 5 -5
v -7 5 -5
v -7 6 -5
v -8 8 -5
v -7 7 -5
v -7 8 -5
v -8 9 -5
v -7 9 -5
v -8 10 -5
v -7 10 -5
v -8 0 -4
v -8 1 -4
v -7 0 -4
v -8 2 -4
v -7 1 -4
v -7 2 -4
v -8 3 -4
v -7 3 -4
v -8 4 -4
v -7 4 -4
v -8 5 -4
v -7 5 -4
v -7 6 -4
v -8 8 -4
v -7 7 -4
v -7 8 -4
v -8 9 -4
v -7 9 -4
v -8 10 -4
v -7 10 -4
v -8 0 -3
v -8 1 -3
v -7 0 -3
v -8 2 -3
v -7 1 -3
v -7 2 -3
v -8 3 -3
v -7 3 -3
v -8 4 -3
v -7 4 -3
v -8 5 -3
v -7 5 -3
v -7 6 -3
v -8 8 -3
v -7 7 -3
v -7 8 -3
v -8 9 -3
v -7 9 -3
v -8 10 -3
v -7 10 -3
v -8 0 -2
v -8 1 -2
v -7 0 -2
v -8 2 -2
v -7 1 -2
v -7 2 -2
v -8 3 -2
v -7 3 -2
v -8 4 -2
v -7 4 -2
v -8 5 -2
v -7 5 -2
v -7 6 -2
v -8 8 -2
v -7 7 -2
v -7 8 -2
v -8 9 -2
v -7 9 -2
v -8 10 -2
v -7 10 -2
v -7 0 -1
v -7 1 -1
v -7 2 -1
v -7 3 -1
v -7 4 -1
v -7 5 -1
v -7 6 -1
v -7 7 -1
v -7 8 -1
v -7 9 -1
v -7 10 -1
v -7 0 0
v -7 10 0
v -7 0 1
v -8 2 1
v -7 1 1
v -7 1 0
v -7 2 0
v -7 2 1
v -8 3 1
v -7 3 0
v -7 3 1
v -8 4 1
v -7 4 0
v -7 4 1
v -8 5 1
v -7 5 0
v -7 5 1
v -7 6 0
v -7 6 1
v -8 8 1
v -7 7 1
v -7 7 0
v -7 8 0
v -7 8 1
v -7 9 0
v -7 9 1
v -7 10 1
v -7 0 2
v -8 2 2
v -7 1 2
v -7 2 2
v -8 3 2
v -7 3 2
v -8 4 2
v -7 4 2
v -8 5 2
v -7 5 2
v -7 6 2
v -8 8 2
v -7 7 2
v -7 8 2
v -7 9 2
v -7 10 2
v -7 0 3
v -8 2 3
v -7 1 3
v -7 2 3
v -8 3 3
v -7 3 3
v -8 4 3
v -7 4 3
v -8 5 3
v -7 5 3
v -7 6 3
v -8 8 3
v -7 7 3
v -7 8 3
v -7 9 3
v -7 10 3
v -7 0 4
v -7 1 4
v -7 2 4
v -7 3 4
v -7 4 4
v -8 5 4
v -7 5 4
v -7 6 4
v -8 8 4
v -7 7 4
v -7 8 4
v -7 9 4
v -7 10 4
v -7 0 5
v -7 1 5
v -7 2 5
v -7 3 5
v -7 4 5
v -7 5 5
v -7 6 5
v -8 8 5
v -7 7 5
v -7 8 5
v -7 9 5
v -7 10 5
v -7 0 6
v -7 1 6
v -7 2 6
v -7 3 6
v -7 4 6
v -7 5 6
v -7 6 6
v -8 8 6
v -7 7 6
v -7 8 6
v -7 9 6
v -7 10 6
v -7 0 7
v -7 1 7
v -7 4 7
v -7 5 7
v -7 6 7
v -8 8 7
v -7 7 7
v -7 8 7
v -7 9 7
v -7 10 7
v -7 0 8
v -7 1 8
v -7 4 8
v -7 5 8
v -7 6 8
v -8 8 8
v -7 7 8
v -7 8 8
v -7 9 8
v -7 10 8
v -7 0 9
v -7 2 8
v -7 1 9
v -7 2 9
v -7 3 8
v -7 3 9
v -7 4 9
v -7 5 9
v -7 6 9
v -8 8 9
v -7 7 9
v -7 8 9
v -7 9 9
v -7 10 9
v -7 0 10
v -7 1 10
v -7 2 10
v -7 3 10
v -7 4 10
v -8 5 10
v -7 5 10
v -7 6 10
v -8 8 10
v -7 7 10
v -7 8 10
v -7 9 10
v -7 10 10
v -7 0 11
v -8 2 11
v -7 1 11
v -7 2 11
v -8 3 11
v -7 3 11
v -8 4 11
v -7 4 11
v -8 5 11
v -7 5 11
v -7 6 11
v -8 8 11
v -7 7 11
v -7 8 11
v -7 9 11
v -7 10 11
v -7 0 12
v -8 2 12
v -7 1 12
v -7 2 12
v -8 3 12
v -7 3 12
v -8 4 12
v -7 4 12
v -8 5 12
v -7 5 12
v -7 6 12
v -8 8 12
v -7 7 12
v -7 8 12
v -7 9 12
v -7 10 12
v -7 0 13
v -8 2 13
v -7 1 13
v -7 2 13
v -8 3 13
v -7 3 13
v -8 4 13
v -7 4 13
v -8 5 13
v -7 5 13
v -7 6 13
v -8 8 13
v -7 7 13
v -7 8 13
v -7 9 13
v -7 10 13
v -7 0 14
v -7 1 14
v -7 2 14
v -7 3 14
v -7 4 14
v -7 5 14
v -7 6 14
v -7 10 14
v -7 0 15
v -7 1 15
v -7 2 15
v -7 3 15
v -7 4 15
v -7 5 15
v -7 6 15
v -7 7 15
v -7 8 15
v -7 9 15
v -7 10 15
v -7 6 16
v -7 7 16
v -6 0 -15
v -6 0 -16
v -6 1 -16
v -6 2 -16
v -6 1 -15
v -6 2 -15
v -6 3 -16
v -6 3 -15
v -6 4 -16
v -6 4 -15
v -6 5 -16
v -6 5 -15
v -6 6 -16
v -6 6 -15
v -6 7 -16
v -6 8 -16
v -6 7 -15
v -6 8 -15
v -6 9 -16
v -6 9 -15
v -6 10 -16
v -6 10 -15
v -6 0 -14
v -6 1 -14
v -6 6 -14
v -6 7 -14
v -6 9 -14
v -6 10 -14
v -6 0 -13
v -6 1 -13
v -6 6 -13
v -6 7 -13
v -6 9 -13
v -6 10 -13
v -6 0 -12
v -6 1 -12
v -6 6 -12
v -6 7 -12
v -6 9 -12
v -6 10 -12
v -6 0 -11
v -6 1 -11
v -6 6 -11
v -6 7 -11
v -6 9 -11
v -6 10 -11
v -6 0 -10
v -6 1 -10
v -6 6 -10
v -6 7 -10
v -6 9 -10
v -6 10 -10
v -6 0 -9
v -6 1 -9
v -6 6 -9
v -6 7 -9
v -6 9 -9
v -6 10 -9
v -6 0 -8
v -6 1 -8
v -6 6 -8
v -6 7 -8
v -6 9 -8
v -6 10 -8
v -6 0 -7
v -6 1 -7
v -6 6 -7
v -6 7 -7
v -6 9 -7
v -6 10 -7
v -6 0 -6
v -6 1 -6
v -6 6 -6
v -6 7 -6
v -6 9 -6
v -6 10 -6
v -6 0 -5
v -6 1 -5
v -6 6 -5
v -6 7 -5
v -6 9 -5
v -6 10 -5
v -6 0 -4
v -6 1 -4
v -6 6 -4
v -6 7 -4
v -6 9 -4
v -6 10 -4
v -6 0 -3
v -6 1 -3
v -6 6 -3
v -6 7 -3
v -6 9 -3
v -6 10 -3
v -6 0 -2
v -6 1 -2
v -6 6 -2
v -6 7 -2
v -6 9 -2
v -6 10 -2
v -6 0 -1
v -6 1 -1
v -6 6 -1
v -6 7 -1
v -6 9 -1
v -6 10 -1
v -6 0 0
v -6 2 -1
v -6 1 0
v -6 2 0
v -6 3 -1
v -6 3 0
v -6 4 -1
v -6 4 0
v -6 5 -1
v -6 5 0
v -6 6 0
v -6 8 -1
v -6 7 0
v -6 8 0
v -6 9 0
v -6 10 0
v -6 0 1
v -6 1 1
v -6 6 1
v -6 7 1
v -6 9 1
v -6 10 1
v -6 0 2
v -6 1 2
v -6 6 2
v -6 7 2
v -6 9 2
v -6 10 2
v -6 0 3
v -6 1 3
v -6 6 3
v -6 7 3
v -6 9 3
v -6 10 3
v -6 0 4
v -6 1 4
v -6 6 4
v -6 7 4
v -6 9 4
v -6 10 4
v -6 0 5
v -6 1 5
v -6 6 5
v -6 7 5
v -6 9 5
v -6 10 5
v -6 0 6
v -6 1 6
v -6 6 6
v -6 7 6
v -6 9 6
v -6 10 6
v -6 0 7
v -6 1 7
v -6 6 7
v -6 7 7
v -6 9 7
v -6 10 7
v -6 0 8
v -6 1 8
v -6 6 8
v -6 7 8
v -6 9 8
v -6 10 8
v -6 0 9
v -6 1 9
v -6 6 9
v -6 7 9
v -6 9 9
v -6 10 9
v -6 0 10
v -6 1 10
v -6 6 10
v -6 7 10
v -6 9 10
v -6 10 10
v -6 0 11
v -6 1 11
v -6 6 11
v -6 7 11
v -6 9 11
v -6 10 11
v -6 0 12
v -6 1 12
v -6 6 12
v -6 7 12
v -6 9 12
v -6 10 12
v -6 0 13
v -6 1 13
v -6 6 13
v -6 7 13
v -6 9 13
v -6 10 13
v -6 0 14
v -6 1 14
v -6 6 14
v -6 8 13
v -6 7 14
v -6 8 14
v -6 9 14
v -6 10 14
v -6 0 15
v -6 1 15
v -6 2 14
v -6 2 15
v -6 3 14
v -6 3 15
v -6 4 14
v -6 4 15
v -6 5 14
v -6 5 15
v -6 6 15
v -6 7 15
v -6 8 15
v -6 9 15
v -6 10 15
v -6 6 16
v -6 7 16
v -5 0 -15
v -5 0 -16
v -5 1 -16
v -5 2 -16
v -5 1 -15
v -5 2 -15
v -5 3 -16
v -5 3 -15
v -5 4 -16
v -5 4 -15
v -5 5 -16
v -5 5 -15
v -5 6 -16
v -5 6 -15
v -5 7 -16
v -5 8 -16
v -5 7 -15
v -5 8 -15
v -5 9 -16
v -5 9 -15
v -5 10 -16
v -5 10 -15
v -5 0 -14
v -5 1 -14
v -5 6 -14
v -5 7 -14
v -5 9 -14
v -5 10 -14
v -5 0 -13
v -5 1 -13
v -5 6 -13
v -5 7 -13
v -5 9 -13
v -5 10 -13
v -5 0 -12
v -5 1 -12
v -5 6 -12
v -5 7 -12
v -5 9 -12
v -5 10 -12
v -5 0 -11
v -5 1 -11
v -5 6 -11
v -5 7 -11
v -5 9 -11
v -5 10 -11
v -5 0 -10
v -5 1 -10
v -5 6 -10
v -5 7 -10
v -5 9 -10
v -5 10 -10
v -5 0 -9
v -5 1 -9
v -5 6 -9
v -5 7 -9
v -5 9 -9
v -5 10 -9
v -5 0 -8
v -5 1 -8
v -5 6 -8
v -5 7 -8
v -5 9 -8
v -5 10 -8
v -5 0 -7
v -5 1 -7
v -5 6 -7
v -5 7 -7
v -5 9 -7
v -5 10 -7
v -5 0 -6
v -5 1 -6
v -5 6 -6
v -5 7 -6
v -5 9 -6
v -5 10 -6
v -5 0 -5
v -5 1 -5
v -5 6 -5
v -5 7 -5
v -5 9 -5
v -5 10 -5
v -5 0 -4
v -5 1 -4
v -5 6 -4
v -5 7 -4
v -5 9 -4
v -5 10 -4
v -5 0 -3
v -5 1 -3
v -5 6 -3
v -5 7 -3
v -5 9 -3
v -5 10 -3
v -5 0 -2
v -5 1 -2
v -5 6 -2
v -5 7 -2
v -5 9 -2
v -5 10 -2
v -5 0 -1
v -5 1 -1
v -5 6 -1
v -5 7 -1
v -5 9 -1
v -5 10 -1
v -5 0 0
v -5 2 -1
v -5 1 0
v -5 2 0
v -5 3 -1
v -5 3 0
v -5 4 -1
v -5 4 0
v -5 5 -1
v -5 5 0
v -5 6 0
v -5 8 -1
v -5 7 0
v -5 8 0
v -5 9 0
v -5 10 0
v -5 0 1
v -5 1 1
v -5 6 1
v -5 7 1
v -5 9 1
v -5 10 1
v -5 0 2
v -5 1 2
v -5 6 2
v -5 7 2
v -5 9 2
v -5 10 2
v -5 0 3
v -5 1 3
v -5 6 3
v -5 7 3
v -5 9 3
v -5 10 3
v -5 0 4
v -5 1 4
v -5 6 4
v -5 7 4
v -5 9 4
v -5 10 4
v -5 0 5
v -5 1 5
v -5 6 5
v -5 7 5
v -5 9 5
v -5 10 5
v -5 0 6
v -5 1 6
v -5 6 6
v -5 7 6
v -5 9 6
v -5 10 6
v -5 0 7
v -5 1 7
v -5 6 7
v -5 7 7
v -5 9 7
v -5 10 7
v -5 0 8
v -5 1 8
v -5 6 8
v -5 7 8
v -5 9 8
v -5 10 8
v -5 0 9
v -5 1 9
v -5 6 9
v -5 7 9
v -5 9 9
v -5 10 9
v -5 0 10
v -5 1 10
v -5 6 10
v -5 7 10
v -5 9 10
v -5 10 10
v -5 0 11
v -5 1 11
v -5 6 11
v -5 7 11
v -5 9 11
v -5 10 11
v -5 0 12
v -5 1 12
v -5 6 12
v -5 7 12
v -5 9 12
v -5 10 12
v -5 0 13
v -5 1 13
v -5 6 13
v -5 7 13
v -5 9 13
v -5 10 13
v -5 0 14
v -5 1 14
v -5 6 14
v -5 7 14
v -5 9 14
v -5 10 14
v -5 0 15
v -5 1 15
v -5 2 14
v -5 2 15
v -5 3 14
v -5 3 15
v -5 4 14
v -5 4 15
v -5 5 14
v -5 5 15
v -5 6 15
v -5 8 14
v -5 7 15
v -5 8 15
v -5 9 15
v -5 10 15
v -5 6 16
v -5 7 16
v -4 0 -15
v -4 0 -16
v -4 1 -16
v -4 2 -16
v -4 1 -15
v -4 2 -15
v -4 3 -16
v -4 3 -15
v -4 4 -16
v -4 4 -15
v -4 5 -16
v -4 5 -15
v -4 6 -16
v -4 6 -15
v -4 7 -16
v -4 8 -16
v -4 7 -15
v -4 8 -15
v -4 9 -16
v -4 9 -15
v -4 10 -16
v -4 10 -15
v -4 0 -14
v -4 1 -14
v -4 6 -14
v -4 7 -14
v -4 9 -14
v -4 10 -14
v -4 0 -13
v -4 1 -13
v -4 6 -13
v -4 7 -13
v -4 9 -13
v -4 10 -13
v -4 0 -12
v -4 1 -12
v -4 6 -12
v -4 7 -12
v -4 9 -12
v -4 10 -12
v -4 0 -11
v -4 1 -11
v -4 6 -11
v -4 7 -11
v -4 9 -11
v -4 10 -11
v -4 0 -10
v -4 1 -10
v -4 6 -10
v -4 7 -10
v -4 9 -10
v -4 10 -10
v -4 0 -9
v -4 1 -9
v -4 6 -9
v -4 7 -9
v -4 9 -9
v -4 10 -9
v -4 0 -8
v -4 1 -8
v -4 6 -8
v -4 7 -8
v -4 9 -8
v -4 10 -8
v -4 0 -7
v -4 1 -7
v -4 6 -7
v -4 7 -7
v -4 9 -7
v -4 10 -7
v -4 0 -6
v -4 1 -6
v -4 6 -6
v -4 7 -6
v -4 9 -6
v -4 10 -6
v -4 0 -5
v -4 1 -5
v -4 6 -5
v -4 7 -5
v -4 9 -5
v -4 10 -5
v -4 0 -4
v -4 1 -4
v -4 6 -4
v -4 7 -4
v -4 9 -4
v -4 10 -4
v -4 0 -3
v -4 1 -3
v -4 6 -3
v -4 7 -3
v -4 9 -3
v -4 10 -3
v -4 0 -2
v -4 1 -2
v -4 6 -2
v -4 7 -2
v -4 9 -2
v -4 10 -2
v -4 0 -1
v -4 1 -1
v -4 6 -1
v -4 7 -1
v -4 9 -1
v -4 10 -1
v -4 0 0
v -4 2 -1
v -4 1 0
v -4 2 0
v -4 3 -1
v -4 3 0
v -4 4 -1
v -4 4 0
v -4 5 -1
v -4 5 0
v -4 6 0
v -4 8 -1
v -4 7 0
v -4 8 0
v -4 9 0
v -4 10 0
v -4 0 1
v -4 1 1
v -4 6 1
v -4 7 1
v -4 9 1
v -4 10 1
v -4 0 2
v -4 1 2
v -4 6 2
v -4 7 2
v -4 9 2
v -4 10 2
v -4 0 3
v -4 1 3
v -4 6 3
v -4 7 3
v -4 9 3
v -4 10 3
v -4 0 4
v -4 1 4
v -4 6 4
v -4 7 4
v -4 9 4
v -4 10 4
v -4 0 5
v -4 1 5
v -4 6 5
v -4 7 5
v -4 9 5
v -4 10 5
v -4 0 6
v -4 1 6
v -4 6 6
v -4 7 6
v -4 9 6
v -4 10 6
v -4 0 7
v -4 1 7
v -4 6 7
v -4 7 7
v -4 9 7
v -4 10 7
v -4 0 8
v -4 1 8
v -4 6 8
v -4 7 8
v -4 9 8
v -4 10 8
v -4 0 9
v -4 1 9
v -4 6 9
v -4 7 9
v -4 9 9
v -4 10 9
v -4 0 10
v -4 1 10
v -4 6 10
v -4 7 10
v -4 9 10
v -4 10 10
v -4 0 11
v -4 1 11
v -4 6 11
v -4 7 11
v -4 9 11
v -4 10 11
v -4 0 12
v -4 1 12
v -4 6 12
v -4 7 12
v -4 9 12
v -4 10 12
v -4 0 13
v -4 1 13
v -4 6 13
v -4 7 13
v -4 9 13
v -4 10 13
v -4 0 14
v -4 1 14
v -4 6 14
v -4 7 14
v -4 9 14
v -4 10 14
v -4 0 15
v -4 1 15
v -4 2 14
v -4 2 15
v -4 3 14
v -4 3 15
v -4 4 14
v -4 4 15
v -4 5 14
v -4 5 15
v -4 6 15
v -4 8 14
v -4 7 15
v -4 8 15
v -4 9 15
v -4 10 15
v -4 6 16
v -4 7 16
v -3 0 -15
v -3 0 -16
v -3 1 -16
v -3 2 -16
v -3 1 -15
v -3 2 -15
v -3 3 -16
v -3 3 -15
v -3 4 -16
v -3 4 -15
v -3 5 -16
v -3 5 -15
v -3 6 -16
v -3 6 -15
v -3 7 -16
v -3 8 -16
v -3 7 -15
v -3 8 -15
v -3 9 -16
v -3 9 -15
v -3 10 -16
v -3 10 -15
v -3 0 -14
v -3 1 -14
v -3 6 -14
v -3 7 -14
v -3 9 -14
v -3 10 -14
v -3 0 -13
v -3 1 -13
v -3 6 -13
v -3 7 -13
v -3 9 -13
v -3 10 -13
v -3 0 -12
v -3 1 -12
v -3 6 -12
v -3 7 -12
v -3 9 -12
v -3 10 -12
v -3 0 -11
v -3 1 -11
v -3 6 -11
v -3 7 -11
v -3 9 -11
v -3 10 -11
v -3 0 -10
v -3 1 -10
v -3 6 -10
v -3 7 -10
v -3 9 -10
v -3 10 -10
v -3 0 -9
v -3 1 -9
v -3 6 -9
v -3 7 -9
v -3 9 -9
v -3 10 -9
v -3 0 -8
v -3 1 -8
v -3 6 -8
v -3 7 -8
v -3 9 -8
v -3 10 -8
v -3 0 -7
v -3 1 -7
v -3 6 -7
v -3 7 -7
v -3 9 -7
v -3 10 -7
v -3 0 -6
v -3 1 -6
v -3 6 -6
v -3 7 -6
v -3 9 -6
v -3 10 -6
v -3 0 -5
v -3 1 -5
v -3 6 -5
v -3 7 -5
v -3 9 -5
v -3 10 -5
v -3 0 -4
v -3 1 -4
v -3 6 -4
v -3 7 -4
v -3 9 -4
v -3 10 -4
v -3 0 -3
v -3 1 -3
v -3 6 -3
v -3 7 -3
v -3 9 -3
v -3 10 -3
v -3 0 -2
v -3 1 -2
v -3 6 -2
v -3 7 -2
v -3 9 -2
v -3 10 -2
v -3 0 -1
v -3 1 -1
v -3 6 -1
v -3 7 -1
v -3 9 -1
v -3 10 -1
v -3 0 0
v -3 2 -1
v -3 1 0
v -3 2 0
v -3 3 -1
v -3 3 0
v -3 4 -1
v -3 4 0
v -3 5 -1
v -3 5 0
v -3 6 0
v -3 8 -1
v -3 7 0
v -3 8 0
v -3 9 0
v -3 10 0
v -3 0 1
v -3 1 1
v -3 6 1
v -3 7 1
v -3 9 1
v -3 10 1
v -3 0 2
v -3 1 2
v -3 6 2
v -3 7 2
v -3 9 2
v -3 10 2
v -3 0 3
v -3 1 3
v -3 6 3
v -3 7 3
v -3 9 3
v -3 10 3
v -3 0 4
v -3 1 4
v -3 6 4
v -3 7 4
v -3 9 4
v -3 10 4
v -3 0 5
v -3 1 5
v -3 6 5
v -3 7 5
v -3 9 5
v -3 10 5
v -3 0 6
v -3 1 6
v -3 6 6
v -3 7 6
v -3 9 6
v -3 10 6
v -3 0 7
v -3 1 7
v -3 6 7
v -3 7 7
v -3 9 7
v -3 10 7
v -3 0 8
v -3 1 8
v -3 6 8
v -3 7 8
v -3 9 8
v -3 10 8
v -3 0 9
v -3 1 9
v -3 6 9
v -3 7 9
v -3 9 9
v -3 10 9
v -3 0 10
v -3 1 10
v -3 6 10
v -3 7 10
v -3 9 10
v -3 10 10
v -3 0 11
v -3 1 11
v -3 6 11
v -3 7 11
v -3 9 11
v -3 10 11
v -3 0 12
v -3 1 12
v -3 6 12
v -3 7 12
v -3 9 12
v -3 10 12
v -3 0 13
v -3 1 13
v -3 6 13
v -3 7 13
v -3 9 13
v -3 10 13
v -3 0 14
v -3 1 14
v -3 6 14
v -3 7 14
v -3 9 14
v -3 10 14
v -3 0 15
v -3 1 15
v -3 2 14
v -3 2 15
v -3 3 14
v -3 3 15
v -3 4 14
v -3 4 15
v -3 5 14
v -3 5 15
v -3 6 15
v -3 8 14
v -3 7 15
v -3 8 15
v -3 9 15
v -3 10 15
v -3 6 16
v -3 7 16
v -2 0 -15
v -2 0 -16
v -2 1 -16
v -2 2 -16
v -2 1 -15
v -2 2 -15
v -2 3 -16
v -2 3 -15
v -2 4 -16
v -2 4 -15
v -2 5 -16
v -2 5 -15
v -2 6 -16
v -2 6 -15
v -2 7 -16
v -2 8 -16
v -2 7 -15
v -2 8 -15
v -2 9 -16
v -2 9 -15
v -2 10 -16
v -2 10 -15
v -2 0 -14
v -2 1 -14
v -2 6 -14
v -2 7 -14
v -2 9 -14
v -2 10 -14
v -2 0 -13
v -2 1 -13
v -2 6 -13
v -2 7 -13
v -2 9 -13
v -2 10 -13
v -2 0 -12
v -2 1 -12
v -2 6 -12
v -2 7 -12
v -2 9 -12
v -2 10 -12
v -2 0 -11
v -2 1 -11
v -2 6 -11
v -2 7 -11
v -2 9 -11
v -2 10 -11
v -2 0 -10
v -2 1 -10
v -2 6 -10
v -2 7 -10
v -2 9 -10
v -2 10 -10
v -2 0 -9
v -2 1 -9
v -2 6 -9
v -2 7 -9
v -2 9 -9
v -2 10 -9
v -2 0 -8
v -2 1 -8
v -2 6 -8
v -2 7 -8
v -2 9 -8
v -2 10 -8
v -2 0 -7
v -2 1 -7
v -2 6 -7
v -2 7 -7
v -2 9 -7
v -2 10 -7
v -2 0 -6
v -2 1 -6
v -2 6 -6
v -2 7 -6
v -2 9 -6
v -2 10 -6
v -2 0 -5
v -2 1 -5
v -2 6 -5
v -2 7 -5
v -2 9 -5
v -2 10 -5
v -2 0 -4
v -2 1 -4
v -2 6 -4
v -2 7 -4
v -2 9 -4
v -2 10 -4
v -2 0 -3
v -2 1 -3
v -2 6 -3
v -2 7 -3
v -2 9 -3
v -2 10 -3
v -2 0 -2
v -2 1 -2
v -2 6 -2
v -2 7 -2
v -2 9 -2
v -2 10 -2
v -2 0 -1
v -3 2 -2
v -2 2 -2
v -3 3 -2
v -2 3 -2
v -3 4 -2
v -2 4 -2
v -2 4 -1
v -2 6 -1
v -2 7 -1
v -2 9 -1
v -2 10 -1
v -2 0 0
v -2 1 0
v -2 2 0
v -2 3 0
v -2 4 0
v -2 5 -1
v -2 5 0
v -2 6 0
v -2 8 -1
v -2 7 0
v -2 8 0
v -2 9 0
v -2 10 0
v -2 0 1
v -2 1 1
v -2 6 1
v -2 7 1
v -2 9 1
v -2 10 1
v -2 0 2
v -2 1 2
v -2 6 2
v -2 7 2
v -2 9 2
v -2 10 2
v -2 0 3
v -2 1 3
v -2 6 3
v -2 7 3
v -2 9 3
v -2 10 3
v -2 0 4
v -2 1 4
v -2 6 4
v -2 7 4
v -2 9 4
v -2 10 4
v -2 0 5
v -2 1 5
v -2 6 5
v -2 7 5
v -2 9 5
v -2 10 5
v -2 0 6
v -2 1 6
v -2 6 6
v -2 7 6
v -2 9 6
v -2 10 6
v -2 0 7
v -2 1 7
v -2 6 7
v -2 7 7
v -2 9 7
v -2 10 7
v -2 0 8
v -2 1 8
v -2 6 8
v -2 7 8
v -2 9 8
v -2 10 8
v -2 0 9
v -2 1 9
v -2 6 9
v -2 7 9
v -2 9 9
v -2 10 9
v -2 0 10
v -2 1 10
v -2 6 10
v -2 7 10
v -2 9 10
v -2 10 10
v -2 0 11
v -2 1 11
v -2 6 11
v -2 7 11
v -2 9 11
v -2 10 11
v -2 0 12
v -2 1 12
v -2 6 12
v -2 7 12
v -2 9 12
v -2 10 12
v -2 0 13
v -2 1 13
v -2 6 13
v -2 7 13
v -2 9 13
v -2 10 13
v -2 0 14
v -3 2 13
v -2 2 13
v -3 3 13
v -2 3 13
v -3 4 13
v -2 4 13
v -2 4 14
v -2 6 14
v -2 7 14
v -2 9 14
v -2 10 14
v -2 0 15
v -2 1 15
v -2 2 15
v -2 3 15
v -2 4 15
v -2 5 14
v -2 5 15
v -2 6 15
v -2 8 14
v -2 7 15
v -2 8 15
v -2 9 15
v -2 10 15
v -2 6 16
v -2 7 16
v -1 0 -15
v -1 0 -16
v -1 1 -16
v -1 2 -16
v -1 1 -15
v -1 2 -15
v -1 3 -16
v -1 3 -15
v -1 4 -16
v -1 4 -15
v -1 5 -16
v -1 5 -15
v -1 6 -16
v -1 6 -15
v -1 7 -16
v -1 8 -16
v -1 7 -15
v -1 8 -15
v -1 9 -16
v -1 9 -15
v -1 10 -16
v -1 10 -15
v -1 0 -14
v -1 1 -14
v -1 6 -14
v -1 7 -14
v -1 9 -14
v -1 10 -14
v -1 0 -13
v -1 1 -13
v -1 6 -13
v -1 7 -13
v -1 9 -13
v -1 10 -13
v -1 0 -12
v -1 1 -12
v -1 6 -12
v -1 7 -12
v -1 9 -12
v -1 10 -12
v -1 0 -11
v -1 1 -11
v -1 6 -11
v -1 7 -11
v -1 9 -11
v -1 10 -11
v -1 0 -10
v -1 1 -10
v -1 6 -10
v -1 7 -10
v -1 9 -10
v -1 10 -10
v -1 0 -9
v -1 1 -9
v -1 6 -9
v -1 7 -9
v -1 9 -9
v -1 10 -9
v -1 0 -8
v -1 1 -8
v -1 6 -8
v -1 7 -8
v -1 9 -8
v -1 10 -8
v -1 0 -7
v -1 1 -7
v -1 6 -7
v -1 7 -7
v -1 9 -7
v -1 10 -7
v -1 0 -6
v -1 1 -6
v -1 6 -6
v -1 7 -6
v -1 9 -6
v -1 10 -6
v -1 0 -5
v -1 1 -5
v -1 6 -5
v -1 7 -5
v -1 9 -5
v -1 10 -5
v -1 0 -4
v -1 1 -4
v -1 6 -4
v -1 7 -4
v -1 9 -4
v -1 10 -4
v -1 0 -3
v -1 1 -3
v -1 6 -3
v -1 7 -3
v -1 9 -3
v -1 10 -3
v -1 0 -2
v -1 1 -2
v -1 6 -2
v -1 7 -2
v -1 9 -2
v -1 10 -2
v -1 0 -1
v -1 2 -2
v -1 1 -1
v -1 2 -1
v -1 3 -2
v -1 3 -1
v -1 4 -2
v -1 4 -1
v -2 5 -2
v -1 5 -2
v -1 5 -1
v -1 6 -1
v -1 7 -1
v -1 9 -1
v -1 10 -1
v -1 0 0
v -1 1 0
v -1 2 0
v -1 3 0
v -1 4 0
v -1 5 0
v -1 6 0
v -1 8 -1
v -1 7 0
v -1 8 0
v -1 9 0
v -1 10 0
v -1 0 1
v -1 1 1
v -1 6 1
v -1 7 1
v -1 9 1
v -1 10 1
v -1 0 2
v -1 1 2
v -1 6 2
v -1 7 2
v -1 9 2
v -1 10 2
v -1 0 3
v -1 1 3
v -1 6 3
v -1 7 3
v -1 9 3
v -1 10 3
v -1 0 4
v -1 1 4
v -1 6 4
v -1 7 4
v -1 9 4
v -1 10 4
v -1 0 5
v -1 1 5
v -1 6 5
v -1 7 5
v -1 9 5
v -1 10 5
v -1 0 6
v -1 1 6
v -1 6 6
v -1 7 6
v -1 9 6
v -1 10 6
v -1 0 7
v -1 1 7
v -1 6 7
v -1 7 7
v -1 9 7
v -1 10 7
v -1 0 8
v -1 1 8
v -1 6 8
v -1 7 8
v -1 9 8
v -1 10 8
v -1 0 9
v -1 1 9
v -1 6 9
v -1 7 9
v -1 9 9
v -1 10 9
v -1 0 10
v -1 1 10
v -1 6 10
v -1 7 10
v -1 9 10
v -1 10 10
v -1 0 11
v -1 1 11
v -1 6 11
v -1 7 11
v -1 9 11
v -1 10 11
v -1 0 12
v -1 1 12
v -1 6 12
v -1 7 12
v -1 9 12
v -1 10 12
v -1 0 13
v -1 1 13
v -1 6 13
v -1 7 13
v -1 9 13
v -1 10 13
v -1 0 14
v -1 2 13
v -1 1 14
v -1 2 14
v -1 3 13
v -1 3 14
v -1 4 13
v -1 4 14
v -2 5 13
v -1 5 13
v -1 5 14
v -1 6 14
v -1 7 14
v -1 9 14
v -1 10 14
v -1 0 15
v -1 1 15
v -1 2 15
v -1 3 15
v -1 4 15
v -1 5 15
v -1 6 15
v -1 8 14
v -1 7 15
v -1 8 15
v -1 9 15
v -1 10 15
v -1 6 16
v -1 7 16
v 0 0 -15
v 0 0 -16
v 0 1 -16
v 0 2 -16
v 0 1 -15
v 0 2 -15
v 0 3 -16
v 0 3 -15
v 0 4 -16
v 0 4 -15
v 0 5 -16
v 0 5 -15
v 0 6 -16
v 0 6 -15
v 0 7 -16
v 0 8 -16
v 0 7 -15
v 0 8 -15
v 0 9 -16
v 0 9 -15
v 0 10 -16
v 0 10 -15
v 0 0 -14
v 0 1 -14
v 0 6 -14
v 0 7 -14
v 0 9 -14
v 0 10 -14
v 0 0 -13
v 0 1 -13
v 0 6 -13
v 0 7 -13
v 0 9 -13
v 0 10 -13
v 0 0 -12
v 0 1 -12
v 0 6 -12
v 0 7 -12
v 0 9 -12
v 0 10 -12
v 0 0 -11
v 0 1 -11
v 0 6 -11
v 0 7 -11
v 0 9 -11
v 0 10 -11
v 0 0 -10
v 0 1 -10
v 0 6 -10
v 0 7 -10
v 0 9 -10
v 0 10 -10
v 0 0 -9
v 0 1 -9
v 0 6 -9
v 0 7 -9
v 0 9 -9
v 0 10 -9
v 0 0 -8
v 0 1 -8
v 0 6 -8
v 0 7 -8
v 0 9 -8
v 0 10 -8
v 0 0 -7
v 0 1 -7
v 0 6 -7
v 0 7 -7
v 0 9 -7
v 0 10 -7
v 0 0 -6
v 0 1 -6
v 0 6 -6
v 0 7 -6
v 0 9 -6
v 0 10 -6
v 0 0 -5
v 0 1 -5
v 0 6 -5
v 0 7 -5
v 0 9 -5
v 0 10 -5
v 0 0 -4
v 0 1 -4
v 0 6 -4
v 0 7 -4
v 0 9 -4
v 0 10 -4
v 0 0 -3
v 0 1 -3
v 0 6 -3
v 0 7 -3
v 0 9 -3
v 0 10 -3
v 0 0 -2
v 0 1 -2
v 0 6 -2
v 0 7 -2
v 0 9 -2
v 0 10 -2
v 0 0 -1
v 0 1 -1
v 0 4 -1
v 0 4 -2
v 0 5 -2
v 0 5 -1
v 0 6 -1
v 0 7 -1
v 0 9 -1
v 0 10 -1
v 0 0 0
v 0 1 0
v 0 4 0
v 0 5 0
v 0 6 0
v 0 8 -1
v 0 7 0
v 0 8 0
v 0 9 0
v 0 10 0
v 0 0 1
v 0 1 1
v 0 6 1
v 0 7 1
v 0 9 1
v 0 10 1
v 0 0 2
v 0 1 2
v 0 6 2
v 0 7 2
v 0 9 2
v 0 10 2
v 0 0 3
v 0 1 3
v 0 6 3
v 0 7 3
v 0 9 3
v 0 10 3
v 0 0 4
v 0 1 4
v 0 6 4
v 0 7 4
v 0 9 4
v 0 10 4
v 0 0 5
v 0 1 5
v 0 6 5
v 0 7 5
v 0 9 5
v 0 10 5
v 0 0 6
v 0 1 6
v 0 6 6
v 0 7 6
v 0 9 6
v 0 10 6
v 0 0 7
v 0 1 7
v 0 6 7
v 0 7 7
v 0 9 7
v 0 10 7
v 0 0 8
v 0 1 8
v 0 6 8
v 0 7 8
v 0 9 8
v 0 10 8
v 0 0 9
v 0 1 9
v 0 6 9
v 0 7 9
v 0 9 9
v 0 10 9
v 0 0 10
v 0 1 10
v 0 6 10
v 0 7 10
v 0 9 10
v 0 10 10
v 0 0 11
v 0 1 11
v 0 6 11
v 0 7 11
v 0 9 11
v 0 10 11
v 0 0 12
v 0 1 12
v 0 6 12
v 0 7 12
v 0 9 12
v 0 10 12
v 0 0 13
v 0 1 13
v 0 6 13
v 0 7 13
v 0 9 13
v 0 10 13
v 0 0 14
v 0 1 14
v 0 4 14
v 0 4 13
v 0 5 13
v 0 5 14
v 0 6 14
v 0 7 14
v 0 9 14
v 0 10 14
v 0 0 15
v 0 1 15
v 0 4 15
v 0 5 15
v 0 6 15
v 0 8 14
v 0 7 15
v 0 8 15
v 0 9 15
v 0 10 15
v 0 6 16
v 0 7 16
v 1 0 -15
v 1 0 -16
v 1 1 -16
v 1 2 -16
v 1 1 -15
v 1 2 -15
v 1 3 -16
v 1 3 -15
v 1 4 -16
v 1 4 -15
v 1 5 -16
v 1 5 -15
v 1 6 -16
v 1 6 -15
v 1 7 -16
v 1 8 -16
v 1 7 -15
v 1 8 -15
v 1 9 -16
v 1 9 -15
v 1 10 -16
v 1 10 -15
v 1 0 -14
v 1 1 -14
v 1 6 -14
v 1 7 -14
v 1 9 -14
v 1 10 -14
v 1 0 -13
v 1 1 -13
v 1 6 -13
v 1 7 -13
v 1 9 -13
v 1 10 -13
v 1 0 -12
v 1 1 -12
v 1 6 -12
v 1 7 -12
v 1 9 -12
v 1 10 -12
v 1 0 -11
v 1 1 -11
v 1 6 -11
v 1 7 -11
v 1 9 -11
v 1 10 -11
v 1 0 -10
v 1 1 -10
v 1 6 -10
v 1 7 -10
v 1 9 -10
v 1 10 -10
v 1 0 -9
v 1 1 -9
v 1 6 -9
v 1 7 -9
v 1 9 -9
v 1 10 -9
v 1 0 -8
v 1 1 -8
v 1 6 -8
v 1 7 -8
v 1 9 -8
v 1 10 -8
v 1 0 -7
v 1 1 -7
v 1 6 -7
v 1 7 -7
v 1 9 -7
v 1 10 -7
v 1 0 -6
v 1 1 -6
v 1 6 -6
v 1 7 -6
v 1 9 -6
v 1 10 -6
v 1 0 -5
v 1 1 -5
v 1 6 -5
v 1 7 -5
v 1 9 -5
v 1 10 -5
v 1 0 -4
v 1 1 -4
v 1 6 -4
v 1 7 -4
v 1 9 -4
v 1 10 -4
v 1 0 -3
v 1 1 -3
v 1 6 -3
v 1 7 -3
v 1 9 -3
v 1 10 -3
v 1 0 -2
v 1 1 -2
v 1 6 -2
v 1 7 -2
v 1 9 -2
v 1 10 -2
v 1 0 -1
v 1 1 -1
v 1 4 -1
v 1 4 -2
v 1 5 -2
v 1 5 -1
v 1 6 -1
v 1 7 -1
v 1 9 -1
v 1 10 -1
v 1 0 0
v 1 1 0
v 1 4 0
v 1 5 0
v 1 6 0
v 1 8 -1
v 1 7 0
v 1 8 0
v 1 9 0
v 1 10 0
v 1 0 1
v 1 1 1
v 1 6 1
v 1 7 1
v 1 9 1
v 1 10 1
v 1 0 2
v 1 1 2
v 1 6 2
v 1 7 2
v 1 9 2
v 1 10 2
v 1 0 3
v 1 1 3
v 1 6 3
v 1 7 3
v 1 9 3
v 1 10 3
v 1 0 4
v 1 1 4
v 1 6 4
v 1 7 4
v 1 9 4
v 1 10 4
v 1 0 5
v 1 1 5
v 1 6 5
v 1 7 5
v 1 9 5
v 1 10 5
v 1 0 6
v 1 1 6
v 1 6 6
v 1 7 6
v 1 9 6
v 1 10 6
v 1 0 7
v 1 1 7
v 1 6 7
v 1 7 7
v 1 9 7
v 1 10 7
v 1 0 8
v 1 1 8
v 1 6 8
v 1 7 8
v 1 9 8
v 1 10 8
v 1 0 9
v 1 1 9
v 1 6 9
v 1 7 9
v 1 9 9
v 1 10 9
v 1 0 10
v 1 1 10
v 1 6 10
v 1 7 10
v 1 9 10
v 1 10 10
v 1 0 11
v 1 1 11
v 1 6 11
v 1 7 11
v 1 9 11
v 1 10 11
v 1 0 12
v 1 1 12
v 1 6 12
v 1 7 12
v 1 9 12
v 1 10 12
v 1 0 13
v 1 1 13
v 1 6 13
v 1 7 13
v 1 9 13
v 1 10 13
v 1 0 14
v 1 1 14
v 1 4 14
v 1 4 13
v 1 5 13
v 1 5 14
v 1 6 14
v 1 7 14
v 1 9 14
v 1 10 14
v 1 0 15
v 1 1 15
v 1 4 15
v 1 5 15
v 1 6 15
v 1 8 14
v 1 7 15
v 1 8 15
v 1 9 15
v 1 10 15
v 1 6 16
v 1 7 16
v 2 0 -15
v 2 0 -16
v 2 1 -16
v 2 2 -16
v 2 1 -15
v 2 2 -15
v 2 3 -16
v 2 3 -15
v 2 4 -16
v 2 4 -15
v 2 5 -16
v 2 5 -15
v 2 6 -16
v 2 6 -15
v 2 7 -16
v 2 8 -16
v 2 7 -15
v 2 8 -15
v 2 9 -16
v 2 9 -15
v 2 10 -16
v 2 10 -15
v 2 0 -14
v 2 1 -14
v 2 6 -14
v 2 7 -14
v 2 9 -14
v 2 10 -14
v 2 0 -13
v 2 1 -13
v 2 6 -13
v 2 7 -13
v 2 9 -13
v 2 10 -13
v 2 0 -12
v 2 1 -12
v 2 6 -12
v 2 7 -12
v 2 9 -12
v 2 10 -12
v 2 0 -11
v 2 1 -11
v 2 6 -11
v 2 7 -11
v 2 9 -11
v 2 10 -11
v 2 0 -10
v 2 1 -10
v 2 6 -10
v 2 7 -10
v 2 9 -10
v 2 10 -10
v 2 0 -9
v 2 1 -9
v 2 6 -9
v 2 7 -9
v 2 9 -9
v 2 10 -9
v 2 0 -8
v 2 1 -8
v 2 6 -8
v 2 7 -8
v 2 9 -8
v 2 10 -8
v 2 0 -7
v 2 1 -7
v 2 6 -7
v 2 7 -7
v 2 9 -7
v 2 10 -7
v 2 0 -6
v 2 1 -6
v 2 6 -6
v 2 7 -6
v 2 9 -6
v 2 10 -6
v 2 0 -5
v 2 1 -5
v 2 6 -5
v 2 7 -5
v 2 9 -5
v 2 10 -5
v 2 0 -4
v 2 1 -4
v 2 6 -4
v 2 7 -4
v 2 9 -4
v 2 10 -4
v 2 0 -3
v 2 1 -3
v 2 6 -3
v 2 7 -3
v 2 9 -3
v 2 10 -3
v 2 0 -2
v 2 1 -2
v 2 6 -2
v 2 7 -2
v 2 9 -2
v 2 10 -2
v 2 0 -1
v 1 2 -1
v 1 2 -2
v 2 2 -2
v 1 3 -1
v 1 3 -2
v 2 3 -2
v 2 4 -2
v 2 5 -2
v 2 4 -1
v 2 5 -1
v 2 6 -1
v 2 7 -1
v 2 9 -1
v 2 10 -1
v 2 0 0
v 1 2 0
v 2 1 0
v 2 2 0
v 1 3 0
v 2 3 0
v 2 4 0
v 2 5 0
v 2 6 0
v 2 8 -1
v 2 7 0
v 2 8 0
v 2 9 0
v 2 10 0
v 2 0 1
v 2 1 1
v 2 6 1
v 2 7 1
v 2 9 1
v 2 10 1
v 2 0 2
v 2 1 2
v 2 6 2
v 2 7 2
v 2 9 2
v 2 10 2
v 2 0 3
v 2 1 3
v 2 6 3
v 2 7 3
v 2 9 3
v 2 10 3
v 2 0 4
v 2 1 4
v 2 6 4
v 2 7 4
v 2 9 4
v 2 10 4
v 2 0 5
v 2 1 5
v 2 6 5
v 2 7 5
v 2 9 5
v 2 10 5
v 2 0 6
v 2 1 6
v 2 6 6
v 2 7 6
v 2 9 6
v 2 10 6
v 2 0 7
v 2 1 7
v 2 6 7
v 2 7 7
v 2 9 7
v 2 10 7
v 2 0 8
v 2 1 8
v 2 6 8
v 2 7 8
v 2 9 8
v 2 10 8
v 2 0 9
v 2 1 9
v 2 6 9
v 2 7 9
v 2 9 9
v 2 10 9
v 2 0 10
v 2 1 10
v 2 6 10
v 2 7 10
v 2 9 10
v 2 10 10
v 2 0 11
v 2 1 11
v 2 6 11
v 2 7 11
v 2 9 11
v 2 10 11
v 2 0 12
v 2 1 12
v 2 6 12
v 2 7 12
v 2 9 12
v 2 10 12
v 2 0 13
v 2 1 13
v 2 6 13
v 2 7 13
v 2 9 13
v 2 10 13
v 2 0 14
v 1 2 14
v 1 2 13
v 2 2 13
v 1 3 14
v 1 3 13
v 2 3 13
v 2 4 13
v 2 5 13
v 2 4 14
v 2 5 14
v 2 6 14
v 2 7 14
v 2 9 14
v 2 10 14
v 2 0 15
v 2 1 15
v 1 2 15
v 2 2 15
v 1 3 15
v 2 3 15
v 2 4 15
v 2 5 15
v 2 6 15
v 2 8 14
v 2 7 15
v 2 8 15
v 2 9 15
v 2 10 15
v 2 6 16
v 2 7 16
v 3 0 -15
v 3 0 -16
v 3 1 -16
v 3 2 -16
v 3 1 -15
v 3 2 -15
v 3 3 -16
v 3 3 -15
v 3 4 -16
v 3 4 -15
v 3 5 -16
v 3 5 -15
v 3 6 -16
v 3 6 -15
v 3 7 -16
v 3 8 -16
v 3 7 -15
v 3 8 -15
v 3 9 -16
v 3 9 -15
v 3 10 -16
v 3 10 -15
v 3 0 -14
v 3 1 -14
v 3 6 -14
v 3 7 -14
v 3 9 -14
v 3 10 -14
v 3 0 -13
v 3 1 -13
v 3 6 -13
v 3 7 -13
v 3 9 -13
v 3 10 -13
v 3 0 -12
v 3 1 -12
v 3 6 -12
v 3 7 -12
v 3 9 -12
v 3 10 -12
v 3 0 -11
v 3 1 -11
v 3 6 -11
v 3 7 -11
v 3 9 -11
v 3 10 -11
v 3 0 -10
v 3 1 -10
v 3 6 -10
v 3 7 -10
v 3 9 -10
v 3 10 -10
v 3 0 -9
v 3 1 -9
v 3 6 -9
v 3 7 -9
v 3 9 -9
v 3 10 -9
v 3 0 -8
v 3 1 -8
v 3 6 -8
v 3 7 -8
v 3 9 -8
v 3 10 -8
v 3 0 -7
v 3 1 -7
v 3 6 -7
v 3 7 -7
v 3 9 -7
v 3 10 -7
v 3 0 -6
v 3 1 -6
v 3 6 -6
v 3 7 -6
v 3 9 -6
v 3 10 -6
v 3 0 -5
v 3 1 -5
v 3 6 -5
v 3 7 -5
v 3 9 -5
v 3 10 -5
v 3 0 -4
v 3 1 -4
v 3 6 -4
v 3 7 -4
v 3 9 -4
v 3 10 -4
v 3 0 -3
v 3 1 -3
v 3 6 -3
v 3 7 -3
v 3 9 -3
v 3 10 -3
v 3 0 -2
v 3 1 -2
v 3 6 -2
v 3 7 -2
v 3 9 -2
v 3 10 -2
v 3 0 -1
v 3 2 -2
v 3 1 -1
v 3 2 -1
v 3 3 -2
v 3 3 -1
v 3 4 -2
v 3 4 -1
v 3 6 -1
v 3 7 -1
v 3 9 -1
v 3 10 -1
v 3 0 0
v 3 1 0
v 3 2 0
v 3 3 0
v 3 4 0
v 3 5 -1
v 3 5 0
v 3 6 0
v 3 8 -1
v 3 7 0
v 3 8 0
v 3 9 0
v 3 10 0
v 3 0 1
v 3 1 1
v 3 6 1
v 3 7 1
v 3 9 1
v 3 10 1
v 3 0 2
v 3 1 2
v 3 6 2
v 3 7 2
v 3 9 2
v 3 10 2
v 3 0 3
v 3 1 3
v 3 6 3
v 3 7 3
v 3 9 3
v 3 10 3
v 3 0 4
v 3 1 4
v 3 6 4
v 3 7 4
v 3 9 4
v 3 10 4
v 3 0 5
v 3 1 5
v 3 6 5
v 3 7 5
v 3 9 5
v 3 10 5
v 3 0 6
v 3 1 6
v 3 6 6
v 3 7 6
v 3 9 6
v 3 10 6
v 3 0 7
v 3 1 7
v 3 6 7
v 3 7 7
v 3 9 7
v 3 10 7
v 3 0 8
v 3 1 8
v 3 6 8
v 3 7 8
v 3 9 8
v 3 10 8
v 3 0 9
v 3 1 9
v 3 6 9
v 3 7 9
v 3 9 9
v 3 10 9
v 3 0 10
v 3 1 10
v 3 6 10
v 3 7 10
v 3 9 10
v 3 10 10
v 3 0 11
v 3 1 11
v 3 6 11
v 3 7 11
v 3 9 11
v 3 10 11
v 3 0 12
v 3 1 12
v 3 6 12
v 3 7 12
v 3 9 12
v 3 10 12
v 3 0 13
v 3 1 13
v 3 6 13
v 3 7 13
v 3 9 13
v 3 10 13
v 3 0 14
v 3 2 13
v 3 1 14
v 3 2 14
v 3 3 13
v 3 3 14
v 3 4 13
v 3 4 14
v 3 6 14
v 3 7 14
v 3 9 14
v 3 10 14
v 3 0 15
v 3 1 15
v 3 2 15
v 3 3 15
v 3 4 15
v 3 5 14
v 3 5 15
v 3 6 15
v 3 8 14
v 3 7 15
v 3 8 15
v 3 9 15
v 3 10 15
v 3 6 16
v 3 7 16
v 4 0 -15
v 4 0 -16
v 4 1 -16
v 4 2 -16
v 4 1 -15
v 4 2 -15
v 4 3 -16
v 4 3 -15
v 4 4 -16
v 4 4 -15
v 4 5 -16
v 4 5 -15
v 4 6 -16
v 4 6 -15
v 4 7 -16
v 4 8 -16
v 4 7 -15
v 4 8 -15
v 4 9 -16
v 4 9 -15
v 4 10 -16
v 4 10 -15
v 4 0 -14
v 4 1 -14
v 4 6 -14
v 4 7 -14
v 4 9 -14
v 4 10 -14
v 4 0 -13
v 4 1 -13
v 4 6 -13
v 4 7 -13
v 4 9 -13
v 4 10 -13
v 4 0 -12
v 4 1 -12
v 4 6 -12
v 4 7 -12
v 4 9 -12
v 4 10 -12
v 4 0 -11
v 4 1 -11
v 4 6 -11
v 4 7 -11
v 4 9 -11
v 4 10 -11
v 4 0 -10
v 4 1 -10
v 4 6 -10
v 4 7 -10
v 4 9 -10
v 4 10 -10
v 4 0 -9
v 4 1 -9
v 4 6 -9
v 4 7 -9
v 4 9 -9
v 4 10 -9
v 4 0 -8
v 4 1 -8
v 4 6 -8
v 4 7 -8
v 4 9 -8
v 4 10 -8
v 4 0 -7
v 4 1 -7
v 4 6 -7
v 4 7 -7
v 4 9 -7
v 4 10 -7
v 4 0 -6
v 4 1 -6
v 4 6 -6
v 4 7 -6
v 4 9 -6
v 4 10 -6
v 4 0 -5
v 4 1 -5
v 4 6 -5
v 4 7 -5
v 4 9 -5
v 4 10 -5
v 4 0 -4
v 4 1 -4
v 4 6 -4
v 4 7 -4
v 4 9 -4
v 4 10 -4
v 4 0 -3
v 4 1 -3
v 4 6 -3
v 4 7 -3
v 4 9 -3
v 4 10 -3
v 4 0 -2
v 4 1 -2
v 4 6 -2
v 4 7 -2
v 4 9 -2
v 4 10 -2
v 4 0 -1
v 4 1 -1
v 4 6 -1
v 4 7 -1
v 4 9 -1
v 4 10 -1
v 4 0 0
v 4 2 -1
v 4 1 0
v 4 2 0
v 4 3 -1
v 4 3 0
v 4 4 -1
v 4 4 0
v 4 5 -1
v 4 5 0
v 4 6 0
v 4 8 -1
v 4 7 0
v 4 8 0
v 4 9 0
v 4 10 0
v 4 0 1
v 4 1 1
v 4 6 1
v 4 7 1
v 4 9 1
v 4 10 1
v 4 0 2
v 4 1 2
v 4 6 2
v 4 7 2
v 4 9 2
v 4 10 2
v 4 0 3
v 4 1 3
v 4 6 3
v 4 7 3
v 4 9 3
v 4 10 3
v 4 0 4
v 4 1 4
v 4 6 4
v 4 7 4
v 4 9 4
v 4 10 4
v 4 0 5
v 4 1 5
v 4 6 5
v 4 7 5
v 4 9 5
v 4 10 5
v 4 0 6
v 4 1 6
v 4 6 6
v 4 7 6
v 4 9 6
v 4 10 6
v 4 0 7
v 4 1 7
v 4 6 7
v 4 7 7
v 4 9 7
v 4 10 7
v 4 0 8
v 4 1 8
v 4 6 8
v 4 7 8
v 4 9 8
v 4 10 8
v 4 0 9
v 4 1 9
v 4 6 9
v 4 7 9
v 4 9 9
v 4 10 9
v 4 0 10
v 4 1 10
v 4 6 10
v 4 7 10
v 4 9 10
v 4 10 10
v 4 0 11
v 4 1 11
v 4 6 11
v 4 7 11
v 4 9 11
v 4 10 11
v 4 0 12
v 4 1 12
v 4 6 12
v 4 7 12
v 4 9 12
v 4 10 12
v 4 0 13
v 4 1 13
v 4 6 13
v 4 7 13
v 4 9 13
v 4 10 13
v 4 0 14
v 4 1 14
v 4 6 14
v 4 7 14
v 4 9 14
v 4 10 14
v 4 0 15
v 4 1 15
v 4 2 14
v 4 2 15
v 4 3 14
v 4 3 15
v 4 4 14
v 4 4 15
v 4 5 14
v 4 5 15
v 4 6 15
v 4 8 14
v 4 7 15
v 4 8 15
v 4 9 15
v 4 10 15
v 4 6 16
v 4 7 16
v 5 0 -15
v 5 0 -16
v 5 1 -16
v 5 2 -16
v 5 1 -15
v 5 2 -15
v 5 3 -16
v 5 3 -15
v 5 4 -16
v 5 4 -15
v 5 5 -16
v 5 5 -15
v 5 6 -16
v 5 6 -15
v 5 7 -16
v 5 8 -16
v 5 7 -15
v 5 8 -15
v 5 9 -16
v 5 9 -15
v 5 10 -16
v 5 10 -15
v 5 0 -14
v 5 1 -14
v 5 6 -14
v 5 7 -14
v 5 9 -14
v 5 10 -14
v 5 0 -13
v 5 1 -13
v 5 6 -13
v 5 7 -13
v 5 9 -13
v 5 10 -13
v 5 0 -12
v 5 1 -12
v 5 6 -12
v 5 7 -12
v 5 9 -12
v 5 10 -12
v 5 0 -11
v 5 1 -11
v 5 6 -11
v 5 7 -11
v 5 9 -11
v 5 10 -11
v 5 0 -10
v 5 1 -10
v 5 6 -10
v 5 7 -10
v 5 9 -10
v 5 10 -10
v 5 0 -9
v 5 1 -9
v 5 6 -9
v 5 7 -9
v 5 9 -9
v 5 10 -9
v 5 0 -8
v 5 1 -8
v 5 6 -8
v 5 7 -8
v 5 9 -8
v 5 10 -8
v 5 0 -7
v 5 1 -7
v 5 6 -7
v 5 7 -7
v 5 9 -7
v 5 10 -7
v 5 0 -6
v 5 1 -6
v 5 6 -6
v 5 7 -6
v 5 9 -6
v 5 10 -6
v 5 0 -5
v 5 1 -5
v 5 6 -5
v 5 7 -5
v 5 9 -5
v 5 10 -5
v 5 0 -4
v 5 1 -4
v 5 6 -4
v 5 7 -4
v 5 9 -4
v 5 10 -4
v 5 0 -3
v 5 1 -3
v 5 6 -3
v 5 7 -3
v 5 9 -3
v 5 10 -3
v 5 0 -2
v 5 1 -2
v 5 6 -2
v 5 7 -2
v 5 9 -2
v 5 10 -2
v 5 0 -1
v 5 1 -1
v 5 6 -1
v 5 7 -1
v 5 9 -1
v 5 10 -1
v 5 0 0
v 5 2 -1
v 5 1 0
v 5 2 0
v 5 3 -1
v 5 3 0
v 5 4 -1
v 5 4 0
v 5 5 -1
v 5 5 0
v 5 6 0
v 5 8 -1
v 5 7 0
v 5 8 0
v 5 9 0
v 5 10 0
v 5 0 1
v 5 1 1
v 5 6 1
v 5 7 1
v 5 9 1
v 5 10 1
v 5 0 2
v 5 1 2
v 5 6 2
v 5 7 2
v 5 9 2
v 5 10 2
v 5 0 3
v 5 1 3
v 5 6 3
v 5 7 3
v 5 9 3
v 5 10 3
v 5 0 4
v 5 1 4
v 5 6 4
v 5 7 4
v 5 9 4
v 5 10 4
v 5 0 5
v 5 1 5
v 5 6 5
v 5 7 5
v 5 9 5
v 5 10 5
v 5 0 6
v 5 1 6
v 5 6 6
v 5 7 6
v 5 9 6
v 5 10 6
v 5 0 7
v 5 1 7
v 5 6 7
v 5 7 7
v 5 9 7
v 5 10 7
v 5 0 8
v 5 1 8
v 5 6 8
v 5 7 8
v 5 9 8
v 5 10 8
v 5 0 9
v 5 1 9
v 5 6 9
v 5 7 9
v 5 9 9
v 5 10 9
v 5 0 10
v 5 1 10
v 5 6 10
v 5 7 10
v 5 9 10
v 5 10 10
v 5 0 11
v 5 1 11
v 5 6 11
v 5 7 11
v 5 9 11
v 5 10 11
v 5 0 12
v 5 1 12
v 5 6 12
v 5 7 12
v 5 9 12
v 5 10 12
v 5 0 13
v 5 1 13
v 5 6 13
v 5 7 13
v 5 9 13
v 5 10 13
v 5 0 14
v 5 1 14
v 5 6 14
v 5 7 14
v 5 9 14
v 5 10 14
v 5 0 15
v 5 1 15
v 5 2 14
v 5 2 15
v 5 3 14
v 5 3 15
v 5 4 14
v 5 4 15
v 5 5 14
v 5 5 15
v 5 6 15
v 5 8 14
v 5 7 15
v 5 8 15
v 5 9 15
v 5 10 15
v 5 6 16
v 5 7 16
v 6 0 -15
v 6 0 -16
v 6 1 -16
v 6 2 -16
v 6 1 -15
v 6 2 -15
v 6 3 -16
v 6 3 -15
v 6 4 -16
v 6 4 -15
v 6 5 -16
v 6 5 -15
v 6 6 -16
v 6 6 -15
v 6 7 -16
v 6 8 -16
v 6 7 -15
v 6 8 -15
v 6 9 -16
v 6 9 -15
v 6 10 -16
v 6 10 -15
v 6 0 -14
v 6 1 -14
v 6 6 -14
v 6 7 -14
v 6 9 -14
v 6 10 -14
v 6 0 -13
v 6 1 -13
v 6 6 -13
v 6 7 -13
v 6 9 -13
v 6 10 -13
v 6 0 -12
v 6 1 -12
v 6 6 -12
v 6 7 -12
v 6 9 -12
v 6 10 -12
v 6 0 -11
v 6 1 -11
v 6 6 -11
v 6 7 -11
v 6 9 -11
v 6 10 -11
v 6 0 -10
v 6 1 -10
v 6 6 -10
v 6 7 -10
v 6 9 -10
v 6 10 -10
v 6 0 -9
v 6 1 -9
v 6 6 -9
v 6 7 -9
v 6 9 -9
v 6 10 -9
v 6 0 -8
v 6 1 -8
v 6 6 -8
v 6 7 -8
v 6 9 -8
v 6 10 -8
v 6 0 -7
v 6 1 -7
v 6 6 -7
v 6 7 -7
v 6 9 -7
v 6 10 -7
v 6 0 -6
v 6 1 -6
v 6 6 -6
v 6 7 -6
v 6 9 -6
v 6 10 -6
v 6 0 -5
v 6 1 -5
v 6 6 -5
v 6 7 -5
v 6 9 -5
v 6 10 -5
v 6 0 -4
v 6 1 -4
v 6 6 -4
v 6 7 -4
v 6 9 -4
v 6 10 -4
v 6 0 -3
v 6 1 -3
v 6 6 -3
v 6 7 -3
v 6 9 -3
v 6 10 -3
v 6 0 -2
v 6 1 -2
v 6 6 -2
v 6 7 -2
v 6 9 -2
v 6 10 -2
v 6 0 -1
v 6 1 -1
v 6 6 -1
v 6 7 -1
v 6 9 -1
v 6 10 -1
v 6 0 0
v 6 2 -1
v 6 1 0
v 6 2 0
v 6 3 -1
v 6 3 0
v 6 4 -1
v 6 4 0
v 6 5 -1
v 6 5 0
v 6 6 0
v 6 8 -1
v 6 7 0
v 6 8 0
v 6 9 0
v 6 10 0
v 6 0 1
v 6 1 1
v 6 6 1
v 6 7 1
v 6 9 1
v 6 10 1
v 6 0 2
v 6 1 2
v 6 6 2
v 6 7 2
v 6 9 2
v 6 10 2
v 6 0 3
v 6 1 3
v 6 6 3
v 6 7 3
v 6 9 3
v 6 10 3
v 6 0 4
v 6 1 4
v 6 6 4
v 6 7 4
v 6 9 4
v 6 10 4
v 6 0 5
v 6 1 5
v 6 6 5
v 6 7 5
v 6 9 5
v 6 10 5
v 6 0 6
v 6 1 6
v 6 6 6
v 6 7 6
v 6 9 6
v 6 10 6
v 6 0 7
v 6 1 7
v 6 6 7
v 6 7 7
v 6 9 7
v 6 10 7
v 6 0 8
v 6 1 8
v 6 6 8
v 6 7 8
v 6 9 8
v 6 10 8
v 6 0 9
v 6 1 9
v 6 6 9
v 6 7 9
v 6 9 9
v 6 10 9
v 6 0 10
v 6 1 10
v 6 6 10
v 6 7 10
v 6 9 10
v 6 10 10
v 6 0 11
v 6 1 11
v 6 6 11
v 6 7 11
v 6 9 11
v 6 10 11
v 6 0 12
v 6 1 12
v 6 6 12
v 6 7 12
v 6 9 12
v 6 10 12
v 6 0 13
v 6 1 13
v 6 6 13
v 6 7 13
v 6 9 13
v 6 10 13
v 6 0 14
v 6 1 14
v 6 6 14
v 6 7 14
v 6 9 14
v 6 10 14
v 6 0 15
v 6 1 15
v 6 2 14
v 6 2 15
v 6 3 14
v 6 3 15
v 6 4 14
v 6 4 15
v 6 5 14
v 6 5 15
v 6 6 15
v 6 8 14
v 6 7 15
v 6 8 15
v 6 9 15
v 6 10 15
v 6 6 16
v 6 7 16
v 7 0 -15
v 7 0 -16
v 7 1 -16
v 7 2 -16
v 7 1 -15
v 7 2 -15
v 7 3 -16
v 7 3 -15
v 7 4 -16
v 7 4 -15
v 7 5 -16
v 7 5 -15
v 7 6 -16
v 7 6 -15
v 7 7 -16
v 7 8 -16
v 7 7 -15
v 7 8 -15
v 7 9 -16
v 7 9 -15
v 7 10 -16
v 7 10 -15
v 7 0 -14
v 7 1 -14
v 7 6 -14
v 7 7 -14
v 7 9 -14
v 7 10 -14
v 7 0 -13
v 7 1 -13
v 7 6 -13
v 7 7 -13
v 7 9 -13
v 7 10 -13
v 7 0 -12
v 7 1 -12
v 7 6 -12
v 7 7 -12
v 7 9 -12
v 7 10 -12
v 7 0 -11
v 7 1 -11
v 7 6 -11
v 7 7 -11
v 7 9 -11
v 7 10 -11
v 7 0 -10
v 7 1 -10
v 7 6 -10
v 7 7 -10
v 7 9 -10
v 7 10 -10
v 7 0 -9
v 7 1 -9
v 7 6 -9
v 7 7 -9
v 7 9 -9
v 7 10 -9
v 7 0 -8
v 7 1 -8
v 7 6 -8
v 7 7 -8
v 7 9 -8
v 7 10 -8
v 7 0 -7
v 7 1 -7
v 7 6 -7
v 7 7 -7
v 7 9 -7
v 7 10 -7
v 7 0 -6
v 7 1 -6
v 7 6 -6
v 7 7 -6
v 7 9 -6
v 7 10 -6
v 7 0 -5
v 7 1 -5
v 7 6 -5
v 7 7 -5
v 7 9 -5
v 7 10 -5
v 7 0 -4
v 7 1 -4
v 7 6 -4
v 7 7 -4
v 7 9 -4
v 7 10 -4
v 7 0 -3
v 7 1 -3
v 7 6 -3
v 7 7 -3
v 7 9 -3
v 7 10 -3
v 7 0 -2
v 7 1 -2
v 7 6 -2
v 7 7 -2
v 7 9 -2
v 7 10 -2
v 7 0 -1
v 7 1 -1
v 7 6 -1
v 7 7 -1
v 7 9 -1
v 7 10 -1
v 7 0 0
v 7 2 -1
v 7 1 0
v 7 2 0
v 7 3 -1
v 7 3 0
v 7 4 -1
v 7 4 0
v 7 5 -1
v 7 5 0
v 7 6 0
v 7 8 -1
v 7 7 0
v 7 8 0
v 7 9 0
v 7 10 0
v 7 0 1
v 7 1 1
v 7 6 1
v 7 7 1
v 7 9 1
v 7 10 1
v 7 0 2
v 7 1 2
v 7 6 2
v 7 7 2
v 7 9 2
v 7 10 2
v 7 0 3
v 7 1 3
v 7 6 3
v 7 7 3
v 7 9 3
v 7 10 3
v 7 0 4
v 7 1 4
v 7 6 4
v 7 7 4
v 7 9 4
v 7 10 4
v 7 0 5
v 7 1 5
v 7 6 5
v 7 7 5
v 7 9 5
v 7 10 5
v 7 0 6
v 7 1 6
v 7 6 6
v 7 7 6
v 7 9 6
v 7 10 6
v 7 0 7
v 7 1 7
v 7 6 7
v 7 7 7
v 7 9 7
v 7 10 7
v 7 0 8
v 7 1 8
v 7 6 8
v 7 7 8
v 7 9 8
v 7 10 8
v 7 0 9
v 7 1 9
v 7 6 9
v 7 7 9
v 7 9 9
v 7 10 9
v 7 0 10
v 7 1 10
v 7 6 10
v 7 7 10
v 7 9 10
v 7 10 10
v 7 0 11
v 7 1 11
v 7 6 11
v 7 7 11
v 7 9 11
v 7 10 11
v 7 0 12
v 7 1 12
v 7 6 12
v 7 7 12
v 7 9 12
v 7 10 12
v 7 0 13
v 7 1 13
v 7 6 13
v 7 7 13
v 7 9 13
v 7 10 13
v 7 0 14
v 7 1 14
v 7 6 14
v 7 7 14
v 7 9 14
v 7 10 14
v 7 0 15
v 7 1 15
v 7 2 14
v 7 2 15
v 7 3 14
v 7 3 15
v 7 4 14
v 7 4 15
v 7 5 14
v 7 5 15
v 7 6 15
v 7 8 14
v 7 7 15
v 7 8 15
v 7 9 15
v 7 10 15
v 7 6 16
v 7 7 16
v 8 0 -15
v 8 0 -16
v 8 1 -16
v 8 1 -15
v 8 2 -16
v 8 2 -15
v 8 3 -16
v 8 3 -15
v 8 4 -16
v 8 4 -15
v 8 5 -16
v 8 5 -15
v 8 6 -16
v 8 6 -15
v 8 7 -16
v 8 8 -16
v 8 7 -15
v 8 8 -15
v 8 9 -16
v 8 9 -15
v 8 10 -16
v 8 10 -15
v 8 0 -14
v 8 1 -14
v 7 2 -14
v 8 2 -14
v 7 3 -14
v 8 3 -14
v 7 4 -14
v 8 4 -14
v 7 5 -14
v 8 5 -14
v 8 6 -14
v 7 8 -14
v 8 7 -14
v 8 8 -14
v 8 9 -14
v 8 10 -14
v 8 0 -13
v 8 1 -13
v 7 2 -13
v 8 2 -13
v 7 3 -13
v 8 3 -13
v 7 4 -13
v 8 4 -13
v 7 5 -13
v 8 5 -13
v 8 6 -13
v 7 8 -13
v 8 7 -13
v 8 8 -13
v 8 9 -13
v 8 10 -13
v 8 0 -12
v 8 1 -12
v 7 2 -12
v 8 2 -12
v 7 3 -12
v 8 3 -12
v 7 4 -12
v 8 4 -12
v 7 5 -12
v 8 5 -12
v 8 6 -12
v 7 8 -12
v 8 7 -12
v 8 8 -12
v 8 9 -12
v 8 10 -12
v 8 0 -11
v 8 1 -11
v 7 2 -11
v 8 2 -11
v 7 3 -11
v 8 3 -11
v 7 4 -11
v 8 4 -11
v 7 5 -11
v 8 5 -11
v 8 6 -11
v 7 8 -11
v 8 7 -11
v 8 8 -11
v 8 9 -11
v 8 10 -11
v 8 0 -10
v 8 1 -10
v 7 2 -10
v 8 2 -10
v 7 3 -10
v 8 3 -10
v 7 4 -10
v 8 4 -10
v 7 5 -10
v 8 5 -10
v 8 6 -10
v 7 8 -10
v 8 7 -10
v 8 8 -10
v 8 9 -10
v 8 10 -10
v 8 0 -9
v 8 1 -9
v 7 2 -9
v 8 2 -9
v 7 3 -9
v 8 3 -9
v 7 4 -9
v 8 4 -9
v 7 5 -9
v 8 5 -9
v 8 6 -9
v 7 8 -9
v 8 7 -9
v 8 8 -9
v 8 9 -9
v 8 10 -9
v 8 0 -8
v 8 1 -8
v 7 2 -8
v 8 2 -8
v 7 3 -8
v 8 3 -8
v 7 4 -8
v 8 4 -8
v 7 5 -8
v 8 5 -8
v 8 6 -8
v 7 8 -8
v 8 7 -8
v 8 8 -8
v 8 9 -8
v 8 10 -8
v 8 0 -7
v 8 1 -7
v 7 2 -7
v 8 2 -7
v 7 3 -7
v 8 3 -7
v 7 4 -7
v 8 4 -7
v 7 5 -7
v 8 5 -7
v 8 6 -7
v 7 8 -7
v 8 7 -7
v 8 8 -7
v 8 9 -7
v 8 10 -7
v 8 0 -6
v 8 1 -6
v 7 2 -6
v 8 2 -6
v 7 3 -6
v 8 3 -6
v 7 4 -6
v 8 4 -6
v 7 5 -6
v 8 5 -6
v 8 6 -6
v 7 8 -6
v 8 7 -6
v 8 8 -6
v 8 9 -6
v 8 10 -6
v 8 0 -5
v 8 1 -5
v 7 2 -5
v 8 2 -5
v 7 3 -5
v 8 3 -5
v 7 4 -5
v 8 4 -5
v 7 5 -5
v 8 5 -5
v 8 6 -5
v 7 8 -5
v 8 7 -5
v 8 8 -5
v 8 9 -5
v 8 10 -5
v 8 0 -4
v 8 1 -4
v 7 2 -4
v 8 2 -4
v 7 3 -4
v 8 3 -4
v 7 4 -4
v 8 4 -4
v 7 5 -4
v 8 5 -4
v 8 6 -4
v 7 8 -4
v 8 7 -4
v 8 8 -4
v 8 9 -4
v 8 10 -4
v 8 0 -3
v 8 1 -3
v 7 2 -3
v 8 2 -3
v 7 3 -3
v 8 3 -3
v 7 4 -3
v 8 4 -3
v 7 5 -3
v 8 5 -3
v 8 6 -3
v 7 8 -3
v 8 7 -3
v 8 8 -3
v 8 9 -3
v 8 10 -3
v 8 0 -2
v 8 1 -2
v 7 2 -2
v 8 2 -2
v 7 3 -2
v 8 3 -2
v 7 4 -2
v 8 4 -2
v 7 5 -2
v 8 5 -2
v 8 6 -2
v 7 8 -2
v 8 7 -2
v 8 8 -2
v 8 9 -2
v 8 10 -2
v 8 0 -1
v 8 1 -1
v 8 2 -1
v 8 3 -1
v 8 4 -1
v 8 5 -1
v 8 6 -1
v 8 7 -1
v 8 8 -1
v 8 9 -1
v 8 10 -1
v 8 0 0
v 8 10 0
v 8 0 1
v 7 2 1
v 8 1 1
v 8 1 0
v 8 2 0
v 8 2 1
v 7 3 1
v 8 3 0
v 8 3 1
v 7 4 1
v 8 4 0
v 8 4 1
v 7 5 1
v 8 5 0
v 8 5 1
v 8 6 0
v 8 6 1
v 7 8 1
v 8 7 1
v 8 7 0
v 8 8 0
v 8 8 1
v 8 9 0
v 8 9 1
v 8 10 1
v 8 0 2
v 7 2 2
v 8 1 2
v 8 2 2
v 7 3 2
v 8 3 2
v 7 4 2
v 8 4 2
v 7 5 2
v 8 5 2
v 8 6 2
v 7 8 2
v 8 7 2
v 8 8 2
v 8 9 2
v 8 10 2
v 8 0 3
v 7 2 3
v 8 1 3
v 8 2 3
v 7 3 3
v 8 3 3
v 7 4 3
v 8 4 3
v 7 5 3
v 8 5 3
v 8 6 3
v 7 8 3
v 8 7 3
v 8 8 3
v 8 9 3
v 8 10 3
v 8 0 4
v 7 2 4
v 8 1 4
v 8 2 4
v 7 3 4
v 8 3 4
v 7 4 4
v 8 4 4
v 7 5 4
v 8 5 4
v 8 6 4
v 7 8 4
v 8 7 4
v 8 8 4
v 8 9 4
v 8 10 4
v 8 0 5
v 7 2 5
v 7 3 5
v 7 4 5
v 7 5 5
v 8 4 5
v 8 5 5
v 8 6 5
v 7 8 5
v 8 7 5
v 8 8 5
v 8 9 5
v 8 10 5
v 8 0 6
v 7 2 6
v 8 1 6
v 8 2 6
v 7 3 6
v 8 3 6
v 7 4 6
v 8 4 6
v 7 5 6
v 8 5 6
v 8 6 6
v 7 8 6
v 8 7 6
v 8 8 6
v 8 9 6
v 8 10 6
v 8 0 7
v 8 1 7
v 7 4 7
v 7 5 7
v 8 4 7
v 8 5 7
v 8 6 7
v 7 8 7
v 8 7 7
v 8 8 7
v 8 9 7
v 8 10 7
v 8 0 8
v 8 1 8
v 7 4 8
v 7 5 8
v 8 4 8
v 8 5 8
v 8 6 8
v 7 8 8
v 8 7 8
v 8 8 8
v 8 9 8
v 8 10 8
v 8 0 9
v 7 2 9
v 7 2 8
v 8 2 8
v 7 3 9
v 7 3 8
v 8 3 8
v 7 4 9
v 7 5 9
v 8 5 9
v 8 6 9
v 7 8 9
v 8 7 9
v 8 8 9
v 8 9 9
v 8 10 9
v 8 0 10
v 7 2 10
v 7 3 10
v 7 4 10
v 7 5 10
v 8 4 10
v 8 4 9
v 8 5 10
v 8 6 10
v 7 8 10
v 8 7 10
v 8 8 10
v 8 9 10
v 8 10 10
v 8 0 11
v 7 2 11
v 8 1 11
v 8 1 10
v 8 2 10
v 8 2 11
v 7 3 11
v 8 3 10
v 8 3 11
v 7 4 11
v 8 4 11
v 7 5 11
v 8 5 11
v 8 6 11
v 7 8 11
v 8 7 11
v 8 8 11
v 8 9 11
v 8 10 11
v 8 0 12
v 7 2 12
v 8 1 12
v 8 2 12
v 7 3 12
v 8 3 12
v 7 4 12
v 8 4 12
v 7 5 12
v 8 5 12
v 8 6 12
v 7 8 12
v 8 7 12
v 8 8 12
v 8 9 12
v 8 10 12
v 8 0 13
v 7 2 13
v 8 1 13
v 8 2 13
v 7 3 13
v 8 3 13
v 7 4 13
v 8 4 13
v 7 5 13
v 8 5 13
v 8 6 13
v 7 8 13
v 8 7 13
v 8 8 13
v 8 9 13
v 8 10 13
v 8 0 14
v 8 1 14
v 8 2 14
v 8 3 14
v 8 4 14
v 8 5 14
v 8 6 14
v 8 7 14
v 8 8 14
v 8 9 14
v 8 10 14
v 8 0 15
v 8 1 15
v 8 2 15
v 8 3 15
v 8 4 15
v 8 5 15
v 8 6 15
v 8 7 15
v 8 8 15
v 8 9 15
v 8 10 15
v 8 6 16
v 8 7 16
v 9 6 -15
v 9 6 -16
v 9 7 -16
v 9 7 -15
v 9 6 -14
v 9 7 -14
v 9 6 -13
v 9 7 -13
v 9 6 -12
v 9 7 -12
v 9 6 -11
v 9 7 -11
v 9 6 -10
v 9 7 -10
v 9 6 -9
v 9 7 -9
v 9 6 -8
v 9 7 -8
v 9 6 -7
v 9 7 -7
v 9 6 -6
v 9 7 -6
v 9 6 -5
v 9 7 -5
v 9 6 -4
v 9 7 -4
v 9 6 -3
v 9 7 -3
v 9 6 -2
v 9 7 -2
v 9 6 -1
v 9 7 -1
v 9 0 0
v 9 0 -1
v 9 1 -1
v 9 2 -1
v 9 1 0
v 9 2 0
v 9 3 -1
v 9 3 0
v 9 4 -1
v 9 4 0
v 9 5 -1
v 9 5 0
v 9 6 0
v 9 8 -1
v 9 7 0
v 9 8 0
v 9 9 -1
v 9 9 0
v 9 10 -1
v 9 10 0
v 9 0 1
v 9 1 1
v 9 6 1
v 9 7 1
v 9 9 1
v 9 10 1
v 9 0 2
v 9 1 2
v 9 6 2
v 9 7 2
v 9 9 2
v 9 10 2
v 9 0 3
v 9 1 3
v 9 6 3
v 9 7 3
v 9 9 3
v 9 10 3
v 9 0 4
v 9 1 4
v 9 6 4
v 9 7 4
v 9 9 4
v 9 10 4
v 9 0 5
v 9 2 4
v 9 1 5
v 9 2 5
v 9 3 4
v 9 3 5
v 9 4 4
v 9 4 5
v 9 6 5
v 9 7 5
v 9 9 5
v 9 10 5
v 9 0 6
v 9 1 6
v 9 2 6
v 9 3 6
v 9 4 6
v 9 5 5
v 9 5 6
v 9 6 6
v 9 7 6
v 9 9 6
v 9 10 6
v 9 0 7
v 9 1 7
v 9 4 7
v 9 5 7
v 9 6 7
v 9 7 7
v 9 9 7
v 9 10 7
v 9 0 8
v 9 1 8
v 9 4 8
v 9 5 8
v 9 6 8
v 9 7 8
v 9 9 8
v 9 10 8
v 9 0 9
v 9 2 8
v 9 1 9
v 9 2 9
v 9 3 8
v 9 3 9
v 9 4 9
v 9 5 9
v 9 6 9
v 9 7 9
v 9 9 9
v 9 10 9
v 9 0 10
v 9 1 10
v 9 2 10
v 9 3 10
v 9 4 10
v 9 6 10
v 9 7 10
v 9 9 10
v 9 10 10
v 9 0 11
v 9 1 11
v 9 6 11
v 9 7 11
v 9 9 11
v 9 10 11
v 9 0 12
v 9 1 12
v 9 6 12
v 9 7 12
v 9 9 12
v 9 10 12
v 9 0 13
v 9 1 13
v 9 6 13
v 9 7 13
v 9 9 13
v 9 10 13
v 9 0 14
v 9 1 14
v 9 6 14
v 9 7 14
v 9 9 14
v 9 10 14
v 9 0 15
v 9 1 15
v 9 2 14
v 9 2 15
v 9 3 14
v 9 3 15
v 9 4 14
v 9 4 15
v 9 5 14
v 9 5 15
v 9 6 15
v 9 8 14
v 9 7 15
v 9 8 15
v 9 9 15
v 9 10 15
v 9 6 16
v 9 7 16
v 10 6 -15
v 10 6 -16
v 10 7 -16
v 10 7 -15
v 10 6 -14
v 10 7 -14
v 10 6 -13
v 10 7 -13
v 10 6 -12
v 10 7 -12
v 10 6 -11
v 10 7 -11
v 10 6 -10
v 10 7 -10
v 10 6 -9
v 10 7 -9
v 10 6 -8
v 10 7 -8
v 10 6 -7
v 10 7 -7
v 10 6 -6
v 10 7 -6
v 10 6 -5
v 10 7 -5
v 10 6 -4
v 10 7 -4
v 10 6 -3
v 10 7 -3
v 10 6 -2
v 10 7 -2
v 10 6 -1
v 10 7 -1
v 10 0 0
v 10 0 -1
v 10 1 -1
v 10 2 -1
v 10 1 0
v 10 2 0
v 10 3 -1
v 10 3 0
v 10 4 -1
v 10 4 0
v 10 5 -1
v 10 5 0
v 10 6 0
v 10 8 -1
v 10 7 0
v 10 8 0
v 10 9 -1
v 10 9 0
v 10 10 -1
v 10 10 0
v 10 0 1
v 10 1 1
v 10 6 1
v 10 7 1
v 10 9 1
v 10 10 1
v 10 0 2
v 10 1 2
v 10 6 2
v 10 7 2
v 10 9 2
v 10 10 2
v 10 0 3
v 10 1 3
v 10 6 3
v 10 7 3
v 10 9 3
v 10 10 3
v 10 0 4
v 10 1 4
v 10 6 4
v 10 7 4
v 10 9 4
v 10 10 4
v 10 0 5
v 10 1 5
v 10 6 5
v 10 7 5
v 10 9 5
v 10 10 5
v 10 0 6
v 10 1 6
v 10 6 6
v 10 7 6
v 10 9 6
v 10 10 6
v 10 0 7
v 10 1 7
v 10 6 7
v 10 7 7
v 10 9 7
v 10 10 7
v 10 0 8
v 10 1 8
v 10 6 8
v 10 7 8
v 10 9 8
v 10 10 8
v 10 0 9
v 10 1 9
v 10 6 9
v 10 7 9
v 10 9 9
v 10 10 9
v 10 0 10
v 10 1 10
v 10 6 10
v 10 7 10
v 10 9 10
v 10 10 10
v 10 0 11
v 10 1 11
v 10 6 11
v 10 7 11
v 10 9 11
v 10 10 11
v 10 0 12
v 10 1 12
v 10 6 12
v 10 7 12
v 10 9 12
v 10 10 12
v 10 0 13
v 10 1 13
v 10 6 13
v 10 7 13
v 10 9 13
v 10 10 13
v 10 0 14
v 10 1 14
v 10 6 14
v 10 7 14
v 10 9 14
v 10 10 14
v 10 0 15
v 10 1 15
v 10 2 14
v 10 2 15
v 10 3 14
v 10 3 15
v 10 4 14
v 10 4 15
v 10 5 14
v 10 5 15
v 10 6 15
v 10 8 14
v 10 7 15
v 10 8 15
v 10 9 15
v 10 10 15
v 10 6 16
v 10 7 16
v 11 6 -15
v 11 6 -16
v 11 7 -16
v 11 7 -15
v 11 6 -14
v 11 7 -14
v 11 6 -13
v 11 7 -13
v 11 6 -12
v 11 7 -12
v 11 6 -11
v 11 7 -11
v 11 6 -10
v 11 7 -10
v 11 6 -9
v 11 7 -9
v 11 6 -8
v 11 7 -8
v 11 6 -7
v 11 7 -7
v 11 6 -6
v 11 7 -6
v 11 6 -5
v 11 7 -5
v 11 6 -4
v 11 7 -4
v 11 6 -3
v 11 7 -3
v 11 6 -2
v 11 7 -2
v 11 6 -1
v 11 7 -1
v 11 0 0
v 11 0 -1
v 11 1 -1
v 11 2 -1
v 11 1 0
v 11 2 0
v 11 3 -1
v 11 3 0
v 11 4 -1
v 11 4 0
v 11 5 -1
v 11 5 0
v 11 6 0
v 11 8 -1
v 11 7 0
v 11 8 0
v 11 9 -1
v 11 9 0
v 11 10 -1
v 11 10 0
v 11 0 1
v 11 1 1
v 11 6 1
v 11 7 1
v 11 9 1
v 11 10 1
v 11 0 2
v 11 1 2
v 11 6 2
v 11 7 2
v 11 9 2
v 11 10 2
v 11 0 3
v 11 1 3
v 11 6 3
v 11 7 3
v 11 9 3
v 11 10 3
v 11 0 4
v 11 1 4
v 11 6 4
v 11 7 4
v 11 9 4
v 11 10 4
v 11 0 5
v 11 1 5
v 11 6 5
v 11 7 5
v 11 9 5
v 11 10 5
v 11 0 6
v 11 1 6
v 11 6 6
v 11 7 6
v 11 9 6
v 11 10 6
v 11 0 7
v 11 1 7
v 11 6 7
v 11 7 7
v 11 9 7
v 11 10 7
v 11 0 8
v 11 1 8
v 11 6 8
v 11 7 8
v 11 9 8
v 11 10 8
v 11 0 9
v 11 1 9
v 11 6 9
v 11 7 9
v 11 9 9
v 11 10 9
v 11 0 10
v 11 1 10
v 11 6 10
v 11 7 10
v 11 9 10
v 11 10 10
v 11 0 11
v 11 1 11
v 11 6 11
v 11 7 11
v 11 9 11
v 11 10 11
v 11 0 12
v 11 1 12
v 11 6 12
v 11 7 12
v 11 9 12
v 11 10 12
v 11 0 13
v 11 1 13
v 11 6 13
v 11 7 13
v 11 9 13
v 11 10 13
v 11 0 14
v 11 1 14
v 11 6 14
v 11 7 14
v 11 9 14
v 11 10 14
v 11 0 15
v 11 1 15
v 11 2 14
v 11 2 15
v 11 3 14
v 11 3 15
v 11 4 14
v 11 4 15
v 11 5 14
v 11 5 15
v 11 6 15
v 11 8 14
v 11 7 15
v 11 8 15
v 11 9 15
v 11 10 15
v 11 6 16
v 11 7 16
v 12 6 -15
v 12 6 -16
v 12 7 -16
v 12 7 -15
v 12 6 -14
v 12 7 -14
v 12 6 -13
v 12 7 -13
v 12 6 -12
v 12 7 -12
v 12 6 -11
v 12 7 -11
v 12 6 -10
v 12 7 -10
v 12 6 -9
v 12 7 -9
v 12 6 -8
v 12 7 -8
v 12 6 -7
v 12 7 -7
v 12 6 -6
v 12 7 -6
v 12 6 -5
v 12 7 -5
v 12 6 -4
v 12 7 -4
v 12 6 -3
v 12 7 -3
v 12 6 -2
v 12 7 -2
v 12 6 -1
v 12 7 -1
v 12 0 0
v 12 0 -1
v 12 1 -1
v 12 2 -1
v 12 1 0
v 12 2 0
v 12 3 -1
v 12 3 0
v 12 4 -1
v 12 4 0
v 12 5 -1
v 12 5 0
v 12 6 0
v 12 8 -1
v 12 7 0
v 12 8 0
v 12 9 -1
v 12 9 0
v 12 10 -1
v 12 10 0
v 12 0 1
v 12 1 1
v 12 6 1
v 12 7 1
v 12 9 1
v 12 10 1
v 12 0 2
v 12 1 2
v 12 6 2
v 12 7 2
v 12 9 2
v 12 10 2
v 12 0 3
v 12 1 3
v 12 6 3
v 12 7 3
v 12 9 3
v 12 10 3
v 12 0 4
v 12 1 4
v 12 6 4
v 12 7 4
v 12 9 4
v 12 10 4
v 12 0 5
v 12 1 5
v 12 6 5
v 12 7 5
v 12 9 5
v 12 10 5
v 12 0 6
v 12 1 6
v 12 6 6
v 12 7 6
v 12 9 6
v 12 10 6
v 12 0 7
v 12 1 7
v 12 6 7
v 12 7 7
v 12 9 7
v 12 10 7
v 12 0 8
v 12 1 8
v 12 6 8
v 12 7 8
v 12 9 8
v 12 10 8
v 12 0 9
v 12 1 9
v 12 6 9
v 12 7 9
v 12 9 9
v 12 10 9
v 12 0 10
v 12 1 10
v 12 6 10
v 12 7 10
v 12 9 10
v 12 10 10
v 12 0 11
v 12 1 11
v 12 6 11
v 12 7 11
v 12 9 11
v 12 10 11
v 12 0 12
v 12 1 12
v 12 6 12
v 12 7 12
v 12 9 12
v 12 10 12
v 12 0 13
v 12 1 13
v 12 6 13
v 12 7 13
v 12 9 13
v 12 10 13
v 12 0 14
v 12 1 14
v 12 6 14
v 12 7 14
v 12 9 14
v 12 10 14
v 12 0 15
v 12 1 15
v 12 2 14
v 12 2 15
v 12 3 14
v 12 3 15
v 12 4 14
v 12 4 15
v 12 5 14
v 12 5 15
v 12 6 15
v 12 8 14
v 12 7 15
v 12 8 15
v 12 9 15
v 12 10 15
v 12 6 16
v 12 7 16
v 13 6 -15
v 13 6 -16
v 13 7 -16
v 13 7 -15
v 13 6 -14
v 13 7 -14
v 13 6 -13
v 13 7 -13
v 13 6 -12
v 13 7 -12
v 13 6 -11
v 13 7 -11
v 13 6 -10
v 13 7 -10
v 13 6 -9
v 13 7 -9
v 13 6 -8
v 13 7 -8
v 13 6 -7
v 13 7 -7
v 13 6 -6
v 13 7 -6
v 13 6 -5
v 13 7 -5
v 13 6 -4
v 13 7 -4
v 13 6 -3
v 13 7 -3
v 13 6 -2
v 13 7 -2
v 13 6 -1
v 13 7 -1
v 13 0 0
v 13 0 -1
v 13 1 -1
v 13 2 -1
v 13 1 0
v 13 2 0
v 13 3 -1
v 13 3 0
v 13 4 -1
v 13 4 0
v 13 5 -1
v 13 5 0
v 13 6 0
v 13 8 -1
v 13 7 0
v 13 8 0
v 13 9 -1
v 13 9 0
v 13 10 -1
v 13 10 0
v 13 0 1
v 13 1 1
v 13 6 1
v 13 7 1
v 13 9 1
v 13 10 1
v 13 0 2
v 13 1 2
v 13 6 2
v 13 7 2
v 13 9 2
v 13 10 2
v 13 0 3
v 13 1 3
v 13 6 3
v 13 7 3
v 13 9 3
v 13 10 3
v 13 0 4
v 13 1 4
v 13 6 4
v 13 7 4
v 13 9 4
v 13 10 4
v 13 0 5
v 13 1 5
v 13 6 5
v 13 7 5
v 13 9 5
v 13 10 5
v 13 0 6
v 13 1 6
v 13 6 6
v 13 7 6
v 13 9 6
v 13 10 6
v 13 0 7
v 13 1 7
v 13 6 7
v 13 7 7
v 13 9 7
v 13 10 7
v 13 0 8
v 13 1 8
v 13 6 8
v 13 7 8
v 13 9 8
v 13 10 8
v 13 0 9
v 13 1 9
v 13 6 9
v 13 7 9
v 13 9 9
v 13 10 9
v 13 0 10
v 13 1 10
v 13 6 10
v 13 7 10
v 13 9 10
v 13 10 10
v 13 0 11
v 13 1 11
v 13 6 11
v 13 7 11
v 13 9 11
v 13 10 11
v 13 0 12
v 13 1 12
v 13 6 12
v 13 7 12
v 13 9 12
v 13 10 12
v 13 0 13
v 13 1 13
v 13 6 13
v 13 7 13
v 13 9 13
v 13 10 13
v 13 0 14
v 13 1 14
v 13 6 14
v 13 7 14
v 13 9 14
v 13 10 14
v 13 0 15
v 13 1 15
v 13 2 14
v 13 2 15
v 13 3 14
v 13 3 15
v 13 4 14
v 13 4 15
v 13 5 14
v 13 5 15
v 13 6 15
v 13 8 14
v 13 7 15
v 13 8 15
v 13 9 15
v 13 10 15
v 13 6 16
v 13 7 16
v 14 6 -15
v 14 6 -16
v 14 7 -16
v 14 7 -15
v 14 6 -14
v 14 7 -14
v 14 6 -13
v 14 7 -13
v 14 6 -12
v 14 7 -12
v 14 6 -11
v 14 7 -11
v 14 6 -10
v 14 7 -10
v 14 6 -9
v 14 7 -9
v 14 6 -8
v 14 7 -8
v 14 6 -7
v 14 7 -7
v 14 6 -6
v 14 7 -6
v 14 6 -5
v 14 7 -5
v 14 6 -4
v 14 7 -4
v 14 6 -3
v 14 7 -3
v 14 6 -2
v 14 7 -2
v 14 6 -1
v 14 7 -1
v 14 0 0
v 14 0 -1
v 14 1 -1
v 14 2 -1
v 14 1 0
v 14 2 0
v 14 3 -1
v 14 3 0
v 14 4 -1
v 14 4 0
v 14 5 -1
v 14 5 0
v 14 6 0
v 14 8 -1
v 14 7 0
v 14 8 0
v 14 9 -1
v 14 9 0
v 14 10 -1
v 14 10 0
v 14 0 1
v 14 1 1
v 14 6 1
v 14 7 1
v 14 9 1
v 14 10 1
v 14 0 2
v 14 1 2
v 14 6 2
v 14 7 2
v 14 9 2
v 14 10 2
v 14 0 3
v 14 1 3
v 14 6 3
v 14 7 3
v 14 9 3
v 14 10 3
v 14 0 4
v 14 1 4
v 14 6 4
v 14 7 4
v 14 9 4
v 14 10 4
v 14 0 5
v 14 1 5
v 14 6 5
v 14 7 5
v 14 9 5
v 14 10 5
v 14 0 6
v 14 1 6
v 14 6 6
v 14 7 6
v 14 9 6
v 14 10 6
v 14 0 7
v 14 1 7
v 14 6 7
v 14 7 7
v 14 9 7
v 14 10 7
v 14 0 8
v 14 1 8
v 14 6 8
v 14 7 8
v 14 9 8
v 14 10 8
v 14 0 9
v 14 1 9
v 14 6 9
v 14 7 9
v 14 9 9
v 14 10 9
v 14 0 10
v 14 1 10
v 14 6 10
v 14 7 10
v 14 9 10
v 14 10 10
v 14 0 11
v 14 1 11
v 14 6 11
v 14 7 11
v 14 9 11
v 14 10 11
v 14 0 12
v 14 1 12
v 14 6 12
v 14 7 12
v 14 9 12
v 14 10 12
v 14 0 13
v 14 1 13
v 14 6 13
v 14 7 13
v 14 9 13
v 14 10 13
v 14 0 14
v 14 1 14
v 14 6 14
v 14 7 14
v 14 9 14
v 14 10 14
v 14 0 15
v 14 1 15
v 14 2 14
v 14 2 15
v 14 3 14
v 14 3 15
v 14 4 14
v 14 4 15
v 14 5 14
v 14 5 15
v 14 6 15
v 14 8 14
v 14 7 15
v 14 8 15
v 14 9 15
v 14 10 15
v 14 6 16
v 14 7 16
v 15 6 -15
v 15 6 -16
v 15 7 -16
v 15 7 -15
v 15 6 -14
v 15 7 -14
v 15 6 -13
v 15 7 -13
v 15 6 -12
v 15 7 -12
v 15 6 -11
v 15 7 -11
v 15 6 -10
v 15 7 -10
v 15 6 -9
v 15 7 -9
v 15 6 -8
v 15 7 -8
v 15 6 -7
v 15 7 -7
v 15 6 -6
v 15 7 -6
v 15 6 -5
v 15 7 -5
v 15 6 -4
v 15 7 -4
v 15 6 -3
v 15 7 -3
v 15 6 -2
v 15 7 -2
v 15 6 -1
v 15 7 -1
v 15 0 0
v 15 0 -1
v 15 1 -1
v 15 2 -1
v 15 1 0
v 15 2 0
v 15 3 -1
v 15 3 0
v 15 4 -1
v 15 4 0
v 15 5 -1
v 15 5 0
v 15 6 0
v 15 8 -1
v 15 7 0
v 15 8 0
v 15 9 -1
v 15 9 0
v 15 10 -1
v 15 10 0
v 15 0 1
v 15 1 1
v 15 6 1
v 15 7 1
v 15 9 1
v 15 10 1
v 15 0 2
v 15 1 2
v 15 6 2
v 15 7 2
v 15 9 2
v 15 10 2
v 15 0 3
v 15 1 3
v 15 6 3
v 15 7 3
v 15 9 3
v 15 10 3
v 15 0 4
v 15 1 4
v 15 6 4
v 15 7 4
v 15 9 4
v 15 10 4
v 15 0 5
v 15 1 5
v 15 6 5
v 15 7 5
v 15 9 5
v 15 10 5
v 15 0 6
v 15 1 6
v 15 6 6
v 15 7 6
v 15 9 6
v 15 10 6
v 15 0 7
v 15 1 7
v 15 6 7
v 15 7 7
v 15 9 7
v 15 10 7
v 15 0 8
v 15 1 8
v 15 6 8
v 15 7 8
v 15 9 8
v 15 10 8
v 15 0 9
v 15 1 9
v 15 6 9
v 15 7 9
v 15 9 9
v 15 10 9
v 15 0 10
v 15 1 10
v 15 6 10
v 15 7 10
v 15 9 10
v 15 10 10
v 15 0 11
v 15 1 11
v 15 6 11
v 15 7 11
v 15 9 11
v 15 10 11
v 15 0 12
v 15 1 12
v 15 6 12
v 15 7 12
v 15 9 12
v 15 10 12
v 15 0 13
v 15 1 13
v 15 6 13
v 15 7 13
v 15 9 13
v 15 10 13
v 15 0 14
v 15 1 14
v 15 6 14
v 15 7 14
v 15 9 14
v 15 10 14
v 15 0 15
v 15 1 15
v 15 2 14
v 15 2 15
v 15 3 14
v 15 3 15
v 15 4 14
v 15 4 15
v 15 5 14
v 15 5 15
v 15 6 15
v 15 8 14
v 15 7 15
v 15 8 15
v 15 9 15
v 15 10 15
v 15 6 16
v 15 7 16
v 16 6 -15
v 16 6 -16
v 16 7 -16
v 16 7 -15
v 16 6 -14
v 16 7 -14
v 16 6 -13
v 16 7 -13
v 16 6 -12
v 16 7 -12
v 16 6 -11
v 16 7 -11
v 16 6 -10
v 16 7 -10
v 16 6 -9
v 16 7 -9
v 16 6 -8
v 16 7 -8
v 16 6 -7
v 16 7 -7
v 16 6 -6
v 16 7 -6
v 16 6 -5
v 16 7 -5
v 16 6 -4
v 16 7 -4
v 16 6 -3
v 16 7 -3
v 16 6 -2
v 16 7 -2
v 16 6 -1
v 16 7 -1
v 16 0 0
v 16 0 -1
v 16 1 -1
v 16 2 -1
v 16 1 0
v 16 2 0
v 16 3 -1
v 16 3 0
v 16 4 -1
v 16 4 0
v 16 5 -1
v 16 5 0
v 16 6 0
v 16 8 -1
v 16 7 0
v 16 8 0
v 16 9 -1
v 16 9 0
v 16 10 -1
v 16 10 0
v 16 0 1
v 16 1 1
v 16 6 1
v 16 7 1
v 16 9 1
v 16 10 1
v 16 0 2
v 16 1 2
v 16 6 2
v 16 7 2
v 16 9 2
v 16 10 2
v 16 0 3
v 16 1 3
v 16 6 3
v 16 7 3
v 16 9 3
v 16 10 3
v 16 0 4
v 16 1 4
v 16 6 4
v 16 7 4
v 16 9 4
v 16 10 4
v 16 0 5
v 16 1 5
v 16 6 5
v 16 7 5
v 16 9 5
v 16 10 5
v 16 0 6
v 16 1 6
v 16 6 6
v 16 7 6
v 16 9 6
v 16 10 6
v 16 0 7
v 16 1 7
v 16 6 7
v 16 7 7
v 16 9 7
v 16 10 7
v 16 0 8
v 16 1 8
v 16 6 8
v 16 7 8
v 16 9 8
v 16 10 8
v 16 0 9
v 16 1 9
v 16 6 9
v 16 7 9
v 16 9 9
v 16 10 9
v 16 0 10
v 16 1 10
v 16 6 10
v 16 7 10
v 16 9 10
v 16 10 10
v 16 0 11
v 16 1 11
v 16 6 11
v 16 7 11
v 16 9 11
v 16 10 11
v 16 0 12
v 16 1 12
v 16 6 12
v 16 7 12
v 16 9 12
v 16 10 12
v 16 0 13
v 16 1 13
v 16 6 13
v 16 7 13
v 16 9 13
v 16 10 13
v 16 0 14
v 16 1 14
v 16 6 14
v 16 7 14
v 16 9 14
v 16 10 14
v 16 0 15
v 16 1 15
v 16 2 14
v 16 2 15
v 16 3 14
v 16 3 15
v 16 4 14
v 16 4 15
v 16 5 14
v 16 5 15
v 16 6 15
v 16 8 14
v 16 7 15
v 16 8 15
v 16 9 15
v 16 10 15
v 16 6 16
v 16 7 16
v 17 6 -15
v 17 6 -16
v 17 7 -16
v 17 7 -15
v 17 6 -14
v 17 7 -14
v 17 6 -13
v 17 7 -13
v 17 6 -12
v 17 7 -12
v 17 6 -11
v 17 7 -11
v 17 6 -10
v 17 7 -10
v 17 6 -9
v 17 7 -9
v 17 6 -8
v 17 7 -8
v 17 6 -7
v 17 7 -7
v 17 6 -6
v 17 7 -6
v 17 6 -5
v 17 7 -5
v 17 6 -4
v 17 7 -4
v 17 6 -3
v 17 7 -3
v 17 6 -2
v 17 7 -2
v 17 6 -1
v 17 7 -1
v 17 0 0
v 17 0 -1
v 17 1 -1
v 17 2 -1
v 17 1 0
v 17 2 0
v 17 3 -1
v 17 3 0
v 17 4 -1
v 17 4 0
v 17 5 -1
v 17 5 0
v 17 6 0
v 17 8 -1
v 17 7 0
v 17 8 0
v 17 9 -1
v 17 9 0
v 17 10 -1
v 17 10 0
v 17 0 1
v 17 1 1
v 17 6 1
v 17 7 1
v 17 9 1
v 17 10 1
v 17 0 2
v 17 1 2
v 17 6 2
v 17 7 2
v 17 9 2
v 17 10 2
v 17 0 3
v 17 1 3
v 17 6 3
v 17 7 3
v 17 9 3
v 17 10 3
v 17 0 4
v 17 1 4
v 17 6 4
v 17 7 4
v 17 9 4
v 17 10 4
v 17 0 5
v 17 1 5
v 17 6 5
v 17 7 5
v 17 9 5
v 17 10 5
v 17 0 6
v 17 1 6
v 17 6 6
v 17 7 6
v 17 9 6
v 17 10 6
v 17 0 7
v 17 1 7
v 17 6 7
v 17 7 7
v 17 9 7
v 17 10 7
v 17 0 8
v 17 1 8
v 17 6 8
v 17 7 8
v 17 9 8
v 17 10 8
v 17 0 9
v 17 1 9
v 17 6 9
v 17 7 9
v 17 9 9
v 17 10 9
v 17 0 10
v 17 1 10
v 17 6 10
v 17 7 10
v 17 9 10
v 17 10 10
v 17 0 11
v 17 1 11
v 17 6 11
v 17 7 11
v 17 9 11
v 17 10 11
v 17 0 12
v 17 1 12
v 17 6 12
v 17 7 12
v 17 9 12
v 17 10 12
v 17 0 13
v 17 1 13
v 17 6 13
v 17 7 13
v 17 9 13
v 17 10 13
v 17 0 14
v 17 1 14
v 17 6 14
v 17 7 14
v 17 9 14
v 17 10 14
v 17 0 15
v 17 1 15
v 17 2 14
v 17 2 15
v 17 3 14
v 17 3 15
v 17 4 14
v 17 4 15
v 17 5 14
v 17 5 15
v 17 6 15
v 17 8 14
v 17 7 15
v 17 8 15
v 17 9 15
v 17 10 15
v 17 6 16
v 17 7 16
v 18 6 -15
v 18 6 -16
v 18 7 -16
v 18 7 -15
v 18 6 -14
v 18 7 -14
v 18 6 -13
v 18 7 -13
v 18 6 -12
v 18 7 -12
v 18 6 -11
v 18 7 -11
v 18 6 -10
v 18 7 -10
v 18 6 -9
v 18 7 -9
v 18 6 -8
v 18 7 -8
v 18 6 -7
v 18 7 -7
v 18 6 -6
v 18 7 -6
v 18 6 -5
v 18 7 -5
v 18 6 -4
v 18 7 -4
v 18 6 -3
v 18 7 -3
v 18 6 -2
v 18 7 -2
v 18 6 -1
v 18 7 -1
v 18 0 0
v 18 0 -1
v 18 1 -1
v 18 2 -1
v 18 1 0
v 18 2 0
v 18 3 -1
v 18 3 0
v 18 4 -1
v 18 4 0
v 18 5 -1
v 18 5 0
v 18 6 0
v 18 8 -1
v 18 7 0
v 18 8 0
v 18 9 -1
v 18 9 0
v 18 10 -1
v 18 10 0
v 18 0 1
v 18 1 1
v 18 6 1
v 18 7 1
v 18 9 1
v 18 10 1
v 18 0 2
v 18 1 2
v 18 6 2
v 18 7 2
v 18 9 2
v 18 10 2
v 18 0 3
v 18 1 3
v 18 6 3
v 18 7 3
v 18 9 3
v 18 10 3
v 18 0 4
v 18 1 4
v 18 6 4
v 18 7 4
v 18 9 4
v 18 10 4
v 18 0 5
v 18 1 5
v 18 6 5
v 18 7 5
v 18 9 5
v 18 10 5
v 18 0 6
v 18 1 6
v 18 6 6
v 18 7 6
v 18 9 6
v 18 10 6
v 18 0 7
v 18 1 7
v 18 6 7
v 18 7 7
v 18 9 7
v 18 10 7
v 18 0 8
v 18 1 8
v 18 6 8
v 18 7 8
v 18 9 8
v 18 10 8
v 18 0 9
v 18 1 9
v 18 6 9
v 18 7 9
v 18 9 9
v 18 10 9
v 18 0 10
v 18 1 10
v 18 6 10
v 18 7 10
v 18 9 10
v 18 10 10
v 18 0 11
v 18 1 11
v 18 6 11
v 18 7 11
v 18 9 11
v 18 10 11
v 18 0 12
v 18 1 12
v 18 6 12
v 18 7 12
v 18 9 12
v 18 10 12
v 18 0 13
v 18 1 13
v 18 6 13
v 18 7 13
v 18 9 13
v 18 10 13
v 18 0 14
v 18 1 14
v 18 6 14
v 18 7 14
v 18 9 14
v 18 10 14
v 18 0 15
v 18 1 15
v 18 2 14
v 18 2 15
v 18 3 14
v 18 3 15
v 18 4 14
v 18 4 15
v 18 5 14
v 18 5 15
v 18 6 15
v 18 8 14
v 18 7 15
v 18 8 15
v 18 9 15
v 18 10 15
v 18 6 16
v 18 7 16
v 19 6 -15
v 19 6 -16
v 19 7 -16
v 19 7 -15
v 19 6 -14
v 19 7 -14
v 19 6 -13
v 19 7 -13
v 19 6 -12
v 19 7 -12
v 19 6 -11
v 19 7 -11
v 19 6 -10
v 19 7 -10
v 19 6 -9
v 19 7 -9
v 19 6 -8
v 19 7 -8
v 19 6 -7
v 19 7 -7
v 19 6 -6
v 19 7 -6
v 19 6 -5
v 19 7 -5
v 19 6 -4
v 19 7 -4
v 19 6 -3
v 19 7 -3
v 19 6 -2
v 19 7 -2
v 19 6 -1
v 19 7 -1
v 19 0 0
v 19 0 -1
v 19 1 -1
v 19 2 -1
v 19 1 0
v 19 2 0
v 19 3 -1
v 19 3 0
v 19 4 -1
v 19 4 0
v 19 5 -1
v 19 5 0
v 19 6 0
v 19 8 -1
v 19 7 0
v 19 8 0
v 19 9 -1
v 19 9 0
v 19 10 -1
v 19 10 0
v 19 0 1
v 19 1 1
v 19 6 1
v 19 7 1
v 19 9 1
v 19 10 1
v 19 0 2
v 19 1 2
v 19 6 2
v 19 7 2
v 19 9 2
v 19 10 2
v 19 0 3
v 19 1 3
v 19 6 3
v 19 7 3
v 19 9 3
v 19 10 3
v 19 0 4
v 19 1 4
v 19 6 4
v 19 7 4
v 19 9 4
v 19 10 4
v 19 0 5
v 19 1 5
v 19 6 5
v 19 7 5
v 19 9 5
v 19 10 5
v 19 0 6
v 19 1 6
v 19 6 6
v 19 7 6
v 19 9 6
v 19 10 6
v 19 0 7
v 19 1 7
v 19 6 7
v 19 7 7
v 19 9 7
v 19 10 7
v 19 0 8
v 19 1 8
v 19 6 8
v 19 7 8
v 19 9 8
v 19 10 8
v 19 0 9
v 19 1 9
v 19 6 9
v 19 7 9
v 19 9 9
v 19 10 9
v 19 0 10
v 19 1 10
v 19 6 10
v 19 7 10
v 19 9 10
v 19 10 10
v 19 0 11
v 19 1 11
v 19 6 11
v 19 7 11
v 19 9 11
v 19 10 11
v 19 0 12
v 19 1 12
v 19 6 12
v 19 7 12
v 19 9 12
v 19 10 12
v 19 0 13
v 19 1 13
v 19 6 13
v 19 7 13
v 19 9 13
v 19 10 13
v 19 0 14
v 19 1 14
v 19 6 14
v 19 7 14
v 19 9 14
v 19 10 14
v 19 0 15
v 19 1 15
v 19 2 14
v 19 2 15
v 19 3 14
v 19 3 15
v 19 4 14
v 19 4 15
v 19 5 14
v 19 5 15
v 19 6 15
v 19 8 14
v 19 7 15
v 19 8 15
v 19 9 15
v 19 10 15
v 19 6 16
v 19 7 16
v 20 6 -15
v 20 6 -16
v 20 7 -16
v 20 7 -15
v 20 6 -14
v 20 7 -14
v 20 6 -13
v 20 7 -13
v 20 6 -12
v 20 7 -12
v 20 6 -11
v 20 7 -11
v 20 6 -10
v 20 7 -10
v 20 6 -9
v 20 7 -9
v 20 6 -8
v 20 7 -8
v 20 6 -7
v 20 7 -7
v 20 6 -6
v 20 7 -6
v 20 6 -5
v 20 7 -5
v 20 6 -4
v 20 7 -4
v 20 6 -3
v 20 7 -3
v 20 6 -2
v 20 7 -2
v 20 6 -1
v 20 7 -1
v 20 0 0
v 20 0 -1
v 20 1 -1
v 20 2 -1
v 20 1 0
v 20 2 0
v 20 3 -1
v 20 3 0
v 20 4 -1
v 20 4 0
v 20 5 -1
v 20 5 0
v 20 6 0
v 20 8 -1
v 20 7 0
v 20 8 0
v 20 9 -1
v 20 9 0
v 20 10 -1
v 20 10 0
v 20 0 1
v 20 1 1
v 20 6 1
v 20 7 1
v 20 9 1
v 20 10 1
v 20 0 2
v 20 1 2
v 20 6 2
v 20 7 2
v 20 9 2
v 20 10 2
v 20 0 3
v 20 1 3
v 20 6 3
v 20 7 3
v 20 9 3
v 20 10 3
v 20 0 4
v 20 1 4
v 20 6 4
v 20 7 4
v 20 9 4
v 20 10 4
v 20 0 5
v 20 1 5
v 20 6 5
v 20 7 5
v 20 9 5
v 20 10 5
v 20 0 6
v 20 1 6
v 20 6 6
v 20 7 6
v 20 9 6
v 20 10 6
v 20 0 7
v 20 1 7
v 20 6 7
v 20 7 7
v 20 9 7
v 20 10 7
v 20 0 8
v 20 1 8
v 20 6 8
v 20 7 8
v 20 9 8
v 20 10 8
v 20 0 9
v 20 1 9
v 20 6 9
v 20 7 9
v 20 9 9
v 20 10 9
v 20 0 10
v 20 1 10
v 20 6 10
v 20 7 10
v 20 9 10
v 20 10 10
v 20 0 11
v 20 1 11
v 20 6 11
v 20 7 11
v 20 9 11
v 20 10 11
v 20 0 12
v 20 1 12
v 20 6 12
v 20 7 12
v 20 9 12
v 20 10 12
v 20 0 13
v 20 1 13
v 20 6 13
v 20 7 13
v 20 9 13
v 20 10 13
v 20 0 14
v 20 1 14
v 20 6 14
v 20 7 14
v 20 9 14
v 20 10 14
v 20 0 15
v 20 1 15
v 20 2 14
v 20 2 15
v 20 3 14
v 20 3 15
v 20 4 14
v 20 4 15
v 20 5 14
v 20 5 15
v 20 6 15
v 20 8 14
v 20 7 15
v 20 8 15
v 20 9 15
v 20 10 15
v 20 6 16
v 20 7 16
v 21 6 -15
v 21 6 -16
v 21 7 -16
v 21 7 -15
v 21 6 -14
v 21 7 -14
v 21 6 -13
v 21 7 -13
v 21 6 -12
v 21 7 -12
v 21 6 -11
v 21 7 -11
v 21 6 -10
v 21 7 -10
v 21 6 -9
v 21 7 -9
v 21 6 -8
v 21 7 -8
v 21 6 -7
v 21 7 -7
v 21 6 -6
v 21 7 -6
v 21 6 -5
v 21 7 -5
v 21 6 -4
v 21 7 -4
v 21 6 -3
v 21 7 -3
v 21 6 -2
v 21 7 -2
v 21 6 -1
v 21 7 -1
v 21 0 0
v 21 0 -1
v 21 1 -1
v 21 2 -1
v 21 1 0
v 21 2 0
v 21 3 -1
v 21 3 0
v 21 4 -1
v 21 4 0
v 21 5 -1
v 21 5 0
v 21 6 0
v 21 8 -1
v 21 7 0
v 21 8 0
v 21 9 -1
v 21 9 0
v 21 10 -1
v 21 10 0
v 21 0 1
v 21 1 1
v 21 6 1
v 21 7 1
v 21 9 1
v 21 10 1
v 21 0 2
v 21 1 2
v 21 6 2
v 21 7 2
v 21 9 2
v 21 10 2
v 21 0 3
v 21 1 3
v 21 6 3
v 21 7 3
v 21 9 3
v 21 10 3
v 21 0 4
v 21 1 4
v 21 6 4
v 21 7 4
v 21 9 4
v 21 10 4
v 21 0 5
v 21 1 5
v 21 6 5
v 21 7 5
v 21 9 5
v 21 10 5
v 21 0 6
v 21 1 6
v 21 6 6
v 21 7 6
v 21 9 6
v 21 10 6
v 21 0 7
v 21 1 7
v 21 6 7
v 21 7 7
v 21 9 7
v 21 10 7
v 21 0 8
v 21 1 8
v 21 6 8
v 21 7 8
v 21 9 8
v 21 10 8
v 21 0 9
v 21 1 9
v 21 6 9
v 21 7 9
v 21 9 9
v 21 10 9
v 21 0 10
v 21 1 10
v 21 6 10
v 21 7 10
v 21 9 10
v 21 10 10
v 21 0 11
v 21 1 11
v 21 6 11
v 21 7 11
v 21 9 11
v 21 10 11
v 21 0 12
v 21 1 12
v 21 6 12
v 21 7 12
v 21 9 12
v 21 10 12
v 21 0 13
v 21 1 13
v 21 6 13
v 21 7 13
v 21 9 13
v 21 10 13
v 21 0 14
v 21 1 14
v 21 6 14
v 21 7 14
v 21 9 14
v 21 10 14
v 21 0 15
v 21 1 15
v 21 2 14
v 21 2 15
v 21 3 14
v 21 3 15
v 21 4 14
v 21 4 15
v 21 5 14
v 21 5 15
v 21 6 15
v 21 8 14
v 21 7 15
v 21 8 15
v 21 9 15
v 21 10 15
v 21 6 16
v 21 7 16
v 22 6 -15
v 22 6 -16
v 22 7 -16
v 22 7 -15
v 22 6 -14
v 22 7 -14
v 22 6 -13
v 22 7 -13
v 22 6 -12
v 22 7 -12
v 22 6 -11
v 22 7 -11
v 22 6 -10
v 22 7 -10
v 22 6 -9
v 22 7 -9
v 22 6 -8
v 22 7 -8
v 22 6 -7
v 22 7 -7
v 22 6 -6
v 22 7 -6
v 22 6 -5
v 22 7 -5
v 22 6 -4
v 22 7 -4
v 22 6 -3
v 22 7 -3
v 22 6 -2
v 22 7 -2
v 22 6 -1
v 22 7 -1
v 22 0 0
v 22 0 -1
v 22 1 -1
v 22 2 -1
v 22 1 0
v 22 2 0
v 22 3 -1
v 22 3 0
v 22 4 -1
v 22 4 0
v 22 5 -1
v 22 5 0
v 22 6 0
v 22 8 -1
v 22 7 0
v 22 8 0
v 22 9 -1
v 22 9 0
v 22 10 -1
v 22 10 0
v 22 0 1
v 22 1 1
v 22 6 1
v 22 7 1
v 22 9 1
v 22 10 1
v 22 0 2
v 22 1 2
v 22 6 2
v 22 7 2
v 22 9 2
v 22 10 2
v 22 0 3
v 22 1 3
v 22 6 3
v 22 7 3
v 22 9 3
v 22 10 3
v 22 0 4
v 22 1 4
v 22 6 4
v 22 7 4
v 22 9 4
v 22 10 4
v 22 0 5
v 22 1 5
v 22 6 5
v 22 7 5
v 22 9 5
v 22 10 5
v 22 0 6
v 22 1 6
v 22 6 6
v 22 7 6
v 22 9 6
v 22 10 6
v 22 0 7
v 22 1 7
v 22 6 7
v 22 7 7
v 22 9 7
v 22 10 7
v 22 0 8
v 22 1 8
v 22 6 8
v 22 7 8
v 22 9 8
v 22 10 8
v 22 0 9
v 22 1 9
v 22 6 9
v 22 7 9
v 22 9 9
v 22 10 9
v 22 0 10
v 22 1 10
v 22 6 10
v 22 7 10
v 22 9 10
v 22 10 10
v 22 0 11
v 22 1 11
v 22 6 11
v 22 7 11
v 22 9 11
v 22 10 11
v 22 0 12
v 22 1 12
v 22 6 12
v 22 7 12
v 22 9 12
v 22 10 12
v 22 0 13
v 22 1 13
v 22 6 13
v 22 7 13
v 22 9 13
v 22 10 13
v 22 0 14
v 22 1 14
v 22 6 14
v 22 7 14
v 22 9 14
v 22 10 14
v 22 0 15
v 22 1 15
v 22 2 14
v 22 2 15
v 22 3 14
v 22 3 15
v 22 4 14
v 22 4 15
v 22 5 14
v 22 5 15
v 22 6 15
v 22 8 14
v 22 7 15
v 22 8 15
v 22 9 15
v 22 10 15
v 22 6 16
v 22 7 16
v 23 6 -15
v 23 6 -16
v 23 7 -16
v 23 7 -15
v 23 6 -14
v 23 7 -14
v 23 6 -13
v 23 7 -13
v 23 6 -12
v 23 7 -12
v 23 6 -11
v 23 7 -11
v 23 6 -10
v 23 7 -10
v 23 6 -9
v 23 7 -9
v 23 6 -8
v 23 7 -8
v 23 6 -7
v 23 7 -7
v 23 6 -6
v 23 7 -6
v 23 6 -5
v 23 7 -5
v 23 6 -4
v 23 7 -4
v 23 6 -3
v 23 7 -3
v 23 6 -2
v 23 7 -2
v 23 6 -1
v 23 7 -1
v 23 0 0
v 23 0 -1
v 23 1 -1
v 23 1 0
v 23 2 -1
v 23 2 0
v 23 3 -1
v 23 3 0
v 23 4 -1
v 23 4 0
v 23 5 -1
v 23 5 0
v 23 6 0
v 23 7 0
v 23 8 -1
v 23 8 0
v 23 9 -1
v 23 9 0
v 23 10 -1
v 23 10 0
v 23 0 1
v 23 1 1
v 22 2 1
v 23 2 1
v 22 3 1
v 23 3 1
v 22 4 1
v 23 4 1
v 22 5 1
v 23 5 1
v 23 6 1
v 23 7 1
v 22 8 1
v 23 8 1
v 23 9 1
v 23 10 1
v 23 0 2
v 23 1 2
v 22 2 2
v 23 2 2
v 22 3 2
v 23 3 2
v 22 4 2
v 23 4 2
v 22 5 2
v 23 5 2
v 23 6 2
v 23 7 2
v 22 8 2
v 23 8 2
v 23 9 2
v 23 10 2
v 23 0 3
v 23 1 3
v 22 2 3
v 23 2 3
v 22 3 3
v 23 3 3
v 22 4 3
v 23 4 3
v 22 5 3
v 23 5 3
v 23 6 3
v 23 7 3
v 22 8 3
v 23 8 3
v 23 9 3
v 23 10 3
v 23 0 4
v 23 1 4
v 22 2 4
v 23 2 4
v 22 3 4
v 23 3 4
v 22 4 4
v 23 4 4
v 22 5 4
v 23 5 4
v 23 6 4
v 23 7 4
v 22 8 4
v 23 8 4
v 23 9 4
v 23 10 4
v 23 0 5
v 23 1 5
v 22 2 5
v 23 2 5
v 22 3 5
v 23 3 5
v 22 4 5
v 23 4 5
v 22 5 5
v 23 5 5
v 23 6 5
v 23 7 5
v 22 8 5
v 23 8 5
v 23 9 5
v 23 10 5
v 23 0 6
v 23 1 6
v 22 2 6
v 23 2 6
v 22 3 6
v 23 3 6
v 22 4 6
v 23 4 6
v 22 5 6
v 23 5 6
v 23 6 6
v 23 7 6
v 22 8 6
v 23 8 6
v 23 9 6
v 23 10 6
v 23 0 7
v 23 1 7
v 22 2 7
v 23 2 7
v 22 3 7
v 23 3 7
v 22 4 7
v 23 4 7
v 22 5 7
v 23 5 7
v 23 6 7
v 23 7 7
v 22 8 7
v 23 8 7
v 23 9 7
v 23 10 7
v 23 0 8
v 23 1 8
v 22 2 8
v 23 2 8
v 22 3 8
v 23 3 8
v 22 4 8
v 23 4 8
v 22 5 8
v 23 5 8
v 23 6 8
v 23 7 8
v 22 8 8
v 23 8 8
v 23 9 8
v 23 10 8
v 23 0 9
v 23 1 9
v 22 2 9
v 23 2 9
v 22 3 9
v 23 3 9
v 22 4 9
v 23 4 9
v 22 5 9
v 23 5 9
v 23 6 9
v 23 7 9
v 22 8 9
v 23 8 9
v 23 9 9
v 23 10 9
v 23 0 10
v 23 1 10
v 22 2 10
v 23 2 10
v 22 3 10
v 23 3 10
v 22 4 10
v 23 4 10
v 22 5 10
v 23 5 10
v 23 6 10
v 23 7 10
v 22 8 10
v 23 8 10
v 23 9 10
v 23 10 10
v 23 0 11
v 23 1 11
v 22 2 11
v 23 2 11
v 22 3 11
v 23 3 11
v 22 4 11
v 23 4 11
v 22 5 11
v 23 5 11
v 23 6 11
v 23 7 11
v 22 8 11
v 23 8 11
v 23 9 11
v 23 10 11
v 23 0 12
v 23 1 12
v 22 2 12
v 23 2 12
v 22 3 12
v 23 3 12
v 22 4 12
v 23 4 12
v 22 5 12
v 23 5 12
v 23 6 12
v 23 7 12
v 22 8 12
v 23 8 12
v 23 9 12
v 23 10 12
v 23 0 13
v 23 1 13
v 22 2 13
v 23 2 13
v 22 3 13
v 23 3 13
v 22 4 13
v 23 4 13
v 22 5 13
v 23 5 13
v 23 6 13
v 23 7 13
v 22 8 13
v 23 8 13
v 23 9 13
v 23 10 13
v 23 0 14
v 23 1 14
v 23 2 14
v 23 3 14
v 23 4 14
v 23 5 14
v 23 6 14
v 23 7 14
v 23 8 14
v 23 9 14
v 23 10 14
v 23 0 15
v 23 1 15
v 23 2 15
v 23 3 15
v 23 4 15
v 23 5 15
v 23 6 15
v 23 7 15
v 23 8 15
v 23 9 15
v 23 10 15
v 23 6 16
v 23 7 16

o White_Concrete
g White_Concrete
usemtl white_concrete
f 166/2/1 167/4/1 168/3/1 165/1/1
f 166/3/2 165/1/2 170/2/2 169/4/2
f 165/2/3 168/4/3 171/3/3 170/1/3
f 167/2/1 172/4/1 173/3/1 168/1/1
f 168/2/3 173/4/3 174/3/3 171/1/3
f 172/2/1 175/4/1 176/3/1 173/1/1
f 173/2/3 176/4/3 177/3/3 174/1/3
f 175/2/1 178/4/1 179/3/1 176/1/1
f 176/2/3 179/4/3 180/3/3 177/1/3
f 178/2/1 181/4/1 182/3/1 179/1/1
f 179/2/3 182/4/3 183/3/3 180/1/3
f 181/2/1 67/4/1 63/3/1 182/1/1
f 182/2/3 63/4/3 163/3/3 183/1/3
f 68/2/1 184/4/1 185/3/1 64/1/1
f 64/2/3 185/4/3 186/3/3 164/1/3
f 184/2/1 187/4/1 188/3/1 185/1/1
f 185/2/3 188/4/3 189/3/3 186/1/3
f 194/2/1 195/4/1 167/3/1 166/1/1
f 194/3/2 166/1/2 169/2/2 196/4/2
f 195/2/1 197/4/1 172/3/1 167/1/1
f 198/1/4 199/2/4 200/4/4 201/3/4
f 197/2/1 202/4/1 175/3/1 172/1/1
f 201/1/4 200/2/4 203/4/4 204/3/4
f 202/2/1 205/4/1 178/3/1 175/1/1
f 204/1/4 203/2/4 206/4/4 207/3/4
f 205/2/1 208/4/1 181/3/1 178/1/1
f 207/1/4 206/2/4 209/4/4 210/3/4
f 208/2/1 71/4/1 67/3/1 181/1/1
f 210/1/4 209/2/4 211/4/4 212/3/4
f 72/2/1 213/4/1 184/3/1 68/1/1
f 214/1/4 215/2/4 216/4/4 217/3/4
f 213/2/1 218/4/1 187/3/1 184/1/1
f 217/1/4 216/2/4 219/4/4 220/3/4
f 223/2/1 224/4/1 195/3/1 194/1/1
f 223/3/2 194/1/2 196/2/2 225/4/2
f 224/2/1 226/4/1 197/3/1 195/1/1
f 227/1/4 198/2/4 201/4/4 228/3/4
f 226/2/1 229/4/1 202/3/1 197/1/1
f 228/1/4 201/2/4 204/4/4 230/3/4
f 229/2/1 231/4/1 205/3/1 202/1/1
f 230/1/4 204/2/4 207/4/4 232/3/4
f 231/2/1 233/4/1 208/3/1 205/1/1
f 232/1/4 207/2/4 210/4/4 234/3/4
f 233/2/1 75/4/1 71/3/1 208/1/1
f 234/1/4 210/2/4 212/4/4 235/3/4
f 76/2/1 236/4/1 213/3/1 72/1/1
f 237/1/4 214/2/4 217/4/4 238/3/4
f 236/2/1 239/4/1 218/3/1 213/1/1
f 238/1/4 217/2/4 220/4/4 240/3/4
f 243/2/1 244/4/1 224/3/1 223/1/1
f 243/3/2 223/1/2 225/2/2 245/4/2
f 244/2/1 246/4/1 226/3/1 224/1/1
f 247/1/4 227/2/4 228/4/4 248/3/4
f 246/2/1 249/4/1 229/3/1 226/1/1
f 248/1/4 228/2/4 230/4/4 250/3/4
f 249/2/1 251/4/1 231/3/1 229/1/1
f 250/1/4 230/2/4 232/4/4 252/3/4
f 251/2/1 253/4/1 233/3/1 231/1/1
f 252/1/4 232/2/4 234/4/4 254/3/4
f 253/2/1 79/4/1 75/3/1 233/1/1
f 254/1/4 234/2/4 235/4/4 255/3/4
f 80/2/1 256/4/1 236/3/1 76/1/1
f 257/1/4 237/2/4 238/4/4 258/3/4
f 256/2/1 259/4/1 239/3/1 236/1/1
f 258/1/4 238/2/4 240/4/4 260/3/4
f 263/2/1 264/4/1 244/3/1 243/1/1
f 263/3/2 243/1/2 245/2/2 265/4/2
f 264/2/1 266/4/1 246/3/1 244/1/1
f 267/1/4 247/2/4 248/4/4 268/3/4
f 266/2/1 269/4/1 249/3/1 246/1/1
f 268/1/4 248/2/4 250/4/4 270/3/4
f 269/2/1 271/4/1 251/3/1 249/1/1
f 270/1/4 250/2/4 252/4/4 272/3/4
f 271/2/1 273/4/1 253/3/1 251/1/1
f 272/1/4 252/2/4 254/4/4 274/3/4
f 273/2/1 83/4/1 79/3/1 253/1/1
f 274/1/4 254/2/4 255/4/4 275/3/4
f 84/2/1 276/4/1 256/3/1 80/1/1
f 277/1/4 257/2/4 258/4/4 278/3/4
f 276/2/1 279/4/1 259/3/1 256/1/1
f 278/1/4 258/2/4 260/4/4 280/3/4
f 283/2/1 284/4/1 264/3/1 263/1/1
f 283/3/2 263/1/2 265/2/2 285/4/2
f 284/2/1 286/4/1 266/3/1 264/1/1
f 287/1/4 267/2/4 268/4/4 288/3/4
f 286/2/1 289/4/1 269/3/1 266/1/1
f 288/1/4 268/2/4 270/4/4 290/3/4
f 289/2/1 291/4/1 271/3/1 269/1/1
f 290/1/4 270/2/4 272/4/4 292/3/4
f 291/2/1 293/4/1 273/3/1 271/1/1
f 292/1/4 272/2/4 274/4/4 294/3/4
f 293/2/1 87/4/1 83/3/1 273/1/1
f 294/1/4 274/2/4 275/4/4 295/3/4
f 88/2/1 296/4/1 276/3/1 84/1/1
f 297/1/4 277/2/4 278/4/4 298/3/4
f 296/2/1 299/4/1 279/3/1 276/1/1
f 298/1/4 278/2/4 280/4/4 300/3/4
f 303/2/1 304/4/1 284/3/1 283/1/1
f 303/3/2 283/1/2 285/2/2 305/4/2
f 304/2/1 306/4/1 286/3/1 284/1/1
f 307/1/4 287/2/4 288/4/4 308/3/4
f 306/2/1 309/4/1 289/3/1 286/1/1
f 308/1/4 288/2/4 290/4/4 310/3/4
f 309/2/1 311/4/1 291/3/1 289/1/1
f 310/1/4 290/2/4 292/4/4 312/3/4
f 311/2/1 313/4/1 293/3/1 291/1/1
f 312/1/4 292/2/4 294/4/4 314/3/4
f 313/2/1 91/4/1 87/3/1 293/1/1
f 314/1/4 294/2/4 295/4/4 315/3/4
f 92/2/1 316/4/1 296/3/1 88/1/1
f 317/1/4 297/2/4 298/4/4 318/3/4
f 316/2/1 319/4/1 299/3/1 296/1/1
f 318/1/4 298/2/4 300/4/4 320/3/4
f 323/2/1 324/4/1 304/3/1 303/1/1
f 323/3/2 303/1/2 305/2/2 325/4/2
f 324/2/1 326/4/1 306/3/1 304/1/1
f 327/1/4 307/2/4 308/4/4 328/3/4
f 326/2/1 329/4/1 309/3/1 306/1/1
f 328/1/4 308/2/4 310/4/4 330/3/4
f 329/2/1 331/4/1 311/3/1 309/1/1
f 330/1/4 310/2/4 312/4/4 332/3/4
f 331/2/1 333/4/1 313/3/1 311/1/1
f 332/1/4 312/2/4 314/4/4 334/3/4
f 333/2/1 95/4/1 91/3/1 313/1/1
f 334/1/4 314/2/4 315/4/4 335/3/4
f 96/2/1 336/4/1 316/3/1 92/1/1
f 337/1/4 317/2/4 318/4/4 338/3/4
f 336/2/1 339/4/1 319/3/1 316/1/1
f 338/1/4 318/2/4 320/4/4 340/3/4
f 343/2/1 344/4/1 324/3/1 323/1/1
f 343/3/2 323/1/2 325/2/2 345/4/2
f 344/2/1 346/4/1 326/3/1 324/1/1
f 347/1/4 327/2/4 328/4/4 348/3/4
f 346/2/1 349/4/1 329/3/1 326/1/1
f 348/1/4 328/2/4 330/4/4 350/3/4
f 349/2/1 351/4/1 331/3/1 329/1/1
f 350/1/4 330/2/4 332/4/4 352/3/4
f 351/2/1 353/4/1 333/3/1 331/1/1
f 352/1/4 332/2/4 334/4/4 354/3/4
f 353/2/1 99/4/1 95/3/1 333/1/1
f 354/1/4 334/2/4 335/4/4 355/3/4
f 100/2/1 356/4/1 336/3/1 96/1/1
f 357/1/4 337/2/4 338/4/4 358/3/4
f 356/2/1 359/4/1 339/3/1 336/1/1
f 358/1/4 338/2/4 340/4/4 360/3/4
f 363/2/1 364/4/1 344/3/1 343/1/1
f 363/3/2 343/1/2 345/2/2 365/4/2
f 364/2/1 366/4/1 346/3/1 344/1/1
f 367/1/4 347/2/4 348/4/4 368/3/4
f 366/2/1 369/4/1 349/3/1 346/1/1
f 368/1/4 348/2/4 350/4/4 370/3/4
f 369/2/1 371/4/1 351/3/1 349/1/1
f 370/1/4 350/2/4 352/4/4 372/3/4
f 371/2/1 373/4/1 353/3/1 351/1/1
f 372/1/4 352/2/4 354/4/4 374/3/4
f 373/2/1 103/4/1 99/3/1 353/1/1
f 374/1/4 354/2/4 355/4/4 375/3/4
f 104/2/1 376/4/1 356/3/1 100/1/1
f 377/1/4 357/2/4 358/4/4 378/3/4
f 376/2/1 379/4/1 359/3/1 356/1/1
f 378/1/4 358/2/4 360/4/4 380/3/4
f 383/2/1 384/4/1 364/3/1 363/1/1
f 383/3/2 363/1/2 365/2/2 385/4/2
f 384/2/1 386/4/1 366/3/1 364/1/1
f 387/1/4 367/2/4 368/4/4 388/3/4
f 386/2/1 389/4/1 369/3/1 366/1/1
f 388/1/4 368/2/4 370/4/4 390/3/4
f 389/2/1 391/4/1 371/3/1 369/1/1
f 390/1/4 370/2/4 372/4/4 392/3/4
f 391/2/1 393/4/1 373/3/1 371/1/1
f 392/1/4 372/2/4 374/4/4 394/3/4
f 393/2/1 107/4/1 103/3/1 373/1/1
f 394/1/4 374/2/4 375/4/4 395/3/4
f 108/2/1 396/4/1 376/3/1 104/1/1
f 397/1/4 377/2/4 378/4/4 398/3/4
f 396/2/1 399/4/1 379/3/1 376/1/1
f 398/1/4 378/2/4 380/4/4 400/3/4
f 403/2/1 404/4/1 384/3/1 383/1/1
f 403/3/2 383/1/2 385/2/2 405/4/2
f 404/2/1 406/4/1 386/3/1 384/1/1
f 407/1/4 387/2/4 388/4/4 408/3/4
f 406/2/1 409/4/1 389/3/1 386/1/1
f 408/1/4 388/2/4 390/4/4 410/3/4
f 409/2/1 411/4/1 391/3/1 389/1/1
f 410/1/4 390/2/4 392/4/4 412/3/4
f 411/2/1 413/4/1 393/3/1 391/1/1
f 412/1/4 392/2/4 394/4/4 414/3/4
f 413/2/1 111/4/1 107/3/1 393/1/1
f 414/1/4 394/2/4 395/4/4 415/3/4
f 112/2/1 416/4/1 396/3/1 108/1/1
f 417/1/4 397/2/4 398/4/4 418/3/4
f 416/2/1 419/4/1 399/3/1 396/1/1
f 418/1/4 398/2/4 400/4/4 420/3/4
f 423/2/1 424/4/1 404/3/1 403/1/1
f 423/3/2 403/1/2 405/2/2 425/4/2
f 424/2/1 426/4/1 406/3/1 404/1/1
f 427/1/4 407/2/4 408/4/4 428/3/4
f 426/2/1 429/4/1 409/3/1 406/1/1
f 428/1/4 408/2/4 410/4/4 430/3/4
f 429/2/1 431/4/1 411/3/1 409/1/1
f 430/1/4 410/2/4 412/4/4 432/3/4
f 431/2/1 433/4/1 413/3/1 411/1/1
f 432/1/4 412/2/4 414/4/4 434/3/4
f 433/2/1 115/4/1 111/3/1 413/1/1
f 434/1/4 414/2/4 415/4/4 435/3/4
f 116/2/1 436/4/1 416/3/1 112/1/1
f 437/1/4 417/2/4 418/4/4 438/3/4
f 436/2/1 439/4/1 419/3/1 416/1/1
f 438/1/4 418/2/4 420/4/4 440/3/4
f 443/2/1 444/4/1 424/3/1 423/1/1
f 443/3/2 423/1/2 425/2/2 445/4/2
f 444/2/1 446/4/1 426/3/1 424/1/1
f 447/1/4 427/2/4 428/4/4 448/3/4
f 446/2/1 449/4/1 429/3/1 426/1/1
f 448/1/4 428/2/4 430/4/4 450/3/4
f 449/2/1 451/4/1 431/3/1 429/1/1
f 450/1/4 430/2/4 432/4/4 452/3/4
f 451/2/1 453/4/1 433/3/1 431/1/1
f 452/1/4 432/2/4 434/4/4 454/3/4
f 453/2/1 119/4/1 115/3/1 433/1/1
f 454/1/4 434/2/4 435/4/4 455/3/4
f 120/2/1 456/4/1 436/3/1 116/1/1
f 457/1/4 437/2/4 438/4/4 458/3/4
f 456/2/1 459/4/1 439/3/1 436/1/1
f 458/1/4 438/2/4 440/4/4 460/3/4
f 463/2/1 464/4/1 444/3/1 443/1/1
f 463/3/2 443/1/2 445/2/2 465/4/2
f 464/2/1 466/4/1 446/3/1 444/1/1
f 467/1/4 447/2/4 448/4/4 468/3/4
f 466/2/1 469/4/1 449/3/1 446/1/1
f 468/1/4 448/2/4 450/4/4 470/3/4
f 469/2/1 471/4/1 451/3/1 449/1/1
f 470/1/4 450/2/4 452/4/4 472/3/4
f 471/2/1 473/4/1 453/3/1 451/1/1
f 472/1/4 452/2/4 454/4/4 474/3/4
f 473/2/1 123/4/1 119/3/1 453/1/1
f 474/1/4 454/2/4 455/4/4 475/3/4
f 124/2/1 476/4/1 456/3/1 120/1/1
f 477/1/4 457/2/4 458/4/4 478/3/4
f 476/2/1 479/4/1 459/3/1 456/1/1
f 478/1/4 458/2/4 460/4/4 480/3/4
f 483/2/1 484/4/1 464/3/1 463/1/1
f 483/3/2 463/1/2 465/2/2 485/4/2
f 483/1/6 485/2/6 486/4/6 484/3/6
f 484/2/1 487/4/1 466/3/1 464/1/1
f 484/1/6 486/2/6 488/4/6 487/3/6
f 487/2/1 489/4/1 469/3/1 466/1/1
f 487/1/6 488/2/6 490/4/6 489/3/6
f 489/2/1 491/4/1 471/3/1 469/1/1
f 489/1/6 490/2/6 492/4/6 491/3/6
f 491/2/1 493/4/1 473/3/1 471/1/1
f 491/1/6 492/2/6 494/4/6 493/3/6
f 493/2/1 127/4/1 123/3/1 473/1/1
f 493/1/6 494/2/6 495/4/6 127/3/6
f 128/2/1 496/4/1 476/3/1 124/1/1
f 128/1/6 497/2/6 498/4/6 496/3/6
f 496/2/1 499/4/1 479/3/1 476/1/1
f 496/1/6 498/2/6 500/4/6 499/3/6
f 169/3/2 170/1/2 538/2/2 537/4/2
f 170/2/3 171/4/3 539/3/3 538/1/3
f 171/2/3 174/4/3 540/3/3 539/1/3
f 199/1/6 541/2/6 542/4/6 200/3/6
f 174/2/3 177/4/3 543/3/3 540/1/3
f 200/1/6 542/2/6 544/4/6 203/3/6
f 177/2/3 180/4/3 545/3/3 543/1/3
f 203/1/6 544/2/6 546/4/6 206/3/6
f 180/2/3 183/4/3 547/3/3 545/1/3
f 206/1/6 546/2/6 548/4/6 209/3/6
f 183/2/3 163/4/3 535/3/3 547/1/3
f 209/1/6 548/2/6 549/4/6 211/3/6
f 164/2/3 186/4/3 550/3/3 536/1/3
f 215/1/6 551/2/6 552/4/6 216/3/6
f 186/2/3 189/4/3 553/3/3 550/1/3
f 216/1/6 552/2/6 554/4/6 219/3/6
f 485/3/2 465/1/2 635/2/2 641/4/2
f 485/1/6 641/2/6 642/4/6 486/3/6
f 467/2/3 468/4/3 643/3/3 636/1/3
f 486/1/6 642/2/6 644/4/6 488/3/6
f 468/2/3 470/4/3 645/3/3 643/1/3
f 488/1/6 644/2/6 646/4/6 490/3/6
f 470/2/3 472/4/3 647/3/3 645/1/3
f 490/1/6 646/2/6 648/4/6 492/3/6
f 472/2/3 474/4/3 649/3/3 647/1/3
f 492/1/6 648/2/6 650/4/6 494/3/6
f 474/2/3 475/4/3 637/3/3 649/1/3
f 494/1/6 650/2/6 651/4/6 495/3/6
f 477/2/3 478/4/3 652/3/3 638/1/3
f 497/1/6 653/2/6 654/4/6 498/3/6
f 478/2/3 480/4/3 639/3/3 652/1/3
f 498/1/6 654/2/6 655/4/6 500/3/6
f 537/3/2 538/1/2 692/2/2 691/4/2
f 538/2/3 539/4/3 693/3/3 692/1/3
f 539/2/3 540/4/3 694/3/3 693/1/3
f 541/1/6 695/2/6 696/4/6 542/3/6
f 540/2/3 543/4/3 697/3/3 694/1/3
f 542/1/6 696/2/6 698/4/6 544/3/6
f 543/2/3 545/4/3 699/3/3 697/1/3
f 544/1/6 698/2/6 700/4/6 546/3/6
f 545/2/3 547/4/3 701/3/3 699/1/3
f 546/1/6 700/2/6 702/4/6 548/3/6
f 547/2/3 535/4/3 689/3/3 701/1/3
f 548/1/6 702/2/6 703/4/6 549/3/6
f 536/2/3 550/4/3 704/3/3 690/1/3
f 551/1/6 705/2/6 706/4/6 552/3/6
f 550/2/3 553/4/3 707/3/3 704/1/3
f 552/1/6 706/2/6 708/4/6 554/3/6
f 641/3/2 635/1/2 789/2/2 795/4/2
f 641/1/6 795/2/6 796/4/6 642/3/6
f 636/2/3 643/4/3 797/3/3 790/1/3
f 642/1/6 796/2/6 798/4/6 644/3/6
f 643/2/3 645/4/3 799/3/3 797/1/3
f 644/1/6 798/2/6 800/4/6 646/3/6
f 645/2/3 647/4/3 801/3/3 799/1/3
f 646/1/6 800/2/6 802/4/6 648/3/6
f 647/2/3 649/4/3 803/3/3 801/1/3
f 648/1/6 802/2/6 804/4/6 650/3/6
f 649/2/3 637/4/3 791/3/3 803/1/3
f 650/1/6 804/2/6 805/4/6 651/3/6
f 638/2/3 652/4/3 806/3/3 792/1/3
f 653/1/6 807/2/6 808/4/6 654/3/6
f 652/2/3 639/4/3 793/3/3 806/1/3
f 654/1/6 808/2/6 809/4/6 655/3/6
f 691/3/2 692/1/2 846/2/2 845/4/2
f 692/2/3 693/4/3 847/3/3 846/1/3
f 693/2/3 694/4/3 848/3/3 847/1/3
f 695/1/6 849/2/6 850/4/6 696/3/6
f 694/2/3 697/4/3 851/3/3 848/1/3
f 696/1/6 850/2/6 852/4/6 698/3/6
f 697/2/3 699/4/3 853/3/3 851/1/3
f 698/1/6 852/2/6 854/4/6 700/3/6
f 699/2/3 701/4/3 855/3/3 853/1/3
f 700/1/6 854/2/6 856/4/6 702/3/6
f 701/2/3 689/4/3 843/3/3 855/1/3
f 702/1/6 856/2/6 857/4/6 703/3/6
f 690/2/3 704/4/3 858/3/3 844/1/3
f 705/1/6 859/2/6 860/4/6 706/3/6
f 704/2/3 707/4/3 861/3/3 858/1/3
f 706/1/6 860/2/6 862/4/6 708/3/6
f 795/3/2 789/1/2 943/2/2 949/4/2
f 795/1/6 949/2/6 950/4/6 796/3/6
f 790/2/3 797/4/3 951/3/3 944/1/3
f 796/1/6 950/2/6 952/4/6 798/3/6
f 797/2/3 799/4/3 953/3/3 951/1/3
f 798/1/6 952/2/6 954/4/6 800/3/6
f 799/2/3 801/4/3 955/3/3 953/1/3
f 800/1/6 954/2/6 956/4/6 802/3/6
f 801/2/3 803/4/3 957/3/3 955/1/3
f 802/1/6 956/2/6 958/4/6 804/3/6
f 803/2/3 791/4/3 945/3/3 957/1/3
f 804/1/6 958/2/6 959/4/6 805/3/6
f 792/2/3 806/4/3 960/3/3 946/1/3
f 807/1/6 961/2/6 962/4/6 808/3/6
f 806/2/3 793/4/3 947/3/3 960/1/3
f 808/1/6 962/2/6 963/4/6 809/3/6
f 845/3/2 846/1/2 1000/2/2 999/4/2
f 846/2/3 847/4/3 1001/3/3 1000/1/3
f 847/2/3 848/4/3 1002/3/3 1001/1/3
f 849/1/6 1003/2/6 1004/4/6 850/3/6
f 848/2/3 851/4/3 1005/3/3 1002/1/3
f 850/1/6 1004/2/6 1006/4/6 852/3/6
f 851/2/3 853/4/3 1007/3/3 1005/1/3
f 852/1/6 1006/2/6 1008/4/6 854/3/6
f 853/2/3 855/4/3 1009/3/3 1007/1/3
f 854/1/6 1008/2/6 1010/4/6 856/3/6
f 855/2/3 843/4/3 997/3/3 1009/1/3
f 856/1/6 1010/2/6 1011/4/6 857/3/6
f 844/2/3 858/4/3 1012/3/3 998/1/3
f 859/1/6 1013/2/6 1014/4/6 860/3/6
f 858/2/3 861/4/3 1015/3/3 1012/1/3
f 860/1/6 1014/2/6 1016/4/6 862/3/6
f 949/3/2 943/1/2 1097/2/2 1103/4/2
f 949/1/6 1103/2/6 1104/4/6 950/3/6
f 944/2/3 951/4/3 1105/3/3 1098/1/3
f 950/1/6 1104/2/6 1106/4/6 952/3/6
f 951/2/3 953/4/3 1107/3/3 1105/1/3
f 952/1/6 1106/2/6 1108/4/6 954/3/6
f 953/2/3 955/4/3 1109/3/3 1107/1/3
f 954/1/6 1108/2/6 1110/4/6 956/3/6
f 955/2/3 957/4/3 1111/3/3 1109/1/3
f 956/1/6 1110/2/6 1112/4/6 958/3/6
f 957/2/3 945/4/3 1099/3/3 1111/1/3
f 958/1/6 1112/2/6 1113/4/6 959/3/6
f 946/2/3 960/4/3 1114/3/3 1100/1/3
f 961/1/6 1115/2/6 1116/4/6 962/3/6
f 960/2/3 947/4/3 1101/3/3 1114/1/3
f 962/1/6 1116/2/6 1117/4/6 963/3/6
f 999/3/2 1000/1/2 1154/2/2 1153/4/2
f 1000/2/3 1001/4/3 1155/3/3 1154/1/3
f 1001/2/3 1002/4/3 1156/3/3 1155/1/3
f 1003/1/6 1157/2/6 1158/4/6 1004/3/6
f 1002/2/3 1005/4/3 1159/3/3 1156/1/3
f 1004/1/6 1158/2/6 1160/4/6 1006/3/6
f 1005/2/3 1007/4/3 1161/3/3 1159/1/3
f 1006/1/6 1160/2/6 1162/4/6 1008/3/6
f 1007/2/3 1009/4/3 1163/3/3 1161/1/3
f 1008/1/6 1162/2/6 1164/4/6 1010/3/6
f 1009/2/3 997/4/3 1151/3/3 1163/1/3
f 1010/1/6 1164/2/6 1165/4/6 1011/3/6
f 998/2/3 1012/4/3 1166/3/3 1152/1/3
f 1013/1/6 1167/2/6 1168/4/6 1014/3/6
f 1012/2/3 1015/4/3 1169/3/3 1166/1/3
f 1014/1/6 1168/2/6 1170/4/6 1016/3/6
f 1103/3/2 1097/1/2 1251/2/2 1257/4/2
f 1103/1/6 1257/2/6 1258/4/6 1104/3/6
f 1098/2/3 1105/4/3 1259/3/3 1252/1/3
f 1104/1/6 1258/2/6 1260/4/6 1106/3/6
f 1105/2/3 1107/4/3 1261/3/3 1259/1/3
f 1106/1/6 1260/2/6 1262/4/6 1108/3/6
f 1107/2/3 1109/4/3 1263/3/3 1261/1/3
f 1108/1/6 1262/2/6 1264/4/6 1110/3/6
f 1109/2/3 1111/4/3 1265/3/3 1263/1/3
f 1110/1/6 1264/2/6 1266/4/6 1112/3/6
f 1111/2/3 1099/4/3 1253/3/3 1265/1/3
f 1112/1/6 1266/2/6 1267/4/6 1113/3/6
f 1100/2/3 1114/4/3 1268/3/3 1254/1/3
f 1115/1/6 1269/2/6 1270/4/6 1116/3/6
f 1114/2/3 1101/4/3 1255/3/3 1268/1/3
f 1116/1/6 1270/2/6 1271/4/6 1117/3/6
f 1153/3/2 1154/1/2 1308/2/2 1307/4/2
f 1154/2/3 1155/4/3 1309/3/3 1308/1/3
f 1155/2/3 1156/4/3 1310/3/3 1309/1/3
f 1157/1/6 1311/2/6 1312/4/6 1158/3/6
f 1156/2/3 1159/4/3 1313/3/3 1310/1/3
f 1158/1/6 1312/2/6 1314/4/6 1160/3/6
f 1159/2/3 1161/4/3 1315/3/3 1313/1/3
f 1160/1/6 1314/2/6 1316/4/6 1162/3/6
f 1161/2/3 1163/4/3 1317/3/3 1315/1/3
f 1162/1/6 1316/2/6 1318/4/6 1164/3/6
f 1163/2/3 1151/4/3 1305/3/3 1317/1/3
f 1164/1/6 1318/2/6 1319/4/6 1165/3/6
f 1152/2/3 1166/4/3 1320/3/3 1306/1/3
f 1167/1/6 1321/2/6 1322/4/6 1168/3/6
f 1166/2/3 1169/4/3 1323/3/3 1320/1/3
f 1168/1/6 1322/2/6 1324/4/6 1170/3/6
f 1257/3/2 1251/1/2 1405/2/2 1411/4/2
f 1257/1/6 1411/2/6 1412/4/6 1258/3/6
f 1252/2/3 1259/4/3 1413/3/3 1406/1/3
f 1258/1/6 1412/2/6 1414/4/6 1260/3/6
f 1259/2/3 1261/4/3 1415/3/3 1413/1/3
f 1260/1/6 1414/2/6 1416/4/6 1262/3/6
f 1261/2/3 1263/4/3 1417/3/3 1415/1/3
f 1262/1/6 1416/2/6 1418/4/6 1264/3/6
f 1263/2/3 1265/4/3 1419/3/3 1417/1/3
f 1264/1/6 1418/2/6 1420/4/6 1266/3/6
f 1265/2/3 1253/4/3 1407/3/3 1419/1/3
f 1266/1/6 1420/2/6 1421/4/6 1267/3/6
f 1254/2/3 1268/4/3 1422/3/3 1408/1/3
f 1269/1/6 1423/2/6 1424/4/6 1270/3/6
f 1268/2/3 1255/4/3 1409/3/3 1422/1/3
f 1270/1/6 1424/2/6 1425/4/6 1271/3/6
f 1307/3/2 1308/1/2 1462/2/2 1461/4/2
f 1308/2/3 1309/4/3 1463/3/3 1462/1/3
f 1309/2/3 1310/4/3 1464/3/3 1463/1/3
f 1311/1/6 1465/2/6 1466/4/6 1312/3/6
f 1310/2/3 1313/4/3 1467/3/3 1464/1/3
f 1312/1/6 1466/2/6 1468/4/6 1314/3/6
f 1313/2/3 1315/4/3 1469/3/3 1467/1/3
f 1314/1/6 1468/2/6 1470/4/6 1316/3/6
f 1315/2/3 1317/4/3 1471/3/3 1469/1/3
f 1316/1/6 1470/2/6 1472/4/6 1318/3/6
f 1317/2/3 1305/4/3 1459/3/3 1471/1/3
f 1318/1/6 1472/2/6 1473/4/6 1319/3/6
f 1306/2/3 1320/4/3 1474/3/3 1460/1/3
f 1321/1/6 1475/2/6 1476/4/6 1322/3/6
f 1320/2/3 1323/4/3 1477/3/3 1474/1/3
f 1322/1/6 1476/2/6 1478/4/6 1324/3/6
f 1411/3/2 1405/1/2 1559/2/2 1565/4/2
f 1411/1/6 1565/2/6 1566/4/6 1412/3/6
f 1406/2/3 1413/4/3 1567/3/3 1560/1/3
f 1412/1/6 1566/2/6 1568/4/6 1414/3/6
f 1413/2/3 1415/4/3 1569/3/3 1567/1/3
f 1414/1/6 1568/2/6 1570/4/6 1416/3/6
f 1415/2/3 1417/4/3 1571/3/3 1569/1/3
f 1416/1/6 1570/2/6 1572/4/6 1418/3/6
f 1417/2/3 1419/4/3 1573/3/3 1571/1/3
f 1418/1/6 1572/2/6 1574/4/6 1420/3/6
f 1419/2/3 1407/4/3 1561/3/3 1573/1/3
f 1420/1/6 1574/2/6 1575/4/6 1421/3/6
f 1408/2/3 1422/4/3 1576/3/3 1562/1/3
f 1423/1/6 1577/2/6 1578/4/6 1424/3/6
f 1422/2/3 1409/4/3 1563/3/3 1576/1/3
f 1424/1/6 1578/2/6 1579/4/6 1425/3/6
f 1461/3/2 1462/1/2 1616/2/2 1615/4/2
f 1462/2/3 1463/4/3 1617/3/3 1616/1/3
f 1463/2/3 1464/4/3 1618/3/3 1617/1/3
f 1465/1/6 1619/2/6 1620/4/6 1466/3/6
f 1464/2/3 1467/4/3 1621/3/3 1618/1/3
f 1466/1/6 1620/2/6 1622/4/6 1468/3/6
f 1467/2/3 1469/4/3 1623/3/3 1621/1/3
f 1468/1/6 1622/2/6 1624/4/6 1470/3/6
f 1469/2/3 1471/4/3 1625/3/3 1623/1/3
f 1470/1/6 1624/2/6 1626/4/6 1472/3/6
f 1471/2/3 1459/4/3 1613/3/3 1625/1/3
f 1472/1/6 1626/2/6 1627/4/6 1473/3/6
f 1460/2/3 1474/4/3 1628/3/3 1614/1/3
f 1475/1/6 1629/2/6 1630/4/6 1476/3/6
f 1474/2/3 1477/4/3 1631/3/3 1628/1/3
f 1476/1/6 1630/2/6 1632/4/6 1478/3/6
f 1565/3/2 1559/1/2 1713/2/2 1719/4/2
f 1565/1/6 1719/2/6 1720/4/6 1566/3/6
f 1560/2/3 1567/4/3 1721/3/3 1714/1/3
f 1566/1/6 1720/2/6 1722/4/6 1568/3/6
f 1567/2/3 1569/4/3 1723/3/3 1721/1/3
f 1568/1/6 1722/2/6 1724/4/6 1570/3/6
f 1569/2/3 1571/4/3 1725/3/3 1723/1/3
f 1570/1/6 1724/2/6 1726/4/6 1572/3/6
f 1571/2/3 1573/4/3 1727/3/3 1725/1/3
f 1572/1/6 1726/2/6 1728/4/6 1574/3/6
f 1573/2/3 1561/4/3 1715/3/3 1727/1/3
f 1574/1/6 1728/2/6 1729/4/6 1575/3/6
f 1562/2/3 1576/4/3 1730/3/3 1716/1/3
f 1577/1/6 1731/2/6 1732/4/6 1578/3/6
f 1576/2/3 1563/4/3 1717/3/3 1730/1/3
f 1578/1/6 1732/2/6 1733/4/6 1579/3/6
f 1615/3/2 1616/1/2 1770/2/2 1769/4/2
f 1616/2/3 1617/4/3 1771/3/3 1770/1/3
f 1617/2/3 1618/4/3 1772/3/3 1771/1/3
f 1619/1/6 1773/2/6 1774/4/6 1620/3/6
f 1618/2/3 1621/4/3 1775/3/3 1772/1/3
f 1620/1/6 1774/2/6 1776/4/6 1622/3/6
f 1621/2/3 1623/4/3 1777/3/3 1775/1/3
f 1622/1/6 1776/2/6 1778/4/6 1624/3/6
f 1623/2/3 1625/4/3 1779/3/3 1777/1/3
f 1624/1/6 1778/2/6 1780/4/6 1626/3/6
f 1625/2/3 1613/4/3 1767/3/3 1779/1/3
f 1626/1/6 1780/2/6 1781/4/6 1627/3/6
f 1614/2/3 1628/4/3 1782/3/3 1768/1/3
f 1629/1/6 1783/2/6 1784/4/6 1630/3/6
f 1628/2/3 1631/4/3 1785/3/3 1782/1/3
f 1630/1/6 1784/2/6 1786/4/6 1632/3/6
f 1719/3/2 1713/1/2 1867/2/2 1873/4/2
f 1719/1/6 1873/2/6 1874/4/6 1720/3/6
f 1714/2/3 1721/4/3 1875/3/3 1868/1/3
f 1720/1/6 1874/2/6 1876/4/6 1722/3/6
f 1721/2/3 1723/4/3 1877/3/3 1875/1/3
f 1722/1/6 1876/2/6 1878/4/6 1724/3/6
f 1723/2/3 1725/4/3 1879/3/3 1877/1/3
f 1724/1/6 1878/2/6 1880/4/6 1726/3/6
f 1725/2/3 1727/4/3 1881/3/3 1879/1/3
f 1726/1/6 1880/2/6 1882/4/6 1728/3/6
f 1727/2/3 1715/4/3 1869/3/3 1881/1/3
f 1728/1/6 1882/2/6 1883/4/6 1729/3/6
f 1716/2/3 1730/4/3 1884/3/3 1870/1/3
f 1731/1/6 1885/2/6 1886/4/6 1732/3/6
f 1730/2/3 1717/4/3 1871/3/3 1884/1/3
f 1732/1/6 1886/2/6 1887/4/6 1733/3/6
f 1769/3/2 1770/1/2 1924/2/2 1923/4/2
f 1770/2/3 1771/4/3 1925/3/3 1924/1/3
f 1771/2/3 1772/4/3 1926/3/3 1925/1/3
f 1773/1/6 1927/2/6 1928/4/6 1774/3/6
f 1772/2/3 1775/4/3 1929/3/3 1926/1/3
f 1774/1/6 1928/2/6 1930/4/6 1776/3/6
f 1775/2/3 1777/4/3 1931/3/3 1929/1/3
f 1776/1/6 1930/2/6 1932/4/6 1778/3/6
f 1777/2/3 1779/4/3 1933/3/3 1931/1/3
f 1778/1/6 1932/2/6 1934/4/6 1780/3/6
f 1779/2/3 1767/4/3 1921/3/3 1933/1/3
f 1780/1/6 1934/2/6 1935/4/6 1781/3/6
f 1768/2/3 1782/4/3 1936/3/3 1922/1/3
f 1783/1/6 1937/2/6 1938/4/6 1784/3/6
f 1782/2/3 1785/4/3 1939/3/3 1936/1/3
f 1784/1/6 1938/2/6 1940/4/6 1786/3/6
f 1873/3/2 1867/1/2 2021/2/2 2027/4/2
f 1873/1/6 2027/2/6 2028/4/6 1874/3/6
f 1868/2/3 1875/4/3 2029/3/3 2022/1/3
f 1874/1/6 2028/2/6 2030/4/6 1876/3/6
f 1875/2/3 1877/4/3 2031/3/3 2029/1/3
f 1876/1/6 2030/2/6 2032/4/6 1878/3/6
f 1877/2/3 1879/4/3 2033/3/3 2031/1/3
f 1878/1/6 2032/2/6 2034/4/6 1880/3/6
f 1879/2/3 1881/4/3 2035/3/3 2033/1/3
f 1880/1/6 2034/2/6 2036/4/6 1882/3/6
f 1881/2/3 1869/4/3 2023/3/3 2035/1/3
f 1882/1/6 2036/2/6 2037/4/6 1883/3/6
f 1870/2/3 1884/4/3 2038/3/3 2024/1/3
f 1885/1/6 2039/2/6 2040/4/6 1886/3/6
f 1884/2/3 1871/4/3 2025/3/3 2038/1/3
f 1886/1/6 2040/2/6 2041/4/6 1887/3/6
f 1923/3/2 1924/1/2 2078/2/2 2077/4/2
f 1924/2/3 1925/4/3 2079/3/3 2078/1/3
f 1925/2/3 1926/4/3 2080/3/3 2079/1/3
f 1927/1/6 2081/2/6 2082/4/6 1928/3/6
f 1926/2/3 1929/4/3 2083/3/3 2080/1/3
f 1928/1/6 2082/2/6 2084/4/6 1930/3/6
f 1929/2/3 1931/4/3 2085/3/3 2083/1/3
f 1930/1/6 2084/2/6 2086/4/6 1932/3/6
f 1931/2/3 1933/4/3 2087/3/3 2085/1/3
f 1932/1/6 2086/2/6 2088/4/6 1934/3/6
f 1933/2/3 1921/4/3 2075/3/3 2087/1/3
f 1934/1/6 2088/2/6 2089/4/6 1935/3/6
f 1922/2/3 1936/4/3 2090/3/3 2076/1/3
f 1937/1/6 2091/2/6 2092/4/6 1938/3/6
f 1936/2/3 1939/4/3 2093/3/3 2090/1/3
f 1938/1/6 2092/2/6 2094/4/6 1940/3/6
f 2027/3/2 2021/1/2 2175/2/2 2181/4/2
f 2027/1/6 2181/2/6 2182/4/6 2028/3/6
f 2022/2/3 2029/4/3 2183/3/3 2176/1/3
f 2028/1/6 2182/2/6 2184/4/6 2030/3/6
f 2029/2/3 2031/4/3 2185/3/3 2183/1/3
f 2030/1/6 2184/2/6 2186/4/6 2032/3/6
f 2031/2/3 2033/4/3 2187/3/3 2185/1/3
f 2032/1/6 2186/2/6 2188/4/6 2034/3/6
f 2033/2/3 2035/4/3 2189/3/3 2187/1/3
f 2034/1/6 2188/2/6 2190/4/6 2036/3/6
f 2035/2/3 2023/4/3 2177/3/3 2189/1/3
f 2036/1/6 2190/2/6 2191/4/6 2037/3/6
f 2024/2/3 2038/4/3 2192/3/3 2178/1/3
f 2039/1/6 2193/2/6 2194/4/6 2040/3/6
f 2038/2/3 2025/4/3 2179/3/3 2192/1/3
f 2040/1/6 2194/2/6 2195/4/6 2041/3/6
f 2077/3/2 2078/1/2 2232/2/2 2231/4/2
f 2078/2/3 2079/4/3 2233/3/3 2232/1/3
f 2079/2/3 2080/4/3 2234/3/3 2233/1/3
f 2081/1/6 2235/2/6 2236/4/6 2082/3/6
f 2080/2/3 2083/4/3 2237/3/3 2234/1/3
f 2082/1/6 2236/2/6 2238/4/6 2084/3/6
f 2083/2/3 2085/4/3 2239/3/3 2237/1/3
f 2084/1/6 2238/2/6 2240/4/6 2086/3/6
f 2085/2/3 2087/4/3 2241/3/3 2239/1/3
f 2086/1/6 2240/2/6 2242/4/6 2088/3/6
f 2087/2/3 2075/4/3 2229/3/3 2241/1/3
f 2088/1/6 2242/2/6 2243/4/6 2089/3/6
f 2076/2/3 2090/4/3 2244/3/3 2230/1/3
f 2091/1/6 2245/2/6 2246/4/6 2092/3/6
f 2090/2/3 2093/4/3 2247/3/3 2244/1/3
f 2092/1/6 2246/2/6 2248/4/6 2094/3/6
f 2181/3/2 2175/1/2 2329/2/2 2335/4/2
f 2181/1/6 2335/2/6 2336/4/6 2182/3/6
f 2176/2/3 2183/4/3 2337/3/3 2330/1/3
f 2182/1/6 2336/2/6 2338/4/6 2184/3/6
f 2183/2/3 2185/4/3 2339/3/3 2337/1/3
f 2184/1/6 2338/2/6 2340/4/6 2186/3/6
f 2185/2/3 2187/4/3 2341/3/3 2339/1/3
f 2186/1/6 2340/2/6 2342/4/6 2188/3/6
f 2187/2/3 2189/4/3 2343/3/3 2341/1/3
f 2188/1/6 2342/2/6 2344/4/6 2190/3/6
f 2189/2/3 2177/4/3 2331/3/3 2343/1/3
f 2190/1/6 2344/2/6 2345/4/6 2191/3/6
f 2178/2/3 2192/4/3 2346/3/3 2332/1/3
f 2193/1/6 2347/2/6 2348/4/6 2194/3/6
f 2192/2/3 2179/4/3 2333/3/3 2346/1/3
f 2194/1/6 2348/2/6 2349/4/6 2195/3/6
f 2231/3/2 2232/1/2 2386/2/2 2385/4/2
f 2232/2/3 2233/4/3 2387/3/3 2386/1/3
f 2233/2/3 2234/4/3 2388/3/3 2387/1/3
f 2235/1/6 2389/2/6 2390/4/6 2236/3/6
f 2234/2/3 2237/4/3 2391/3/3 2388/1/3
f 2236/1/6 2390/2/6 2392/4/6 2238/3/6
f 2237/2/3 2239/4/3 2393/3/3 2391/1/3
f 2238/1/6 2392/2/6 2394/4/6 2240/3/6
f 2239/2/3 2241/4/3 2395/3/3 2393/1/3
f 2240/1/6 2394/2/6 2396/4/6 2242/3/6
f 2241/2/3 2229/4/3 2383/3/3 2395/1/3
f 2242/1/6 2396/2/6 2397/4/6 2243/3/6
f 2230/2/3 2244/4/3 2398/3/3 2384/1/3
f 2245/1/6 2399/2/6 2400/4/6 2246/3/6
f 2244/2/3 2247/4/3 2401/3/3 2398/1/3
f 2246/1/6 2400/2/6 2402/4/6 2248/3/6
f 2335/3/2 2329/1/2 2483/2/2 2489/4/2
f 2335/1/6 2489/2/6 2490/4/6 2336/3/6
f 2330/2/3 2337/4/3 2491/3/3 2484/1/3
f 2336/1/6 2490/2/6 2492/4/6 2338/3/6
f 2337/2/3 2339/4/3 2493/3/3 2491/1/3
f 2338/1/6 2492/2/6 2494/4/6 2340/3/6
f 2339/2/3 2341/4/3 2495/3/3 2493/1/3
f 2340/1/6 2494/2/6 2496/4/6 2342/3/6
f 2341/2/3 2343/4/3 2497/3/3 2495/1/3
f 2342/1/6 2496/2/6 2498/4/6 2344/3/6
f 2343/2/3 2331/4/3 2485/3/3 2497/1/3
f 2344/1/6 2498/2/6 2499/4/6 2345/3/6
f 2332/2/3 2346/4/3 2500/3/3 2486/1/3
f 2347/1/6 2501/2/6 2502/4/6 2348/3/6
f 2346/2/3 2333/4/3 2487/3/3 2500/1/3
f 2348/1/6 2502/2/6 2503/4/6 2349/3/6
f 2385/3/2 2386/1/2 2540/2/2 2539/4/2
f 2386/2/3 2387/4/3 2541/3/3 2540/1/3
f 2387/2/3 2388/4/3 2542/3/3 2541/1/3
f 2389/1/6 2543/2/6 2544/4/6 2390/3/6
f 2388/2/3 2391/4/3 2545/3/3 2542/1/3
f 2390/1/6 2544/2/6 2546/4/6 2392/3/6
f 2391/2/3 2393/4/3 2547/3/3 2545/1/3
f 2392/1/6 2546/2/6 2548/4/6 2394/3/6
f 2393/2/3 2395/4/3 2549/3/3 2547/1/3
f 2394/1/6 2548/2/6 2550/4/6 2396/3/6
f 2395/2/3 2383/4/3 2537/3/3 2549/1/3
f 2396/1/6 2550/2/6 2551/4/6 2397/3/6
f 2384/2/3 2398/4/3 2552/3/3 2538/1/3
f 2399/1/6 2553/2/6 2554/4/6 2400/3/6
f 2398/2/3 2401/4/3 2555/3/3 2552/1/3
f 2400/1/6 2554/2/6 2556/4/6 2402/3/6
f 2489/3/2 2483/1/2 2679/2/2 2685/4/2
f 2489/1/6 2685/2/6 2686/4/6 2490/3/6
f 2484/2/3 2491/4/3 2687/3/3 2680/1/3
f 2490/1/6 2686/2/6 2688/4/6 2492/3/6
f 2491/2/3 2493/4/3 2689/3/3 2687/1/3
f 2492/1/6 2688/2/6 2690/4/6 2494/3/6
f 2493/2/3 2495/4/3 2691/3/3 2689/1/3
f 2494/1/6 2690/2/6 2692/4/6 2496/3/6
f 2495/2/3 2497/4/3 2693/3/3 2691/1/3
f 2496/1/6 2692/2/6 2694/4/6 2498/3/6
f 2497/2/3 2485/4/3 2681/3/3 2693/1/3
f 2498/1/6 2694/2/6 2695/4/6 2499/3/6
f 2486/2/3 2500/4/3 2696/3/3 2682/1/3
f 2501/1/6 2697/2/6 2698/4/6 2502/3/6
f 2500/2/3 2487/4/3 2683/3/3 2696/1/3
f 2502/1/6 2698/2/6 2699/4/6 2503/3/6
f 2704/2/1 2705/4/1 2706/3/1 2703/1/1
f 2704/3/2 2703/1/2 2708/2/2 2707/4/2
f 2703/2/3 2706/4/3 2709/3/3 2708/1/3
f 2705/2/1 2710/4/1 2711/3/1 2706/1/1
f 2706/2/3 2711/4/3 2712/3/3 2709/1/3
f 2710/2/1 2713/4/1 2714/3/1 2711/1/1
f 2711/2/3 2714/4/3 2715/3/3 2712/1/3
f 2713/2/1 2716/4/1 2717/3/1 2714/1/1
f 2714/2/3 2717/4/3 2718/3/3 2715/1/3
f 2716/2/1 2719/4/1 2720/3/1 2717/1/1
f 2717/2/3 2720/4/3 2721/3/3 2718/1/3
f 2719/2/1 2507/4/1 2508/3/1 2720/1/1
f 2720/2/3 2508/4/3 2722/3/3 2721/1/3
f 2510/2/1 2724/4/1 2725/3/1 2509/1/1
f 2509/2/3 2725/4/3 2726/3/3 2723/1/3
f 2724/2/1 2727/4/1 2728/3/1 2725/1/1
f 2725/2/3 2728/4/3 2729/3/3 2726/1/3
f 2734/2/1 2735/4/1 2705/3/1 2704/1/1
f 2734/3/2 2704/1/2 2707/2/2 2736/4/2
f 2735/2/1 2737/4/1 2710/3/1 2705/1/1
f 2738/1/4 2739/2/4 2740/4/4 2741/3/4
f 2737/2/1 2742/4/1 2713/3/1 2710/1/1
f 2741/1/4 2740/2/4 2743/4/4 2744/3/4
f 2742/2/1 2745/4/1 2716/3/1 2713/1/1
f 2744/1/4 2743/2/4 2746/4/4 2747/3/4
f 2745/2/1 2748/4/1 2719/3/1 2716/1/1
f 2747/1/4 2746/2/4 2749/4/4 2750/3/4
f 2748/2/1 2511/4/1 2507/3/1 2719/1/1
f 2750/1/4 2749/2/4 2751/4/4 2752/3/4
f 2512/2/1 2753/4/1 2724/3/1 2510/1/1
f 2754/1/4 2755/2/4 2756/4/4 2757/3/4
f 2753/2/1 2758/4/1 2727/3/1 2724/1/1
f 2757/1/4 2756/2/4 2759/4/4 2760/3/4
f 2763/2/1 2764/4/1 2735/3/1 2734/1/1
f 2763/3/2 2734/1/2 2736/2/2 2765/4/2
f 2764/2/1 2766/4/1 2737/3/1 2735/1/1
f 2767/1/4 2738/2/4 2741/4/4 2768/3/4
f 2766/2/1 2769/4/1 2742/3/1 2737/1/1
f 2768/1/4 2741/2/4 2744/4/4 2770/3/4
f 2769/2/1 2771/4/1 2745/3/1 2742/1/1
f 2770/1/4 2744/2/4 2747/4/4 2772/3/4
f 2771/2/1 2773/4/1 2748/3/1 2745/1/1
f 2772/1/4 2747/2/4 2750/4/4 2774/3/4
f 2773/2/1 2513/4/1 2511/3/1 2748/1/1
f 2774/1/4 2750/2/4 2752/4/4 2775/3/4
f 2514/2/1 2776/4/1 2753/3/1 2512/1/1
f 2777/1/4 2754/2/4 2757/4/4 2778/3/4
f 2776/2/1 2779/4/1 2758/3/1 2753/1/1
f 2778/1/4 2757/2/4 2760/4/4 2780/3/4
f 2783/2/1 2784/4/1 2764/3/1 2763/1/1
f 2783/3/2 2763/1/2 2765/2/2 2785/4/2
f 2784/2/1 2786/4/1 2766/3/1 2764/1/1
f 2787/1/4 2767/2/4 2768/4/4 2788/3/4
f 2786/2/1 2789/4/1 2769/3/1 2766/1/1
f 2788/1/4 2768/2/4 2770/4/4 2790/3/4
f 2789/2/1 2791/4/1 2771/3/1 2769/1/1
f 2790/1/4 2770/2/4 2772/4/4 2792/3/4
f 2791/2/1 2793/4/1 2773/3/1 2771/1/1
f 2792/1/4 2772/2/4 2774/4/4 2794/3/4
f 2793/2/1 2515/4/1 2513/3/1 2773/1/1
f 2794/1/4 2774/2/4 2775/4/4 2795/3/4
f 2516/2/1 2796/4/1 2776/3/1 2514/1/1
f 2797/1/4 2777/2/4 2778/4/4 2798/3/4
f 2796/2/1 2799/4/1 2779/3/1 2776/1/1
f 2798/1/4 2778/2/4 2780/4/4 2800/3/4
f 2803/2/1 2804/4/1 2784/3/1 2783/1/1
f 2803/3/2 2783/1/2 2785/2/2 2805/4/2
f 2804/2/1 2806/4/1 2786/3/1 2784/1/1
f 2807/1/4 2787/2/4 2788/4/4 2808/3/4
f 2806/2/1 2809/4/1 2789/3/1 2786/1/1
f 2808/1/4 2788/2/4 2790/4/4 2810/3/4
f 2809/2/1 2811/4/1 2791/3/1 2789/1/1
f 2810/1/4 2790/2/4 2792/4/4 2812/3/4
f 2811/2/1 2813/4/1 2793/3/1 2791/1/1
f 2812/1/4 2792/2/4 2794/4/4 2814/3/4
f 2813/2/1 2517/4/1 2515/3/1 2793/1/1
f 2814/1/4 2794/2/4 2795/4/4 2815/3/4
f 2518/2/1 2816/4/1 2796/3/1 2516/1/1
f 2817/1/4 2797/2/4 2798/4/4 2818/3/4
f 2816/2/1 2819/4/1 2799/3/1 2796/1/1
f 2818/1/4 2798/2/4 2800/4/4 2820/3/4
f 2823/2/1 2824/4/1 2804/3/1 2803/1/1
f 2823/3/2 2803/1/2 2805/2/2 2825/4/2
f 2824/2/1 2826/4/1 2806/3/1 2804/1/1
f 2827/1/4 2807/2/4 2808/4/4 2828/3/4
f 2826/2/1 2829/4/1 2809/3/1 2806/1/1
f 2828/1/4 2808/2/4 2810/4/4 2830/3/4
f 2829/2/1 2831/4/1 2811/3/1 2809/1/1
f 2830/1/4 2810/2/4 2812/4/4 2832/3/4
f 2831/2/1 2833/4/1 2813/3/1 2811/1/1
f 2832/1/4 2812/2/4 2814/4/4 2834/3/4
f 2833/2/1 2519/4/1 2517/3/1 2813/1/1
f 2834/1/4 2814/2/4 2815/4/4 2835/3/4
f 2520/2/1 2836/4/1 2816/3/1 2518/1/1
f 2837/1/4 2817/2/4 2818/4/4 2838/3/4
f 2836/2/1 2839/4/1 2819/3/1 2816/1/1
f 2838/1/4 2818/2/4 2820/4/4 2840/3/4
f 2843/2/1 2844/4/1 2824/3/1 2823/1/1
f 2843/3/2 2823/1/2 2825/2/2 2845/4/2
f 2844/2/1 2846/4/1 2826/3/1 2824/1/1
f 2847/1/4 2827/2/4 2828/4/4 2848/3/4
f 2846/2/1 2849/4/1 2829/3/1 2826/1/1
f 2848/1/4 2828/2/4 2830/4/4 2850/3/4
f 2849/2/1 2851/4/1 2831/3/1 2829/1/1
f 2850/1/4 2830/2/4 2832/4/4 2852/3/4
f 2851/2/1 2853/4/1 2833/3/1 2831/1/1
f 2852/1/4 2832/2/4 2834/4/4 2854/3/4
f 2853/2/1 2521/4/1 2519/3/1 2833/1/1
f 2854/1/4 2834/2/4 2835/4/4 2855/3/4
f 2522/2/1 2856/4/1 2836/3/1 2520/1/1
f 2857/1/4 2837/2/4 2838/4/4 2858/3/4
f 2856/2/1 2859/4/1 2839/3/1 2836/1/1
f 2858/1/4 2838/2/4 2840/4/4 2860/3/4
f 2863/2/1 2864/4/1 2844/3/1 2843/1/1
f 2863/3/2 2843/1/2 2845/2/2 2865/4/2
f 2864/2/1 2866/4/1 2846/3/1 2844/1/1
f 2867/1/4 2847/2/4 2848/4/4 2868/3/4
f 2866/2/1 2869/4/1 2849/3/1 2846/1/1
f 2868/1/4 2848/2/4 2850/4/4 2870/3/4
f 2869/2/1 2871/4/1 2851/3/1 2849/1/1
f 2870/1/4 2850/2/4 2852/4/4 2872/3/4
f 2871/2/1 2873/4/1 2853/3/1 2851/1/1
f 2872/1/4 2852/2/4 2854/4/4 2874/3/4
f 2873/2/1 2523/4/1 2521/3/1 2853/1/1
f 2874/1/4 2854/2/4 2855/4/4 2875/3/4
f 2524/2/1 2876/4/1 2856/3/1 2522/1/1
f 2877/1/4 2857/2/4 2858/4/4 2878/3/4
f 2876/2/1 2879/4/1 2859/3/1 2856/1/1
f 2878/1/4 2858/2/4 2860/4/4 2880/3/4
f 2883/2/1 2884/4/1 2864/3/1 2863/1/1
f 2883/3/2 2863/1/2 2865/2/2 2885/4/2
f 2884/2/1 2886/4/1 2866/3/1 2864/1/1
f 2887/1/4 2867/2/4 2868/4/4 2888/3/4
f 2886/2/1 2889/4/1 2869/3/1 2866/1/1
f 2888/1/4 2868/2/4 2870/4/4 2890/3/4
f 2889/2/1 2891/4/1 2871/3/1 2869/1/1
f 2890/1/4 2870/2/4 2872/4/4 2892/3/4
f 2891/2/1 2893/4/1 2873/3/1 2871/1/1
f 2892/1/4 2872/2/4 2874/4/4 2894/3/4
f 2893/2/1 2525/4/1 2523/3/1 2873/1/1
f 2894/1/4 2874/2/4 2875/4/4 2895/3/4
f 2526/2/1 2896/4/1 2876/3/1 2524/1/1
f 2897/1/4 2877/2/4 2878/4/4 2898/3/4
f 2896/2/1 2899/4/1 2879/3/1 2876/1/1
f 2898/1/4 2878/2/4 2880/4/4 2900/3/4
f 2903/2/1 2904/4/1 2884/3/1 2883/1/1
f 2903/3/2 2883/1/2 2885/2/2 2905/4/2
f 2904/2/1 2906/4/1 2886/3/1 2884/1/1
f 2907/1/4 2887/2/4 2888/4/4 2908/3/4
f 2906/2/1 2909/4/1 2889/3/1 2886/1/1
f 2908/1/4 2888/2/4 2890/4/4 2910/3/4
f 2909/2/1 2911/4/1 2891/3/1 2889/1/1
f 2910/1/4 2890/2/4 2892/4/4 2912/3/4
f 2911/2/1 2913/4/1 2893/3/1 2891/1/1
f 2912/1/4 2892/2/4 2894/4/4 2914/3/4
f 2913/2/1 2527/4/1 2525/3/1 2893/1/1
f 2914/1/4 2894/2/4 2895/4/4 2915/3/4
f 2528/2/1 2916/4/1 2896/3/1 2526/1/1
f 2917/1/4 2897/2/4 2898/4/4 2918/3/4
f 2916/2/1 2919/4/1 2899/3/1 2896/1/1
f 2918/1/4 2898/2/4 2900/4/4 2920/3/4
f 2923/2/1 2924/4/1 2904/3/1 2903/1/1
f 2923/3/2 2903/1/2 2905/2/2 2925/4/2
f 2924/2/1 2926/4/1 2906/3/1 2904/1/1
f 2927/1/4 2907/2/4 2908/4/4 2928/3/4
f 2926/2/1 2929/4/1 2909/3/1 2906/1/1
f 2928/1/4 2908/2/4 2910/4/4 2930/3/4
f 2929/2/1 2931/4/1 2911/3/1 2909/1/1
f 2930/1/4 2910/2/4 2912/4/4 2932/3/4
f 2931/2/1 2933/4/1 2913/3/1 2911/1/1
f 2932/1/4 2912/2/4 2914/4/4 2934/3/4
f 2933/2/1 2529/4/1 2527/3/1 2913/1/1
f 2934/1/4 2914/2/4 2915/4/4 2935/3/4
f 2530/2/1 2936/4/1 2916/3/1 2528/1/1
f 2937/1/4 2917/2/4 2918/4/4 2938/3/4
f 2936/2/1 2939/4/1 2919/3/1 2916/1/1
f 2938/1/4 2918/2/4 2920/4/4 2940/3/4
f 2943/2/1 2944/4/1 2924/3/1 2923/1/1
f 2943/3/2 2923/1/2 2925/2/2 2945/4/2
f 2944/2/1 2946/4/1 2926/3/1 2924/1/1
f 2947/1/4 2927/2/4 2928/4/4 2948/3/4
f 2946/2/1 2949/4/1 2929/3/1 2926/1/1
f 2948/1/4 2928/2/4 2930/4/4 2950/3/4
f 2949/2/1 2951/4/1 2931/3/1 2929/1/1
f 2950/1/4 2930/2/4 2932/4/4 2952/3/4
f 2951/2/1 2953/4/1 2933/3/1 2931/1/1
f 2952/1/4 2932/2/4 2934/4/4 2954/3/4
f 2953/2/1 2531/4/1 2529/3/1 2933/1/1
f 2954/1/4 2934/2/4 2935/4/4 2955/3/4
f 2532/2/1 2956/4/1 2936/3/1 2530/1/1
f 2957/1/4 2937/2/4 2938/4/4 2958/3/4
f 2956/2/1 2959/4/1 2939/3/1 2936/1/1
f 2958/1/4 2938/2/4 2940/4/4 2960/3/4
f 2963/2/1 2964/4/1 2944/3/1 2943/1/1
f 2963/3/2 2943/1/2 2945/2/2 2965/4/2
f 2964/2/1 2966/4/1 2946/3/1 2944/1/1
f 2967/1/4 2947/2/4 2948/4/4 2968/3/4
f 2966/2/1 2969/4/1 2949/3/1 2946/1/1
f 2968/1/4 2948/2/4 2950/4/4 2970/3/4
f 2969/2/1 2971/4/1 2951/3/1 2949/1/1
f 2970/1/4 2950/2/4 2952/4/4 2972/3/4
f 2971/2/1 2973/4/1 2953/3/1 2951/1/1
f 2972/1/4 2952/2/4 2954/4/4 2974/3/4
f 2973/2/1 2533/4/1 2531/3/1 2953/1/1
f 2974/1/4 2954/2/4 2955/4/4 2975/3/4
f 2534/2/1 2976/4/1 2956/3/1 2532/1/1
f 2977/1/4 2957/2/4 2958/4/4 2978/3/4
f 2976/2/1 2979/4/1 2959/3/1 2956/1/1
f 2978/1/4 2958/2/4 2960/4/4 2980/3/4
f 2983/2/1 2984/4/1 2964/3/1 2963/1/1
f 2983/3/2 2963/1/2 2965/2/2 2985/4/2
f 2984/2/1 2986/4/1 2966/3/1 2964/1/1
f 2987/1/4 2967/2/4 2968/4/4 2988/3/4
f 2986/2/1 2989/4/1 2969/3/1 2966/1/1
f 2988/1/4 2968/2/4 2970/4/4 2990/3/4
f 2989/2/1 2991/4/1 2971/3/1 2969/1/1
f 2990/1/4 2970/2/4 2972/4/4 2992/3/4
f 2991/2/1 2993/4/1 2973/3/1 2971/1/1
f 2992/1/4 2972/2/4 2974/4/4 2994/3/4
f 2993/2/1 2535/4/1 2533/3/1 2973/1/1
f 2994/1/4 2974/2/4 2975/4/4 2995/3/4
f 2536/2/1 2996/4/1 2976/3/1 2534/1/1
f 2997/1/4 2977/2/4 2978/4/4 2998/3/4
f 2996/2/1 2999/4/1 2979/3/1 2976/1/1
f 2998/1/4 2978/2/4 2980/4/4 3000/3/4
f 2540/2/1 2541/4/1 2984/3/1 2983/1/1
f 2540/3/2 2983/1/2 2985/2/2 3003/4/2
f 2541/2/1 2542/4/1 2986/3/1 2984/1/1
f 3004/1/4 2987/2/4 2988/4/4 3005/3/4
f 2542/2/1 2545/4/1 2989/3/1 2986/1/1
f 3005/1/4 2988/2/4 2990/4/4 3006/3/4
f 2545/2/1 2547/4/1 2991/3/1 2989/1/1
f 3006/1/4 2990/2/4 2992/4/4 3007/3/4
f 2547/2/1 2549/4/1 2993/3/1 2991/1/1
f 3007/1/4 2992/2/4 2994/4/4 3008/3/4
f 2549/2/1 2537/4/1 2535/3/1 2993/1/1
f 3008/1/4 2994/2/4 2995/4/4 3009/3/4
f 2538/2/1 2552/4/1 2996/3/1 2536/1/1
f 3010/1/4 2997/2/4 2998/4/4 3011/3/4
f 2552/2/1 2555/4/1 2999/3/1 2996/1/1
f 3011/1/4 2998/2/4 3000/4/4 3012/3/4
f 2539/3/2 2540/1/2 3003/2/2 3014/4/2
f 2559/3/2 2539/1/2 3014/2/2 3016/4/2
f 2560/2/1 3017/4/1 2544/3/1 2543/1/1
f 3018/1/4 3019/2/4 3020/4/4 3021/3/4
f 3017/2/1 3022/4/1 2546/3/1 2544/1/1
f 3021/1/4 3020/2/4 3023/4/4 3024/3/4
f 3022/2/1 3025/4/1 2548/3/1 2546/1/1
f 3024/1/4 3023/2/4 3026/4/4 3027/3/4
f 3025/2/1 3028/4/1 2550/3/1 2548/1/1
f 3027/1/4 3026/2/4 3029/4/4 3030/3/4
f 3028/2/1 2561/4/1 2551/3/1 2550/1/1
f 3030/1/4 3029/2/4 3031/4/4 3032/3/4
f 2562/2/1 3033/4/1 2554/3/1 2553/1/1
f 3034/1/4 3035/2/4 3036/4/4 3037/3/4
f 3033/2/1 2563/4/1 2556/3/1 2554/1/1
f 3037/1/4 3036/2/4 3038/4/4 3039/3/4
f 2565/3/2 2559/1/2 3016/2/2 3041/4/2
f 2566/2/1 3042/4/1 3017/3/1 2560/1/1
f 3043/1/4 3018/2/4 3021/4/4 3044/3/4
f 3042/2/1 3045/4/1 3022/3/1 3017/1/1
f 3044/1/4 3021/2/4 3024/4/4 3046/3/4
f 3045/2/1 3047/4/1 3025/3/1 3022/1/1
f 3046/1/4 3024/2/4 3027/4/4 3048/3/4
f 3047/2/1 3049/4/1 3028/3/1 3025/1/1
f 3048/1/4 3027/2/4 3030/4/4 3050/3/4
f 3049/2/1 2567/4/1 2561/3/1 3028/1/1
f 3050/1/4 3030/2/4 3032/4/4 3051/3/4
f 2568/2/1 3052/4/1 3033/3/1 2562/1/1
f 3053/1/4 3034/2/4 3037/4/4 3054/3/4
f 3052/2/1 2569/4/1 2563/3/1 3033/1/1
f 3054/1/4 3037/2/4 3039/4/4 3055/3/4
f 2571/3/2 2565/1/2 3041/2/2 3057/4/2
f 2572/2/1 3058/4/1 3042/3/1 2566/1/1
f 3059/1/4 3043/2/4 3044/4/4 3060/3/4
f 3058/2/1 3061/4/1 3045/3/1 3042/1/1
f 3060/1/4 3044/2/4 3046/4/4 3062/3/4
f 3061/2/1 3063/4/1 3047/3/1 3045/1/1
f 3062/1/4 3046/2/4 3048/4/4 3064/3/4
f 3063/2/1 3065/4/1 3049/3/1 3047/1/1
f 3064/1/4 3048/2/4 3050/4/4 3066/3/4
f 3065/2/1 2573/4/1 2567/3/1 3049/1/1
f 3066/1/4 3050/2/4 3051/4/4 3067/3/4
f 2574/2/1 3068/4/1 3052/3/1 2568/1/1
f 3069/1/4 3053/2/4 3054/4/4 3070/3/4
f 3068/2/1 2575/4/1 2569/3/1 3052/1/1
f 3070/1/4 3054/2/4 3055/4/4 3071/3/4
f 2577/3/2 2571/1/2 3057/2/2 3073/4/2
f 2578/2/1 2586/4/1 3058/3/1 2572/1/1
f 3074/1/4 3059/2/4 3060/4/4 3075/3/4
f 2586/2/1 2589/4/1 3061/3/1 3058/1/1
f 3075/1/4 3060/2/4 3062/4/4 3076/3/4
f 2589/2/1 2592/4/1 3063/3/1 3061/1/1
f 3076/1/4 3062/2/4 3064/4/4 3077/3/4
f 2592/2/1 3078/4/1 3065/3/1 3063/1/1
f 3077/1/4 3064/2/4 3066/4/4 3079/3/4
f 3078/2/1 2579/4/1 2573/3/1 3065/1/1
f 3079/1/4 3066/2/4 3067/4/4 3080/3/4
f 2580/2/1 3081/4/1 3068/3/1 2574/1/1
f 3082/1/4 3069/2/4 3070/4/4 3083/3/4
f 3081/2/1 2581/4/1 2575/3/1 3068/1/1
f 3083/1/4 3070/2/4 3071/4/4 3084/3/4
f 2583/3/2 2577/1/2 3073/2/2 3086/4/2
f 3087/1/4 3074/2/4 3075/4/4 3088/3/4
f 3088/1/4 3075/2/4 3076/4/4 3089/3/4
f 3089/1/4 3076/2/4 3077/4/4 3090/3/4
f 2593/2/1 2608/4/1 3078/3/1 2592/1/1
f 3090/1/4 3077/2/4 3079/4/4 3091/3/4
f 2608/2/1 2594/4/1 2579/3/1 3078/1/1
f 3091/1/4 3079/2/4 3080/4/4 3092/3/4
f 2595/2/1 3093/4/1 3081/3/1 2580/1/1
f 3094/1/4 3082/2/4 3083/4/4 3095/3/4
f 3093/2/1 2596/4/1 2581/3/1 3081/1/1
f 3095/1/4 3083/2/4 3084/4/4 3096/3/4
f 2598/3/2 2583/1/2 3086/2/2 3098/4/2
f 3102/1/4 3090/2/4 3091/4/4 3103/3/4
f 2609/2/1 2610/4/1 2594/3/1 2608/1/1
f 3103/1/4 3091/2/4 3092/4/4 3104/3/4
f 2611/2/1 3105/4/1 3093/3/1 2595/1/1
f 3106/1/4 3094/2/4 3095/4/4 3107/3/4
f 3105/2/1 2612/4/1 2596/3/1 3093/1/1
f 3107/1/4 3095/2/4 3096/4/4 3108/3/4
f 2619/2/1 2620/4/1 2610/3/1 2609/1/1
f 3113/1/4 3103/2/4 3104/4/4 3114/3/4
f 2621/2/1 3115/4/1 3105/3/1 2611/1/1
f 3116/1/4 3106/2/4 3107/4/4 3117/3/4
f 3115/2/1 2622/4/1 2612/3/1 3105/1/1
f 3117/1/4 3107/2/4 3108/4/4 3118/3/4
f 2629/2/1 2630/4/1 2620/3/1 2619/1/1
f 3123/1/4 3113/2/4 3114/4/4 3124/3/4
f 2631/2/1 3125/4/1 3115/3/1 2621/1/1
f 3126/1/4 3116/2/4 3117/4/4 3127/3/4
f 3125/2/1 2632/4/1 2622/3/1 3115/1/1
f 3127/1/4 3117/2/4 3118/4/4 3128/3/4
f 2634/3/2 2624/1/2 3120/2/2 3130/4/2
f 3136/1/4 3122/2/4 3123/4/4 3137/3/4
f 2643/2/1 2645/4/1 2630/3/1 2629/1/1
f 3137/1/4 3123/2/4 3124/4/4 3138/3/4
f 2646/2/1 3139/4/1 3125/3/1 2631/1/1
f 3140/1/4 3126/2/4 3127/4/4 3141/3/4
f 3139/2/1 2647/4/1 2632/3/1 3125/1/1
f 3141/1/4 3127/2/4 3128/4/4 3142/3/4
f 2649/3/2 2634/1/2 3130/2/2 3144/4/2
f 3145/1/4 3132/2/4 3133/4/4 3146/3/4
f 3146/1/4 3133/2/4 3135/4/4 3147/3/4
f 3147/1/4 3135/2/4 3136/4/4 3148/3/4
f 2656/2/1 3149/4/1 2643/3/1 2644/1/1
f 3148/1/4 3136/2/4 3137/4/4 3150/3/4
f 3149/2/1 2657/4/1 2645/3/1 2643/1/1
f 3150/1/4 3137/2/4 3138/4/4 3151/3/4
f 2658/2/1 3152/4/1 3139/3/1 2646/1/1
f 3153/1/4 3140/2/4 3141/4/4 3154/3/4
f 3152/2/1 2659/4/1 2647/3/1 3139/1/1
f 3154/1/4 3141/2/4 3142/4/4 3155/3/4
f 2661/3/2 2649/1/2 3144/2/2 3157/4/2
f 2662/2/1 3158/4/1 2652/3/1 2651/1/1
f 3159/1/4 3145/2/4 3146/4/4 3160/3/4
f 3158/2/1 3161/4/1 2654/3/1 2652/1/1
f 3160/1/4 3146/2/4 3147/4/4 3162/3/4
f 3161/2/1 3163/4/1 2656/3/1 2654/1/1
f 3162/1/4 3147/2/4 3148/4/4 3164/3/4
f 3163/2/1 3165/4/1 3149/3/1 2656/1/1
f 3164/1/4 3148/2/4 3150/4/4 3166/3/4
f 3165/2/1 2663/4/1 2657/3/1 3149/1/1
f 3166/1/4 3150/2/4 3151/4/4 3167/3/4
f 2664/2/1 3168/4/1 3152/3/1 2658/1/1
f 3169/1/4 3153/2/4 3154/4/4 3170/3/4
f 3168/2/1 2665/4/1 2659/3/1 3152/1/1
f 3170/1/4 3154/2/4 3155/4/4 3171/3/4
f 2667/3/2 2661/1/2 3157/2/2 3173/4/2
f 2668/2/1 3174/4/1 3158/3/1 2662/1/1
f 3175/1/4 3159/2/4 3160/4/4 3176/3/4
f 3174/2/1 3177/4/1 3161/3/1 3158/1/1
f 3176/1/4 3160/2/4 3162/4/4 3178/3/4
f 3177/2/1 3179/4/1 3163/3/1 3161/1/1
f 3178/1/4 3162/2/4 3164/4/4 3180/3/4
f 3179/2/1 3181/4/1 3165/3/1 3163/1/1
f 3180/1/4 3164/2/4 3166/4/4 3182/3/4
f 3181/2/1 2669/4/1 2663/3/1 3165/1/1
f 3182/1/4 3166/2/4 3167/4/4 3183/3/4
f 2670/2/1 3184/4/1 3168/3/1 2664/1/1
f 3185/1/4 3169/2/4 3170/4/4 3186/3/4
f 3184/2/1 2671/4/1 2665/3/1 3168/1/1
f 3186/1/4 3170/2/4 3171/4/4 3187/3/4
f 2673/3/2 2667/1/2 3173/2/2 3189/4/2
f 2674/2/1 3190/4/1 3174/3/1 2668/1/1
f 3191/1/4 3175/2/4 3176/4/4 3192/3/4
f 3190/2/1 3193/4/1 3177/3/1 3174/1/1
f 3192/1/4 3176/2/4 3178/4/4 3194/3/4
f 3193/2/1 3195/4/1 3179/3/1 3177/1/1
f 3194/1/4 3178/2/4 3180/4/4 3196/3/4
f 3195/2/1 3197/4/1 3181/3/1 3179/1/1
f 3196/1/4 3180/2/4 3182/4/4 3198/3/4
f 3197/2/1 2675/4/1 2669/3/1 3181/1/1
f 3198/1/4 3182/2/4 3183/4/4 3199/3/4
f 2676/2/1 3200/4/1 3184/3/1 2670/1/1
f 3201/1/4 3185/2/4 3186/4/4 3202/3/4
f 3200/2/1 2677/4/1 2671/3/1 3184/1/1
f 3202/1/4 3186/2/4 3187/4/4 3203/3/4
f 2679/3/2 2673/1/2 3189/2/2 3205/4/2
f 2680/2/1 2687/4/1 3190/3/1 2674/1/1
f 3206/1/4 3191/2/4 3192/4/4 3207/3/4
f 2687/2/1 2689/4/1 3193/3/1 3190/1/1
f 3207/1/4 3192/2/4 3194/4/4 3208/3/4
f 2689/2/1 2691/4/1 3195/3/1 3193/1/1
f 3208/1/4 3194/2/4 3196/4/4 3209/3/4
f 2691/2/1 2693/4/1 3197/3/1 3195/1/1
f 3209/1/4 3196/2/4 3198/4/4 3210/3/4
f 2693/2/1 2681/4/1 2675/3/1 3197/1/1
f 3210/1/4 3198/2/4 3199/4/4 3211/3/4
f 2682/2/1 2696/4/1 3200/3/1 2676/1/1
f 2696/2/1 2683/4/1 2677/3/1 3200/1/1
f 2685/3/2 2679/1/2 3205/2/2 3213/4/2
f 2685/1/6 3213/2/6 3214/4/6 2686/3/6
f 2686/1/6 3214/2/6 3215/4/6 2688/3/6
f 2688/1/6 3215/2/6 3216/4/6 2690/3/6
f 2690/1/6 3216/2/6 3217/4/6 2692/3/6
f 2692/1/6 3217/2/6 3218/4/6 2694/3/6
f 2694/1/6 3218/2/6 3219/4/6 2695/3/6
f 2697/1/6 3220/2/6 3221/4/6 2698/3/6
f 2698/1/6 3221/2/6 3222/4/6 2699/3/6
f 2707/3/2 2708/1/2 3227/2/2 3226/4/2
f 2708/2/3 2709/4/3 3228/3/3 3227/1/3
f 2709/2/3 2712/4/3 3229/3/3 3228/1/3
f 2739/1/6 3230/2/6 3231/4/6 2740/3/6
f 2712/2/3 2715/4/3 3232/3/3 3229/1/3
f 2740/1/6 3231/2/6 3233/4/6 2743/3/6
f 2715/2/3 2718/4/3 3234/3/3 3232/1/3
f 2743/1/6 3233/2/6 3235/4/6 2746/3/6
f 2718/2/3 2721/4/3 3236/3/3 3234/1/3
f 2746/1/6 3235/2/6 3237/4/6 2749/3/6
f 2721/2/3 2722/4/3 3238/3/3 3236/1/3
f 2749/1/6 3237/2/6 3239/4/6 2751/3/6
f 2723/2/3 2726/4/3 3241/3/3 3240/1/3
f 2755/1/6 3242/2/6 3243/4/6 2756/3/6
f 2726/2/3 2729/4/3 3244/3/3 3241/1/3
f 2756/1/6 3243/2/6 3245/4/6 2759/3/6
f 3014/3/2 3003/1/2 3326/2/2 3332/4/2
f 3004/2/3 3005/4/3 3333/3/3 3327/1/3
f 3019/1/6 3334/2/6 3335/4/6 3020/3/6
f 3005/2/3 3006/4/3 3336/3/3 3333/1/3
f 3020/1/6 3335/2/6 3337/4/6 3023/3/6
f 3006/2/3 3007/4/3 3338/3/3 3336/1/3
f 3023/1/6 3337/2/6 3339/4/6 3026/3/6
f 3007/2/3 3008/4/3 3340/3/3 3338/1/3
f 3026/1/6 3339/2/6 3341/4/6 3029/3/6
f 3008/2/3 3009/4/3 3328/3/3 3340/1/3
f 3029/1/6 3341/2/6 3342/4/6 3031/3/6
f 3010/2/3 3011/4/3 3343/3/3 3329/1/3
f 3035/1/6 3344/2/6 3345/4/6 3036/3/6
f 3011/2/3 3012/4/3 3330/3/3 3343/1/3
f 3036/1/6 3345/2/6 3346/4/6 3038/3/6
f 3213/3/2 3205/1/2 3426/2/2 3434/4/2
f 3213/1/6 3434/2/6 3435/4/6 3214/3/6
f 3206/2/3 3207/4/3 3436/3/3 3427/1/3
f 3214/1/6 3435/2/6 3437/4/6 3215/3/6
f 3207/2/3 3208/4/3 3438/3/3 3436/1/3
f 3215/1/6 3437/2/6 3439/4/6 3216/3/6
f 3208/2/3 3209/4/3 3440/3/3 3438/1/3
f 3216/1/6 3439/2/6 3441/4/6 3217/3/6
f 3209/2/3 3210/4/3 3442/3/3 3440/1/3
f 3217/1/6 3441/2/6 3443/4/6 3218/3/6
f 3210/2/3 3211/4/3 3428/3/3 3442/1/3
f 3218/1/6 3443/2/6 3444/4/6 3219/3/6
f 3220/1/6 3445/2/6 3446/4/6 3221/3/6
f 3221/1/6 3446/2/6 3447/4/6 3222/3/6
f 3226/3/2 3227/1/2 3452/2/2 3451/4/2
f 3227/2/3 3228/4/3 3453/3/3 3452/1/3
f 3228/2/3 3229/4/3 3454/3/3 3453/1/3
f 3230/1/6 3455/2/6 3456/4/6 3231/3/6
f 3229/2/3 3232/4/3 3457/3/3 3454/1/3
f 3231/1/6 3456/2/6 3458/4/6 3233/3/6
f 3232/2/3 3234/4/3 3459/3/3 3457/1/3
f 3233/1/6 3458/2/6 3460/4/6 3235/3/6
f 3234/2/3 3236/4/3 3461/3/3 3459/1/3
f 3235/1/6 3460/2/6 3462/4/6 3237/3/6
f 3236/2/3 3238/4/3 3463/3/3 3461/1/3
f 3237/1/6 3462/2/6 3464/4/6 3239/3/6
f 3240/2/3 3241/4/3 3466/3/3 3465/1/3
f 3242/1/6 3467/2/6 3468/4/6 3243/3/6
f 3241/2/3 3244/4/3 3469/3/3 3466/1/3
f 3243/1/6 3468/2/6 3470/4/6 3245/3/6
f 3332/3/2 3326/1/2 3551/2/2 3557/4/2
f 3327/2/3 3333/4/3 3558/3/3 3552/1/3
f 3334/1/6 3559/2/6 3560/4/6 3335/3/6
f 3333/2/3 3336/4/3 3561/3/3 3558/1/3
f 3335/1/6 3560/2/6 3562/4/6 3337/3/6
f 3336/2/3 3338/4/3 3563/3/3 3561/1/3
f 3337/1/6 3562/2/6 3564/4/6 3339/3/6
f 3338/2/3 3340/4/3 3565/3/3 3563/1/3
f 3339/1/6 3564/2/6 3566/4/6 3341/3/6
f 3340/2/3 3328/4/3 3553/3/3 3565/1/3
f 3341/1/6 3566/2/6 3567/4/6 3342/3/6
f 3329/2/3 3343/4/3 3568/3/3 3554/1/3
f 3344/1/6 3569/2/6 3570/4/6 3345/3/6
f 3343/2/3 3330/4/3 3555/3/3 3568/1/3
f 3345/1/6 3570/2/6 3571/4/6 3346/3/6
f 3434/3/2 3426/1/2 3651/2/2 3657/4/2
f 3434/1/6 3657/2/6 3658/4/6 3435/3/6
f 3427/2/3 3436/4/3 3659/3/3 3652/1/3
f 3435/1/6 3658/2/6 3660/4/6 3437/3/6
f 3436/2/3 3438/4/3 3661/3/3 3659/1/3
f 3437/1/6 3660/2/6 3662/4/6 3439/3/6
f 3438/2/3 3440/4/3 3663/3/3 3661/1/3
f 3439/1/6 3662/2/6 3664/4/6 3441/3/6
f 3440/2/3 3442/4/3 3665/3/3 3663/1/3
f 3441/1/6 3664/2/6 3666/4/6 3443/3/6
f 3442/2/3 3428/4/3 3653/3/3 3665/1/3
f 3443/1/6 3666/2/6 3667/4/6 3444/3/6
f 3430/2/3 3431/4/3 3668/3/3 3654/1/3
f 3445/1/6 3669/2/6 3670/4/6 3446/3/6
f 3431/2/3 3432/4/3 3655/3/3 3668/1/3
f 3446/1/6 3670/2/6 3671/4/6 3447/3/6
f 3451/3/2 3452/1/2 3676/2/2 3675/4/2
f 3452/2/3 3453/4/3 3677/3/3 3676/1/3
f 3453/2/3 3454/4/3 3678/3/3 3677/1/3
f 3455/1/6 3679/2/6 3680/4/6 3456/3/6
f 3454/2/3 3457/4/3 3681/3/3 3678/1/3
f 3456/1/6 3680/2/6 3682/4/6 3458/3/6
f 3457/2/3 3459/4/3 3683/3/3 3681/1/3
f 3458/1/6 3682/2/6 3684/4/6 3460/3/6
f 3459/2/3 3461/4/3 3685/3/3 3683/1/3
f 3460/1/6 3684/2/6 3686/4/6 3462/3/6
f 3461/2/3 3463/4/3 3687/3/3 3685/1/3
f 3462/1/6 3686/2/6 3688/4/6 3464/3/6
f 3465/2/3 3466/4/3 3690/3/3 3689/1/3
f 3467/1/6 3691/2/6 3692/4/6 3468/3/6
f 3466/2/3 3469/4/3 3693/3/3 3690/1/3
f 3468/1/6 3692/2/6 3694/4/6 3470/3/6
f 3557/3/2 3551/1/2 3775/2/2 3781/4/2
f 3552/2/3 3558/4/3 3782/3/3 3776/1/3
f 3559/1/6 3783/2/6 3784/4/6 3560/3/6
f 3558/2/3 3561/4/3 3785/3/3 3782/1/3
f 3560/1/6 3784/2/6 3786/4/6 3562/3/6
f 3561/2/3 3563/4/3 3787/3/3 3785/1/3
f 3562/1/6 3786/2/6 3788/4/6 3564/3/6
f 3563/2/3 3565/4/3 3789/3/3 3787/1/3
f 3564/1/6 3788/2/6 3790/4/6 3566/3/6
f 3565/2/3 3553/4/3 3777/3/3 3789/1/3
f 3566/1/6 3790/2/6 3791/4/6 3567/3/6
f 3554/2/3 3568/4/3 3792/3/3 3778/1/3
f 3569/1/6 3793/2/6 3794/4/6 3570/3/6
f 3568/2/3 3555/4/3 3779/3/3 3792/1/3
f 3570/1/6 3794/2/6 3795/4/6 3571/3/6
f 3657/3/2 3651/1/2 3875/2/2 3881/4/2
f 3657/1/6 3881/2/6 3882/4/6 3658/3/6
f 3652/2/3 3659/4/3 3883/3/3 3876/1/3
f 3658/1/6 3882/2/6 3884/4/6 3660/3/6
f 3659/2/3 3661/4/3 3885/3/3 3883/1/3
f 3660/1/6 3884/2/6 3886/4/6 3662/3/6
f 3661/2/3 3663/4/3 3887/3/3 3885/1/3
f 3662/1/6 3886/2/6 3888/4/6 3664/3/6
f 3663/2/3 3665/4/3 3889/3/3 3887/1/3
f 3664/1/6 3888/2/6 3890/4/6 3666/3/6
f 3665/2/3 3653/4/3 3877/3/3 3889/1/3
f 3666/1/6 3890/2/6 3891/4/6 3667/3/6
f 3654/2/3 3668/4/3 3892/3/3 3878/1/3
f 3669/1/6 3893/2/6 3894/4/6 3670/3/6
f 3668/2/3 3655/4/3 3879/3/3 3892/1/3
f 3670/1/6 3894/2/6 3895/4/6 3671/3/6
f 3675/3/2 3676/1/2 3900/2/2 3899/4/2
f 3676/2/3 3677/4/3 3901/3/3 3900/1/3
f 3677/2/3 3678/4/3 3902/3/3 3901/1/3
f 3679/1/6 3903/2/6 3904/4/6 3680/3/6
f 3678/2/3 3681/4/3 3905/3/3 3902/1/3
f 3680/1/6 3904/2/6 3906/4/6 3682/3/6
f 3681/2/3 3683/4/3 3907/3/3 3905/1/3
f 3682/1/6 3906/2/6 3908/4/6 3684/3/6
f 3683/2/3 3685/4/3 3909/3/3 3907/1/3
f 3684/1/6 3908/2/6 3910/4/6 3686/3/6
f 3685/2/3 3687/4/3 3911/3/3 3909/1/3
f 3686/1/6 3910/2/6 3912/4/6 3688/3/6
f 3689/2/3 3690/4/3 3914/3/3 3913/1/3
f 3691/1/6 3915/2/6 3916/4/6 3692/3/6
f 3690/2/3 3693/4/3 3917/3/3 3914/1/3
f 3692/1/6 3916/2/6 3918/4/6 3694/3/6
f 3781/3/2 3775/1/2 3999/2/2 4005/4/2
f 3776/2/3 3782/4/3 4006/3/3 4000/1/3
f 3783/1/6 4007/2/6 4008/4/6 3784/3/6
f 3782/2/3 3785/4/3 4009/3/3 4006/1/3
f 3784/1/6 4008/2/6 4010/4/6 3786/3/6
f 3785/2/3 3787/4/3 4011/3/3 4009/1/3
f 3786/1/6 4010/2/6 4012/4/6 3788/3/6
f 3787/2/3 3789/4/3 4013/3/3 4011/1/3
f 3788/1/6 4012/2/6 4014/4/6 3790/3/6
f 3789/2/3 3777/4/3 4001/3/3 4013/1/3
f 3790/1/6 4014/2/6 4015/4/6 3791/3/6
f 3778/2/3 3792/4/3 4016/3/3 4002/1/3
f 3793/1/6 4017/2/6 4018/4/6 3794/3/6
f 3792/2/3 3779/4/3 4003/3/3 4016/1/3
f 3794/1/6 4018/2/6 4019/4/6 3795/3/6
f 3881/3/2 3875/1/2 4099/2/2 4105/4/2
f 3881/1/6 4105/2/6 4106/4/6 3882/3/6
f 3876/2/3 3883/4/3 4107/3/3 4100/1/3
f 3882/1/6 4106/2/6 4108/4/6 3884/3/6
f 3883/2/3 3885/4/3 4109/3/3 4107/1/3
f 3884/1/6 4108/2/6 4110/4/6 3886/3/6
f 3885/2/3 3887/4/3 4111/3/3 4109/1/3
f 3886/1/6 4110/2/6 4112/4/6 3888/3/6
f 3887/2/3 3889/4/3 4113/3/3 4111/1/3
f 3888/1/6 4112/2/6 4114/4/6 3890/3/6
f 3889/2/3 3877/4/3 4101/3/3 4113/1/3
f 3890/1/6 4114/2/6 4115/4/6 3891/3/6
f 3878/2/3 3892/4/3 4116/3/3 4102/1/3
f 3893/1/6 4117/2/6 4118/4/6 3894/3/6
f 3892/2/3 3879/4/3 4103/3/3 4116/1/3
f 3894/1/6 4118/2/6 4119/4/6 3895/3/6
f 3899/3/2 3900/1/2 4124/2/2 4123/4/2
f 3900/2/3 3901/4/3 4125/3/3 4124/1/3
f 3901/2/3 3902/4/3 4126/3/3 4125/1/3
f 3903/1/6 4127/2/6 4128/4/6 3904/3/6
f 3902/2/3 3905/4/3 4129/3/3 4126/1/3
f 3904/1/6 4128/2/6 4130/4/6 3906/3/6
f 3905/2/3 3907/4/3 4131/3/3 4129/1/3
f 3906/1/6 4130/2/6 4132/4/6 3908/3/6
f 3907/2/3 3909/4/3 4133/3/3 4131/1/3
f 3908/1/6 4132/2/6 4134/4/6 3910/3/6
f 3909/2/3 3911/4/3 4135/3/3 4133/1/3
f 3910/1/6 4134/2/6 4136/4/6 3912/3/6
f 3913/2/3 3914/4/3 4138/3/3 4137/1/3
f 3915/1/6 4139/2/6 4140/4/6 3916/3/6
f 3914/2/3 3917/4/3 4141/3/3 4138/1/3
f 3916/1/6 4140/2/6 4142/4/6 3918/3/6
f 4005/3/2 3999/1/2 4223/2/2 4235/4/2
f 4007/1/6 4236/2/6 4237/4/6 4008/3/6
f 4008/1/6 4237/2/6 4238/4/6 4010/3/6
f 4010/1/6 4238/2/6 4239/4/6 4012/3/6
f 4011/2/3 4013/4/3 4240/3/3 4230/1/3
f 4012/1/6 4239/2/6 4241/4/6 4014/3/6
f 4013/2/3 4001/4/3 4231/3/3 4240/1/3
f 4014/1/6 4241/2/6 4242/4/6 4015/3/6
f 4002/2/3 4016/4/3 4243/3/3 4232/1/3
f 4017/1/6 4244/2/6 4245/4/6 4018/3/6
f 4016/2/3 4003/4/3 4233/3/3 4243/1/3
f 4018/1/6 4245/2/6 4246/4/6 4019/3/6
f 4105/3/2 4099/1/2 4326/2/2 4338/4/2
f 4105/1/6 4338/2/6 4339/4/6 4106/3/6
f 4106/1/6 4339/2/6 4340/4/6 4108/3/6
f 4108/1/6 4340/2/6 4341/4/6 4110/3/6
f 4110/1/6 4341/2/6 4342/4/6 4112/3/6
f 4111/2/3 4113/4/3 4343/3/3 4333/1/3
f 4112/1/6 4342/2/6 4344/4/6 4114/3/6
f 4113/2/3 4101/4/3 4334/3/3 4343/1/3
f 4114/1/6 4344/2/6 4345/4/6 4115/3/6
f 4102/2/3 4116/4/3 4346/3/3 4335/1/3
f 4117/1/6 4347/2/6 4348/4/6 4118/3/6
f 4116/2/3 4103/4/3 4336/3/3 4346/1/3
f 4118/1/6 4348/2/6 4349/4/6 4119/3/6
f 4123/3/2 4124/1/2 4354/2/2 4353/4/2
f 4124/2/3 4125/4/3 4355/3/3 4354/1/3
f 4125/2/3 4126/4/3 4356/3/3 4355/1/3
f 4127/1/6 4357/2/6 4358/4/6 4128/3/6
f 4126/2/3 4129/4/3 4359/3/3 4356/1/3
f 4128/1/6 4358/2/6 4360/4/6 4130/3/6
f 4129/2/3 4131/4/3 4361/3/3 4359/1/3
f 4130/1/6 4360/2/6 4362/4/6 4132/3/6
f 4131/2/3 4133/4/3 4363/3/3 4361/1/3
f 4132/1/6 4362/2/6 4364/4/6 4134/3/6
f 4133/2/3 4135/4/3 4365/3/3 4363/1/3
f 4134/1/6 4364/2/6 4366/4/6 4136/3/6
f 4137/2/3 4138/4/3 4368/3/3 4367/1/3
f 4139/1/6 4369/2/6 4370/4/6 4140/3/6
f 4138/2/3 4141/4/3 4371/3/3 4368/1/3
f 4140/1/6 4370/2/6 4372/4/6 4142/3/6
f 4235/3/2 4223/1/2 4453/2/2 4468/4/2
f 4239/1/6 4472/2/6 4473/4/6 4241/3/6
f 4240/2/3 4231/4/3 4464/3/3 4463/1/3
f 4241/1/6 4473/2/6 4474/4/6 4242/3/6
f 4232/2/3 4243/4/3 4475/3/3 4465/1/3
f 4244/1/6 4476/2/6 4477/4/6 4245/3/6
f 4243/2/3 4233/4/3 4466/3/3 4475/1/3
f 4245/1/6 4477/2/6 4478/4/6 4246/3/6
f 4338/3/2 4326/1/2 4558/2/2 4573/4/2
f 4338/1/6 4573/2/6 4574/4/6 4339/3/6
f 4342/1/6 4577/2/6 4578/4/6 4344/3/6
f 4343/2/3 4334/4/3 4569/3/3 4568/1/3
f 4344/1/6 4578/2/6 4579/4/6 4345/3/6
f 4335/2/3 4346/4/3 4580/3/3 4570/1/3
f 4347/1/6 4581/2/6 4582/4/6 4348/3/6
f 4346/2/3 4336/4/3 4571/3/3 4580/1/3
f 4348/1/6 4582/2/6 4583/4/6 4349/3/6
f 4353/3/2 4354/1/2 4588/2/2 4587/4/2
f 4354/2/3 4355/4/3 4589/3/3 4588/1/3
f 4355/2/3 4356/4/3 4590/3/3 4589/1/3
f 4357/1/6 4591/2/6 4592/4/6 4358/3/6
f 4356/2/3 4359/4/3 4593/3/3 4590/1/3
f 4358/1/6 4592/2/6 4594/4/6 4360/3/6
f 4359/2/3 4361/4/3 4595/3/3 4593/1/3
f 4360/1/6 4594/2/6 4596/4/6 4362/3/6
f 4361/2/3 4363/4/3 4597/3/3 4595/1/3
f 4362/1/6 4596/2/6 4598/4/6 4364/3/6
f 4363/2/3 4365/4/3 4599/3/3 4597/1/3
f 4364/1/6 4598/2/6 4600/4/6 4366/3/6
f 4367/2/3 4368/4/3 4602/3/3 4601/1/3
f 4369/1/6 4603/2/6 4604/4/6 4370/3/6
f 4368/2/3 4371/4/3 4605/3/3 4602/1/3
f 4370/1/6 4604/2/6 4606/4/6 4372/3/6
f 4463/2/3 4464/4/3 4693/3/3 4692/1/3
f 4473/1/6 4700/2/6 4701/4/6 4474/3/6
f 4465/2/3 4475/4/3 4702/3/3 4694/1/3
f 4476/1/6 4703/2/6 4704/4/6 4477/3/6
f 4475/2/3 4466/4/3 4695/3/3 4702/1/3
f 4477/1/6 4704/2/6 4705/4/6 4478/3/6
f 4568/2/3 4569/4/3 4791/3/3 4790/1/3
f 4578/1/6 4798/2/6 4799/4/6 4579/3/6
f 4570/2/3 4580/4/3 4800/3/3 4792/1/3
f 4581/1/6 4801/2/6 4802/4/6 4582/3/6
f 4580/2/3 4571/4/3 4793/3/3 4800/1/3
f 4582/1/6 4802/2/6 4803/4/6 4583/3/6
f 4587/3/2 4588/1/2 4808/2/2 4807/4/2
f 4588/2/3 4589/4/3 4809/3/3 4808/1/3
f 4589/2/3 4590/4/3 4810/3/3 4809/1/3
f 4591/1/6 4811/2/6 4812/4/6 4592/3/6
f 4590/2/3 4593/4/3 4813/3/3 4810/1/3
f 4592/1/6 4812/2/6 4814/4/6 4594/3/6
f 4593/2/3 4595/4/3 4815/3/3 4813/1/3
f 4594/1/6 4814/2/6 4816/4/6 4596/3/6
f 4595/2/3 4597/4/3 4817/3/3 4815/1/3
f 4596/1/6 4816/2/6 4818/4/6 4598/3/6
f 4597/2/3 4599/4/3 4819/3/3 4817/1/3
f 4598/1/6 4818/2/6 4820/4/6 4600/3/6
f 4601/2/3 4602/4/3 4822/3/3 4821/1/3
f 4603/1/6 4823/2/6 4824/4/6 4604/3/6
f 4602/2/3 4605/4/3 4825/3/3 4822/1/3
f 4604/1/6 4824/2/6 4826/4/6 4606/3/6
f 4692/2/3 4693/4/3 4913/3/3 4912/1/3
f 4700/1/6 4920/2/6 4921/4/6 4701/3/6
f 4694/2/3 4702/4/3 4922/3/3 4914/1/3
f 4703/1/6 4923/2/6 4924/4/6 4704/3/6
f 4702/2/3 4695/4/3 4915/3/3 4922/1/3
f 4704/1/6 4924/2/6 4925/4/6 4705/3/6
f 4790/2/3 4791/4/3 5011/3/3 5010/1/3
f 4798/1/6 5018/2/6 5019/4/6 4799/3/6
f 4792/2/3 4800/4/3 5020/3/3 5012/1/3
f 4801/1/6 5021/2/6 5022/4/6 4802/3/6
f 4800/2/3 4793/4/3 5013/3/3 5020/1/3
f 4802/1/6 5022/2/6 5023/4/6 4803/3/6
f 4807/3/2 4808/1/2 5028/2/2 5027/4/2
f 4808/2/3 4809/4/3 5029/3/3 5028/1/3
f 4809/2/3 4810/4/3 5030/3/3 5029/1/3
f 4811/1/6 5031/2/6 5032/4/6 4812/3/6
f 4810/2/3 4813/4/3 5033/3/3 5030/1/3
f 4812/1/6 5032/2/6 5034/4/6 4814/3/6
f 4813/2/3 4815/4/3 5035/3/3 5033/1/3
f 4814/1/6 5034/2/6 5036/4/6 4816/3/6
f 4815/2/3 4817/4/3 5037/3/3 5035/1/3
f 4816/1/6 5036/2/6 5038/4/6 4818/3/6
f 4817/2/3 4819/4/3 5039/3/3 5037/1/3
f 4818/1/6 5038/2/6 5040/4/6 4820/3/6
f 4821/2/3 4822/4/3 5042/3/3 5041/1/3
f 4823/1/6 5043/2/6 5044/4/6 4824/3/6
f 4822/2/3 4825/4/3 5045/3/3 5042/1/3
f 4824/1/6 5044/2/6 5046/4/6 4826/3/6
f 4917/3/2 4907/1/2 5127/2/2 5142/4/2
f 4919/1/6 5148/2/6 5149/4/6 4920/3/6
f 4912/2/3 4913/4/3 5138/3/3 5137/1/3
f 4920/1/6 5149/2/6 5150/4/6 4921/3/6
f 4914/2/3 4922/4/3 5151/3/3 5139/1/3
f 4923/1/6 5152/2/6 5153/4/6 4924/3/6
f 4922/2/3 4915/4/3 5140/3/3 5151/1/3
f 4924/1/6 5153/2/6 5154/4/6 4925/3/6
f 5015/3/2 5005/1/2 5234/2/2 5249/4/2
f 5015/1/6 5249/2/6 5250/4/6 5016/3/6
f 5017/1/6 5255/2/6 5256/4/6 5018/3/6
f 5010/2/3 5011/4/3 5245/3/3 5244/1/3
f 5018/1/6 5256/2/6 5257/4/6 5019/3/6
f 5012/2/3 5020/4/3 5258/3/3 5246/1/3
f 5021/1/6 5259/2/6 5260/4/6 5022/3/6
f 5020/2/3 5013/4/3 5247/3/3 5258/1/3
f 5022/1/6 5260/2/6 5261/4/6 5023/3/6
f 5027/3/2 5028/1/2 5266/2/2 5265/4/2
f 5028/2/3 5029/4/3 5267/3/3 5266/1/3
f 5029/2/3 5030/4/3 5268/3/3 5267/1/3
f 5031/1/6 5269/2/6 5270/4/6 5032/3/6
f 5030/2/3 5033/4/3 5271/3/3 5268/1/3
f 5032/1/6 5270/2/6 5272/4/6 5034/3/6
f 5033/2/3 5035/4/3 5273/3/3 5271/1/3
f 5034/1/6 5272/2/6 5274/4/6 5036/3/6
f 5035/2/3 5037/4/3 5275/3/3 5273/1/3
f 5036/1/6 5274/2/6 5276/4/6 5038/3/6
f 5037/2/3 5039/4/3 5277/3/3 5275/1/3
f 5038/1/6 5276/2/6 5278/4/6 5040/3/6
f 5041/2/3 5042/4/3 5280/3/3 5279/1/3
f 5043/1/6 5281/2/6 5282/4/6 5044/3/6
f 5042/2/3 5045/4/3 5283/3/3 5280/1/3
f 5044/1/6 5282/2/6 5284/4/6 5046/3/6
f 5142/3/2 5127/1/2 5365/2/2 5377/4/2
f 5144/1/6 5378/2/6 5379/4/6 5145/3/6
f 5145/1/6 5379/2/6 5380/4/6 5147/3/6
f 5147/1/6 5380/2/6 5381/4/6 5148/3/6
f 5136/2/3 5137/4/3 5382/3/3 5372/1/3
f 5148/1/6 5381/2/6 5383/4/6 5149/3/6
f 5137/2/3 5138/4/3 5373/3/3 5382/1/3
f 5149/1/6 5383/2/6 5384/4/6 5150/3/6
f 5139/2/3 5151/4/3 5385/3/3 5374/1/3
f 5152/1/6 5386/2/6 5387/4/6 5153/3/6
f 5151/2/3 5140/4/3 5375/3/3 5385/1/3
f 5153/1/6 5387/2/6 5388/4/6 5154/3/6
f 5249/3/2 5234/1/2 5468/2/2 5480/4/2
f 5249/1/6 5480/2/6 5481/4/6 5250/3/6
f 5250/1/6 5481/2/6 5482/4/6 5252/3/6
f 5252/1/6 5482/2/6 5483/4/6 5254/3/6
f 5254/1/6 5483/2/6 5484/4/6 5255/3/6
f 5243/2/3 5244/4/3 5485/3/3 5475/1/3
f 5255/1/6 5484/2/6 5486/4/6 5256/3/6
f 5244/2/3 5245/4/3 5476/3/3 5485/1/3
f 5256/1/6 5486/2/6 5487/4/6 5257/3/6
f 5246/2/3 5258/4/3 5488/3/3 5477/1/3
f 5259/1/6 5489/2/6 5490/4/6 5260/3/6
f 5258/2/3 5247/4/3 5478/3/3 5488/1/3
f 5260/1/6 5490/2/6 5491/4/6 5261/3/6
f 5265/3/2 5266/1/2 5496/2/2 5495/4/2
f 5266/2/3 5267/4/3 5497/3/3 5496/1/3
f 5267/2/3 5268/4/3 5498/3/3 5497/1/3
f 5269/1/6 5499/2/6 5500/4/6 5270/3/6
f 5268/2/3 5271/4/3 5501/3/3 5498/1/3
f 5270/1/6 5500/2/6 5502/4/6 5272/3/6
f 5271/2/3 5273/4/3 5503/3/3 5501/1/3
f 5272/1/6 5502/2/6 5504/4/6 5274/3/6
f 5273/2/3 5275/4/3 5505/3/3 5503/1/3
f 5274/1/6 5504/2/6 5506/4/6 5276/3/6
f 5275/2/3 5277/4/3 5507/3/3 5505/1/3
f 5276/1/6 5506/2/6 5508/4/6 5278/3/6
f 5279/2/3 5280/4/3 5510/3/3 5509/1/3
f 5281/1/6 5511/2/6 5512/4/6 5282/3/6
f 5280/2/3 5283/4/3 5513/3/3 5510/1/3
f 5282/1/6 5512/2/6 5514/4/6 5284/3/6
f 5377/3/2 5365/1/2 5595/2/2 5601/4/2
f 5367/2/3 5368/4/3 5602/3/3 5596/1/3
f 5378/1/6 5603/2/6 5604/4/6 5379/3/6
f 5368/2/3 5370/4/3 5605/3/3 5602/1/3
f 5379/1/6 5604/2/6 5606/4/6 5380/3/6
f 5370/2/3 5372/4/3 5607/3/3 5605/1/3
f 5380/1/6 5606/2/6 5608/4/6 5381/3/6
f 5372/2/3 5382/4/3 5609/3/3 5607/1/3
f 5381/1/6 5608/2/6 5610/4/6 5383/3/6
f 5382/2/3 5373/4/3 5597/3/3 5609/1/3
f 5383/1/6 5610/2/6 5611/4/6 5384/3/6
f 5374/2/3 5385/4/3 5612/3/3 5598/1/3
f 5386/1/6 5613/2/6 5614/4/6 5387/3/6
f 5385/2/3 5375/4/3 5599/3/3 5612/1/3
f 5387/1/6 5614/2/6 5615/4/6 5388/3/6
f 5480/3/2 5468/1/2 5695/2/2 5701/4/2
f 5480/1/6 5701/2/6 5702/4/6 5481/3/6
f 5470/2/3 5471/4/3 5703/3/3 5696/1/3
f 5481/1/6 5702/2/6 5704/4/6 5482/3/6
f 5471/2/3 5473/4/3 5705/3/3 5703/1/3
f 5482/1/6 5704/2/6 5706/4/6 5483/3/6
f 5473/2/3 5475/4/3 5707/3/3 5705/1/3
f 5483/1/6 5706/2/6 5708/4/6 5484/3/6
f 5475/2/3 5485/4/3 5709/3/3 5707/1/3
f 5484/1/6 5708/2/6 5710/4/6 5486/3/6
f 5485/2/3 5476/4/3 5697/3/3 5709/1/3
f 5486/1/6 5710/2/6 5711/4/6 5487/3/6
f 5477/2/3 5488/4/3 5712/3/3 5698/1/3
f 5489/1/6 5713/2/6 5714/4/6 5490/3/6
f 5488/2/3 5478/4/3 5699/3/3 5712/1/3
f 5490/1/6 5714/2/6 5715/4/6 5491/3/6
f 5495/3/2 5496/1/2 5720/2/2 5719/4/2
f 5496/2/3 5497/4/3 5721/3/3 5720/1/3
f 5497/2/3 5498/4/3 5722/3/3 5721/1/3
f 5499/1/6 5723/2/6 5724/4/6 5500/3/6
f 5498/2/3 5501/4/3 5725/3/3 5722/1/3
f 5500/1/6 5724/2/6 5726/4/6 5502/3/6
f 5501/2/3 5503/4/3 5727/3/3 5725/1/3
f 5502/1/6 5726/2/6 5728/4/6 5504/3/6
f 5503/2/3 5505/4/3 5729/3/3 5727/1/3
f 5504/1/6 5728/2/6 5730/4/6 5506/3/6
f 5505/2/3 5507/4/3 5731/3/3 5729/1/3
f 5506/1/6 5730/2/6 5732/4/6 5508/3/6
f 5509/2/3 5510/4/3 5734/3/3 5733/1/3
f 5511/1/6 5735/2/6 5736/4/6 5512/3/6
f 5510/2/3 5513/4/3 5737/3/3 5734/1/3
f 5512/1/6 5736/2/6 5738/4/6 5514/3/6
f 5601/3/2 5595/1/2 5819/2/2 5825/4/2
f 5596/2/3 5602/4/3 5826/3/3 5820/1/3
f 5603/1/6 5827/2/6 5828/4/6 5604/3/6
f 5602/2/3 5605/4/3 5829/3/3 5826/1/3
f 5604/1/6 5828/2/6 5830/4/6 5606/3/6
f 5605/2/3 5607/4/3 5831/3/3 5829/1/3
f 5606/1/6 5830/2/6 5832/4/6 5608/3/6
f 5607/2/3 5609/4/3 5833/3/3 5831/1/3
f 5608/1/6 5832/2/6 5834/4/6 5610/3/6
f 5609/2/3 5597/4/3 5821/3/3 5833/1/3
f 5610/1/6 5834/2/6 5835/4/6 5611/3/6
f 5598/2/3 5612/4/3 5836/3/3 5822/1/3
f 5613/1/6 5837/2/6 5838/4/6 5614/3/6
f 5612/2/3 5599/4/3 5823/3/3 5836/1/3
f 5614/1/6 5838/2/6 5839/4/6 5615/3/6
f 5701/3/2 5695/1/2 5919/2/2 5925/4/2
f 5701/1/6 5925/2/6 5926/4/6 5702/3/6
f 5696/2/3 5703/4/3 5927/3/3 5920/1/3
f 5702/1/6 5926/2/6 5928/4/6 5704/3/6
f 5703/2/3 5705/4/3 5929/3/3 5927/1/3
f 5704/1/6 5928/2/6 5930/4/6 5706/3/6
f 5705/2/3 5707/4/3 5931/3/3 5929/1/3
f 5706/1/6 5930/2/6 5932/4/6 5708/3/6
f 5707/2/3 5709/4/3 5933/3/3 5931/1/3
f 5708/1/6 5932/2/6 5934/4/6 5710/3/6
f 5709/2/3 5697/4/3 5921/3/3 5933/1/3
f 5710/1/6 5934/2/6 5935/4/6 5711/3/6
f 5698/2/3 5712/4/3 5936/3/3 5922/1/3
f 5713/1/6 5937/2/6 5938/4/6 5714/3/6
f 5712/2/3 5699/4/3 5923/3/3 5936/1/3
f 5714/1/6 5938/2/6 5939/4/6 5715/3/6
f 5719/3/2 5720/1/2 5944/2/2 5943/4/2
f 5720/2/3 5721/4/3 5945/3/3 5944/1/3
f 5721/2/3 5722/4/3 5946/3/3 5945/1/3
f 5723/1/6 5947/2/6 5948/4/6 5724/3/6
f 5722/2/3 5725/4/3 5949/3/3 5946/1/3
f 5724/1/6 5948/2/6 5950/4/6 5726/3/6
f 5725/2/3 5727/4/3 5951/3/3 5949/1/3
f 5726/1/6 5950/2/6 5952/4/6 5728/3/6
f 5727/2/3 5729/4/3 5953/3/3 5951/1/3
f 5728/1/6 5952/2/6 5954/4/6 5730/3/6
f 5729/2/3 5731/4/3 5955/3/3 5953/1/3
f 5730/1/6 5954/2/6 5956/4/6 5732/3/6
f 5733/2/3 5734/4/3 5958/3/3 5957/1/3
f 5735/1/6 5959/2/6 5960/4/6 5736/3/6
f 5734/2/3 5737/4/3 5961/3/3 5958/1/3
f 5736/1/6 5960/2/6 5962/4/6 5738/3/6
f 5825/3/2 5819/1/2 6043/2/2 6049/4/2
f 5820/2/3 5826/4/3 6050/3/3 6044/1/3
f 5827/1/6 6051/2/6 6052/4/6 5828/3/6
f 5826/2/3 5829/4/3 6053/3/3 6050/1/3
f 5828/1/6 6052/2/6 6054/4/6 5830/3/6
f 5829/2/3 5831/4/3 6055/3/3 6053/1/3
f 5830/1/6 6054/2/6 6056/4/6 5832/3/6
f 5831/2/3 5833/4/3 6057/3/3 6055/1/3
f 5832/1/6 6056/2/6 6058/4/6 5834/3/6
f 5833/2/3 5821/4/3 6045/3/3 6057/1/3
f 5834/1/6 6058/2/6 6059/4/6 5835/3/6
f 5822/2/3 5836/4/3 6060/3/3 6046/1/3
f 5837/1/6 6061/2/6 6062/4/6 5838/3/6
f 5836/2/3 5823/4/3 6047/3/3 6060/1/3
f 5838/1/6 6062/2/6 6063/4/6 5839/3/6
f 5925/3/2 5919/1/2 6143/2/2 6149/4/2
f 5925/1/6 6149/2/6 6150/4/6 5926/3/6
f 5920/2/3 5927/4/3 6151/3/3 6144/1/3
f 5926/1/6 6150/2/6 6152/4/6 5928/3/6
f 5927/2/3 5929/4/3 6153/3/3 6151/1/3
f 5928/1/6 6152/2/6 6154/4/6 5930/3/6
f 5929/2/3 5931/4/3 6155/3/3 6153/1/3
f 5930/1/6 6154/2/6 6156/4/6 5932/3/6
f 5931/2/3 5933/4/3 6157/3/3 6155/1/3
f 5932/1/6 6156/2/6 6158/4/6 5934/3/6
f 5933/2/3 5921/4/3 6145/3/3 6157/1/3
f 5934/1/6 6158/2/6 6159/4/6 5935/3/6
f 5922/2/3 5936/4/3 6160/3/3 6146/1/3
f 5937/1/6 6161/2/6 6162/4/6 5938/3/6
f 5936/2/3 5923/4/3 6147/3/3 6160/1/3
f 5938/1/6 6162/2/6 6163/4/6 5939/3/6
f 5943/3/2 5944/1/2 6168/2/2 6167/4/2
f 5944/2/3 5945/4/3 6169/3/3 6168/1/3
f 5945/2/3 5946/4/3 6170/3/3 6169/1/3
f 5947/1/6 6171/2/6 6172/4/6 5948/3/6
f 5946/2/3 5949/4/3 6173/3/3 6170/1/3
f 5948/1/6 6172/2/6 6174/4/6 5950/3/6
f 5949/2/3 5951/4/3 6175/3/3 6173/1/3
f 5950/1/6 6174/2/6 6176/4/6 5952/3/6
f 5951/2/3 5953/4/3 6177/3/3 6175/1/3
f 5952/1/6 6176/2/6 6178/4/6 5954/3/6
f 5953/2/3 5955/4/3 6179/3/3 6177/1/3
f 5954/1/6 6178/2/6 6180/4/6 5956/3/6
f 5957/2/3 5958/4/3 6182/3/3 6181/1/3
f 5959/1/6 6183/2/6 6184/4/6 5960/3/6
f 5958/2/3 5961/4/3 6185/3/3 6182/1/3
f 5960/1/6 6184/2/6 6186/4/6 5962/3/6
f 6049/3/2 6043/1/2 6267/2/2 6273/4/2
f 6044/2/3 6050/4/3 6274/3/3 6268/1/3
f 6051/1/6 6275/2/6 6276/4/6 6052/3/6
f 6050/2/3 6053/4/3 6277/3/3 6274/1/3
f 6052/1/6 6276/2/6 6278/4/6 6054/3/6
f 6053/2/3 6055/4/3 6279/3/3 6277/1/3
f 6054/1/6 6278/2/6 6280/4/6 6056/3/6
f 6055/2/3 6057/4/3 6281/3/3 6279/1/3
f 6056/1/6 6280/2/6 6282/4/6 6058/3/6
f 6057/2/3 6045/4/3 6269/3/3 6281/1/3
f 6058/1/6 6282/2/6 6283/4/6 6059/3/6
f 6046/2/3 6060/4/3 6284/3/3 6270/1/3
f 6061/1/6 6285/2/6 6286/4/6 6062/3/6
f 6060/2/3 6047/4/3 6271/3/3 6284/1/3
f 6062/1/6 6286/2/6 6287/4/6 6063/3/6
f 6149/3/2 6143/1/2 6367/2/2 6373/4/2
f 6149/1/6 6373/2/6 6374/4/6 6150/3/6
f 6144/2/3 6151/4/3 6375/3/3 6368/1/3
f 6150/1/6 6374/2/6 6376/4/6 6152/3/6
f 6151/2/3 6153/4/3 6377/3/3 6375/1/3
f 6152/1/6 6376/2/6 6378/4/6 6154/3/6
f 6153/2/3 6155/4/3 6379/3/3 6377/1/3
f 6154/1/6 6378/2/6 6380/4/6 6156/3/6
f 6155/2/3 6157/4/3 6381/3/3 6379/1/3
f 6156/1/6 6380/2/6 6382/4/6 6158/3/6
f 6157/2/3 6145/4/3 6369/3/3 6381/1/3
f 6158/1/6 6382/2/6 6383/4/6 6159/3/6
f 6146/2/3 6160/4/3 6384/3/3 6370/1/3
f 6161/1/6 6385/2/6 6386/4/6 6162/3/6
f 6160/2/3 6147/4/3 6371/3/3 6384/1/3
f 6162/1/6 6386/2/6 6387/4/6 6163/3/6
f 6167/3/2 6168/1/2 6392/2/2 6391/4/2
f 6168/2/3 6169/4/3 6393/3/3 6392/1/3
f 6391/1/4 6392/2/4 6393/4/4 6394/3/4
f 6169/2/3 6170/4/3 6395/3/3 6393/1/3
f 6394/1/4 6393/2/4 6395/4/4 6396/3/4
f 6170/2/3 6173/4/3 6397/3/3 6395/1/3
f 6396/1/4 6395/2/4 6397/4/4 6398/3/4
f 6173/2/3 6175/4/3 6399/3/3 6397/1/3
f 6398/1/4 6397/2/4 6399/4/4 6400/3/4
f 6175/2/3 6177/4/3 6401/3/3 6399/1/3
f 6400/1/4 6399/2/4 6401/4/4 6402/3/4
f 6177/2/3 6179/4/3 6403/3/3 6401/1/3
f 6402/1/4 6401/2/4 6403/4/4 6404/3/4
f 6181/2/3 6182/4/3 6406/3/3 6405/1/3
f 6407/1/4 6405/2/4 6406/4/4 6408/3/4
f 6182/2/3 6185/4/3 6409/3/3 6406/1/3
f 6408/1/4 6406/2/4 6409/4/4 6410/3/4
f 6189/3/2 6167/1/2 6391/2/2 6413/4/2
f 6413/1/4 6391/2/4 6394/4/4 6414/3/4
f 6190/2/1 6415/4/1 6172/3/1 6171/1/1
f 6414/1/4 6394/2/4 6396/4/4 6416/3/4
f 6415/2/1 6417/4/1 6174/3/1 6172/1/1
f 6416/1/4 6396/2/4 6398/4/4 6418/3/4
f 6417/2/1 6419/4/1 6176/3/1 6174/1/1
f 6418/1/4 6398/2/4 6400/4/4 6420/3/4
f 6419/2/1 6421/4/1 6178/3/1 6176/1/1
f 6420/1/4 6400/2/4 6402/4/4 6422/3/4
f 6421/2/1 6191/4/1 6180/3/1 6178/1/1
f 6422/1/4 6402/2/4 6404/4/4 6423/3/4
f 6192/2/1 6424/4/1 6184/3/1 6183/1/1
f 6425/1/4 6407/2/4 6408/4/4 6426/3/4
f 6424/2/1 6193/4/1 6186/3/1 6184/1/1
f 6426/1/4 6408/2/4 6410/4/4 6427/3/4
f 6195/3/2 6189/1/2 6413/2/2 6429/4/2
f 6429/1/4 6413/2/4 6414/4/4 6430/3/4
f 6196/2/1 6431/4/1 6415/3/1 6190/1/1
f 6430/1/4 6414/2/4 6416/4/4 6432/3/4
f 6431/2/1 6433/4/1 6417/3/1 6415/1/1
f 6432/1/4 6416/2/4 6418/4/4 6434/3/4
f 6433/2/1 6435/4/1 6419/3/1 6417/1/1
f 6434/1/4 6418/2/4 6420/4/4 6436/3/4
f 6435/2/1 6437/4/1 6421/3/1 6419/1/1
f 6436/1/4 6420/2/4 6422/4/4 6438/3/4
f 6437/2/1 6197/4/1 6191/3/1 6421/1/1
f 6438/1/4 6422/2/4 6423/4/4 6439/3/4
f 6198/2/1 6440/4/1 6424/3/1 6192/1/1
f 6441/1/4 6425/2/4 6426/4/4 6442/3/4
f 6440/2/1 6199/4/1 6193/3/1 6424/1/1
f 6442/1/4 6426/2/4 6427/4/4 6443/3/4
f 6201/3/2 6195/1/2 6429/2/2 6445/4/2
f 6445/1/4 6429/2/4 6430/4/4 6446/3/4
f 6202/2/1 6447/4/1 6431/3/1 6196/1/1
f 6446/1/4 6430/2/4 6432/4/4 6448/3/4
f 6447/2/1 6449/4/1 6433/3/1 6431/1/1
f 6448/1/4 6432/2/4 6434/4/4 6450/3/4
f 6449/2/1 6451/4/1 6435/3/1 6433/1/1
f 6450/1/4 6434/2/4 6436/4/4 6452/3/4
f 6451/2/1 6453/4/1 6437/3/1 6435/1/1
f 6452/1/4 6436/2/4 6438/4/4 6454/3/4
f 6453/2/1 6203/4/1 6197/3/1 6437/1/1
f 6454/1/4 6438/2/4 6439/4/4 6455/3/4
f 6204/2/1 6456/4/1 6440/3/1 6198/1/1
f 6457/1/4 6441/2/4 6442/4/4 6458/3/4
f 6456/2/1 6205/4/1 6199/3/1 6440/1/1
f 6458/1/4 6442/2/4 6443/4/4 6459/3/4
f 6207/3/2 6201/1/2 6445/2/2 6461/4/2
f 6461/1/4 6445/2/4 6446/4/4 6462/3/4
f 6208/2/1 6463/4/1 6447/3/1 6202/1/1
f 6462/1/4 6446/2/4 6448/4/4 6464/3/4
f 6463/2/1 6465/4/1 6449/3/1 6447/1/1
f 6464/1/4 6448/2/4 6450/4/4 6466/3/4
f 6465/2/1 6467/4/1 6451/3/1 6449/1/1
f 6466/1/4 6450/2/4 6452/4/4 6468/3/4
f 6467/2/1 6469/4/1 6453/3/1 6451/1/1
f 6468/1/4 6452/2/4 6454/4/4 6470/3/4
f 6469/2/1 6209/4/1 6203/3/1 6453/1/1
f 6470/1/4 6454/2/4 6455/4/4 6471/3/4
f 6210/2/1 6472/4/1 6456/3/1 6204/1/1
f 6473/1/4 6457/2/4 6458/4/4 6474/3/4
f 6472/2/1 6211/4/1 6205/3/1 6456/1/1
f 6474/1/4 6458/2/4 6459/4/4 6475/3/4
f 6213/3/2 6207/1/2 6461/2/2 6477/4/2
f 6477/1/4 6461/2/4 6462/4/4 6478/3/4
f 6214/2/1 6479/4/1 6463/3/1 6208/1/1
f 6478/1/4 6462/2/4 6464/4/4 6480/3/4
f 6479/2/1 6481/4/1 6465/3/1 6463/1/1
f 6480/1/4 6464/2/4 6466/4/4 6482/3/4
f 6481/2/1 6483/4/1 6467/3/1 6465/1/1
f 6482/1/4 6466/2/4 6468/4/4 6484/3/4
f 6483/2/1 6485/4/1 6469/3/1 6467/1/1
f 6484/1/4 6468/2/4 6470/4/4 6486/3/4
f 6485/2/1 6215/4/1 6209/3/1 6469/1/1
f 6486/1/4 6470/2/4 6471/4/4 6487/3/4
f 6216/2/1 6488/4/1 6472/3/1 6210/1/1
f 6489/1/4 6473/2/4 6474/4/4 6490/3/4
f 6488/2/1 6217/4/1 6211/3/1 6472/1/1
f 6490/1/4 6474/2/4 6475/4/4 6491/3/4
f 6219/3/2 6213/1/2 6477/2/2 6493/4/2
f 6493/1/4 6477/2/4 6478/4/4 6494/3/4
f 6220/2/1 6495/4/1 6479/3/1 6214/1/1
f 6494/1/4 6478/2/4 6480/4/4 6496/3/4
f 6495/2/1 6497/4/1 6481/3/1 6479/1/1
f 6496/1/4 6480/2/4 6482/4/4 6498/3/4
f 6497/2/1 6499/4/1 6483/3/1 6481/1/1
f 6498/1/4 6482/2/4 6484/4/4 6500/3/4
f 6499/2/1 6501/4/1 6485/3/1 6483/1/1
f 6500/1/4 6484/2/4 6486/4/4 6502/3/4
f 6501/2/1 6221/4/1 6215/3/1 6485/1/1
f 6502/1/4 6486/2/4 6487/4/4 6503/3/4
f 6222/2/1 6504/4/1 6488/3/1 6216/1/1
f 6505/1/4 6489/2/4 6490/4/4 6506/3/4
f 6504/2/1 6223/4/1 6217/3/1 6488/1/1
f 6506/1/4 6490/2/4 6491/4/4 6507/3/4
f 6225/3/2 6219/1/2 6493/2/2 6509/4/2
f 6509/1/4 6493/2/4 6494/4/4 6510/3/4
f 6226/2/1 6511/4/1 6495/3/1 6220/1/1
f 6510/1/4 6494/2/4 6496/4/4 6512/3/4
f 6511/2/1 6513/4/1 6497/3/1 6495/1/1
f 6512/1/4 6496/2/4 6498/4/4 6514/3/4
f 6513/2/1 6515/4/1 6499/3/1 6497/1/1
f 6514/1/4 6498/2/4 6500/4/4 6516/3/4
f 6515/2/1 6517/4/1 6501/3/1 6499/1/1
f 6516/1/4 6500/2/4 6502/4/4 6518/3/4
f 6517/2/1 6227/4/1 6221/3/1 6501/1/1
f 6518/1/4 6502/2/4 6503/4/4 6519/3/4
f 6228/2/1 6520/4/1 6504/3/1 6222/1/1
f 6521/1/4 6505/2/4 6506/4/4 6522/3/4
f 6520/2/1 6229/4/1 6223/3/1 6504/1/1
f 6522/1/4 6506/2/4 6507/4/4 6523/3/4
f 6231/3/2 6225/1/2 6509/2/2 6525/4/2
f 6525/1/4 6509/2/4 6510/4/4 6526/3/4
f 6232/2/1 6527/4/1 6511/3/1 6226/1/1
f 6526/1/4 6510/2/4 6512/4/4 6528/3/4
f 6527/2/1 6529/4/1 6513/3/1 6511/1/1
f 6528/1/4 6512/2/4 6514/4/4 6530/3/4
f 6529/2/1 6531/4/1 6515/3/1 6513/1/1
f 6530/1/4 6514/2/4 6516/4/4 6532/3/4
f 6531/2/1 6533/4/1 6517/3/1 6515/1/1
f 6532/1/4 6516/2/4 6518/4/4 6534/3/4
f 6533/2/1 6233/4/1 6227/3/1 6517/1/1
f 6534/1/4 6518/2/4 6519/4/4 6535/3/4
f 6234/2/1 6536/4/1 6520/3/1 6228/1/1
f 6537/1/4 6521/2/4 6522/4/4 6538/3/4
f 6536/2/1 6235/4/1 6229/3/1 6520/1/1
f 6538/1/4 6522/2/4 6523/4/4 6539/3/4
f 6237/3/2 6231/1/2 6525/2/2 6541/4/2
f 6541/1/4 6525/2/4 6526/4/4 6542/3/4
f 6238/2/1 6543/4/1 6527/3/1 6232/1/1
f 6542/1/4 6526/2/4 6528/4/4 6544/3/4
f 6543/2/1 6545/4/1 6529/3/1 6527/1/1
f 6544/1/4 6528/2/4 6530/4/4 6546/3/4
f 6545/2/1 6547/4/1 6531/3/1 6529/1/1
f 6546/1/4 6530/2/4 6532/4/4 6548/3/4
f 6547/2/1 6549/4/1 6533/3/1 6531/1/1
f 6548/1/4 6532/2/4 6534/4/4 6550/3/4
f 6549/2/1 6239/4/1 6233/3/1 6533/1/1
f 6550/1/4 6534/2/4 6535/4/4 6551/3/4
f 6240/2/1 6552/4/1 6536/3/1 6234/1/1
f 6553/1/4 6537/2/4 6538/4/4 6554/3/4
f 6552/2/1 6241/4/1 6235/3/1 6536/1/1
f 6554/1/4 6538/2/4 6539/4/4 6555/3/4
f 6243/3/2 6237/1/2 6541/2/2 6557/4/2
f 6557/1/4 6541/2/4 6542/4/4 6558/3/4
f 6244/2/1 6559/4/1 6543/3/1 6238/1/1
f 6558/1/4 6542/2/4 6544/4/4 6560/3/4
f 6559/2/1 6561/4/1 6545/3/1 6543/1/1
f 6560/1/4 6544/2/4 6546/4/4 6562/3/4
f 6561/2/1 6563/4/1 6547/3/1 6545/1/1
f 6562/1/4 6546/2/4 6548/4/4 6564/3/4
f 6563/2/1 6565/4/1 6549/3/1 6547/1/1
f 6564/1/4 6548/2/4 6550/4/4 6566/3/4
f 6565/2/1 6245/4/1 6239/3/1 6549/1/1
f 6566/1/4 6550/2/4 6551/4/4 6567/3/4
f 6246/2/1 6568/4/1 6552/3/1 6240/1/1
f 6569/1/4 6553/2/4 6554/4/4 6570/3/4
f 6568/2/1 6247/4/1 6241/3/1 6552/1/1
f 6570/1/4 6554/2/4 6555/4/4 6571/3/4
f 6249/3/2 6243/1/2 6557/2/2 6573/4/2
f 6573/1/4 6557/2/4 6558/4/4 6574/3/4
f 6250/2/1 6575/4/1 6559/3/1 6244/1/1
f 6574/1/4 6558/2/4 6560/4/4 6576/3/4
f 6575/2/1 6577/4/1 6561/3/1 6559/1/1
f 6576/1/4 6560/2/4 6562/4/4 6578/3/4
f 6577/2/1 6579/4/1 6563/3/1 6561/1/1
f 6578/1/4 6562/2/4 6564/4/4 6580/3/4
f 6579/2/1 6581/4/1 6565/3/1 6563/1/1
f 6580/1/4 6564/2/4 6566/4/4 6582/3/4
f 6581/2/1 6251/4/1 6245/3/1 6565/1/1
f 6582/1/4 6566/2/4 6567/4/4 6583/3/4
f 6252/2/1 6584/4/1 6568/3/1 6246/1/1
f 6585/1/4 6569/2/4 6570/4/4 6586/3/4
f 6584/2/1 6253/4/1 6247/3/1 6568/1/1
f 6586/1/4 6570/2/4 6571/4/4 6587/3/4
f 6255/3/2 6249/1/2 6573/2/2 6589/4/2
f 6589/1/4 6573/2/4 6574/4/4 6590/3/4
f 6256/2/1 6591/4/1 6575/3/1 6250/1/1
f 6590/1/4 6574/2/4 6576/4/4 6592/3/4
f 6591/2/1 6593/4/1 6577/3/1 6575/1/1
f 6592/1/4 6576/2/4 6578/4/4 6594/3/4
f 6593/2/1 6595/4/1 6579/3/1 6577/1/1
f 6594/1/4 6578/2/4 6580/4/4 6596/3/4
f 6595/2/1 6597/4/1 6581/3/1 6579/1/1
f 6596/1/4 6580/2/4 6582/4/4 6598/3/4
f 6597/2/1 6257/4/1 6251/3/1 6581/1/1
f 6598/1/4 6582/2/4 6583/4/4 6599/3/4
f 6258/2/1 6600/4/1 6584/3/1 6252/1/1
f 6601/1/4 6585/2/4 6586/4/4 6602/3/4
f 6600/2/1 6259/4/1 6253/3/1 6584/1/1
f 6602/1/4 6586/2/4 6587/4/4 6603/3/4
f 6261/3/2 6255/1/2 6589/2/2 6605/4/2
f 6605/1/4 6589/2/4 6590/4/4 6606/3/4
f 6262/2/1 6607/4/1 6591/3/1 6256/1/1
f 6606/1/4 6590/2/4 6592/4/4 6608/3/4
f 6607/2/1 6609/4/1 6593/3/1 6591/1/1
f 6608/1/4 6592/2/4 6594/4/4 6610/3/4
f 6609/2/1 6611/4/1 6595/3/1 6593/1/1
f 6610/1/4 6594/2/4 6596/4/4 6612/3/4
f 6611/2/1 6613/4/1 6597/3/1 6595/1/1
f 6612/1/4 6596/2/4 6598/4/4 6614/3/4
f 6613/2/1 6263/4/1 6257/3/1 6597/1/1
f 6614/1/4 6598/2/4 6599/4/4 6615/3/4
f 6264/2/1 6616/4/1 6600/3/1 6258/1/1
f 6617/1/4 6601/2/4 6602/4/4 6618/3/4
f 6616/2/1 6265/4/1 6259/3/1 6600/1/1
f 6618/1/4 6602/2/4 6603/4/4 6619/3/4
f 6267/3/2 6261/1/2 6605/2/2 6621/4/2
f 6621/1/4 6605/2/4 6606/4/4 6622/3/4
f 6268/2/1 6274/4/1 6607/3/1 6262/1/1
f 6622/1/4 6606/2/4 6608/4/4 6623/3/4
f 6274/2/1 6277/4/1 6609/3/1 6607/1/1
f 6623/1/4 6608/2/4 6610/4/4 6624/3/4
f 6277/2/1 6279/4/1 6611/3/1 6609/1/1
f 6624/1/4 6610/2/4 6612/4/4 6625/3/4
f 6279/2/1 6281/4/1 6613/3/1 6611/1/1
f 6625/1/4 6612/2/4 6614/4/4 6626/3/4
f 6281/2/1 6269/4/1 6263/3/1 6613/1/1
f 6626/1/4 6614/2/4 6615/4/4 6627/3/4
f 6270/2/1 6284/4/1 6616/3/1 6264/1/1
f 6628/1/4 6617/2/4 6618/4/4 6629/3/4
f 6284/2/1 6271/4/1 6265/3/1 6616/1/1
f 6629/1/4 6618/2/4 6619/4/4 6630/3/4
f 6273/3/2 6267/1/2 6621/2/2 6632/4/2
f 6289/3/2 6273/1/2 6632/2/2 6634/4/2
f 6290/2/1 6635/4/1 6276/3/1 6275/1/1
f 6636/1/4 6637/2/4 6638/4/4 6639/3/4
f 6635/2/1 6640/4/1 6278/3/1 6276/1/1
f 6639/1/4 6638/2/4 6641/4/4 6642/3/4
f 6640/2/1 6643/4/1 6280/3/1 6278/1/1
f 6642/1/4 6641/2/4 6644/4/4 6645/3/4
f 6643/2/1 6646/4/1 6282/3/1 6280/1/1
f 6645/1/4 6644/2/4 6647/4/4 6648/3/4
f 6646/2/1 6291/4/1 6283/3/1 6282/1/1
f 6648/1/4 6647/2/4 6649/4/4 6650/3/4
f 6292/2/1 6651/4/1 6286/3/1 6285/1/1
f 6652/1/4 6653/2/4 6654/4/4 6655/3/4
f 6651/2/1 6293/4/1 6287/3/1 6286/1/1
f 6655/1/4 6654/2/4 6656/4/4 6657/3/4
f 6295/3/2 6289/1/2 6634/2/2 6659/4/2
f 6296/2/1 6660/4/1 6635/3/1 6290/1/1
f 6661/1/4 6636/2/4 6639/4/4 6662/3/4
f 6660/2/1 6663/4/1 6640/3/1 6635/1/1
f 6662/1/4 6639/2/4 6642/4/4 6664/3/4
f 6663/2/1 6665/4/1 6643/3/1 6640/1/1
f 6664/1/4 6642/2/4 6645/4/4 6666/3/4
f 6665/2/1 6667/4/1 6646/3/1 6643/1/1
f 6666/1/4 6645/2/4 6648/4/4 6668/3/4
f 6667/2/1 6297/4/1 6291/3/1 6646/1/1
f 6668/1/4 6648/2/4 6650/4/4 6669/3/4
f 6298/2/1 6670/4/1 6651/3/1 6292/1/1
f 6671/1/4 6652/2/4 6655/4/4 6672/3/4
f 6670/2/1 6299/4/1 6293/3/1 6651/1/1
f 6672/1/4 6655/2/4 6657/4/4 6673/3/4
f 6301/3/2 6295/1/2 6659/2/2 6675/4/2
f 6302/2/1 6676/4/1 6660/3/1 6296/1/1
f 6677/1/4 6661/2/4 6662/4/4 6678/3/4
f 6676/2/1 6679/4/1 6663/3/1 6660/1/1
f 6678/1/4 6662/2/4 6664/4/4 6680/3/4
f 6679/2/1 6681/4/1 6665/3/1 6663/1/1
f 6680/1/4 6664/2/4 6666/4/4 6682/3/4
f 6681/2/1 6683/4/1 6667/3/1 6665/1/1
f 6682/1/4 6666/2/4 6668/4/4 6684/3/4
f 6683/2/1 6303/4/1 6297/3/1 6667/1/1
f 6684/1/4 6668/2/4 6669/4/4 6685/3/4
f 6304/2/1 6686/4/1 6670/3/1 6298/1/1
f 6687/1/4 6671/2/4 6672/4/4 6688/3/4
f 6686/2/1 6305/4/1 6299/3/1 6670/1/1
f 6688/1/4 6672/2/4 6673/4/4 6689/3/4
f 6307/3/2 6301/1/2 6675/2/2 6691/4/2
f 6308/2/1 6692/4/1 6676/3/1 6302/1/1
f 6693/1/4 6677/2/4 6678/4/4 6694/3/4
f 6692/2/1 6695/4/1 6679/3/1 6676/1/1
f 6694/1/4 6678/2/4 6680/4/4 6696/3/4
f 6695/2/1 6697/4/1 6681/3/1 6679/1/1
f 6696/1/4 6680/2/4 6682/4/4 6698/3/4
f 6697/2/1 6699/4/1 6683/3/1 6681/1/1
f 6698/1/4 6682/2/4 6684/4/4 6700/3/4
f 6699/2/1 6309/4/1 6303/3/1 6683/1/1
f 6700/1/4 6684/2/4 6685/4/4 6701/3/4
f 6310/2/1 6702/4/1 6686/3/1 6304/1/1
f 6703/1/4 6687/2/4 6688/4/4 6704/3/4
f 6702/2/1 6311/4/1 6305/3/1 6686/1/1
f 6704/1/4 6688/2/4 6689/4/4 6705/3/4
f 6313/3/2 6307/1/2 6691/2/2 6707/4/2
f 6314/2/1 6708/4/1 6692/3/1 6308/1/1
f 6708/2/1 6709/4/1 6695/3/1 6692/1/1
f 6709/2/1 6710/4/1 6697/3/1 6695/1/1
f 6710/2/1 6711/4/1 6699/3/1 6697/1/1
f 6712/1/4 6698/2/4 6700/4/4 6713/3/4
f 6711/2/1 6315/4/1 6309/3/1 6699/1/1
f 6713/1/4 6700/2/4 6701/4/4 6714/3/4
f 6316/2/1 6715/4/1 6702/3/1 6310/1/1
f 6716/1/4 6703/2/4 6704/4/4 6717/3/4
f 6715/2/1 6317/4/1 6311/3/1 6702/1/1
f 6717/1/4 6704/2/4 6705/4/4 6718/3/4
f 6319/3/2 6313/1/2 6707/2/2 6720/4/2
f 6726/2/1 6728/4/1 6711/3/1 6710/1/1
f 6728/2/1 6321/4/1 6315/3/1 6711/1/1
f 6729/1/4 6713/2/4 6714/4/4 6730/3/4
f 6322/2/1 6731/4/1 6715/3/1 6316/1/1
f 6732/1/4 6716/2/4 6717/4/4 6733/3/4
f 6731/2/1 6323/4/1 6317/3/1 6715/1/1
f 6733/1/4 6717/2/4 6718/4/4 6734/3/4
f 6739/2/1 6327/4/1 6321/3/1 6728/1/1
f 6741/1/4 6729/2/4 6730/4/4 6742/3/4
f 6328/2/1 6743/4/1 6731/3/1 6322/1/1
f 6744/1/4 6732/2/4 6733/4/4 6745/3/4
f 6743/2/1 6329/4/1 6323/3/1 6731/1/1
f 6745/1/4 6733/2/4 6734/4/4 6746/3/4
f 6751/2/1 6333/4/1 6327/3/1 6739/1/1
f 6753/1/4 6741/2/4 6742/4/4 6754/3/4
f 6334/2/1 6755/4/1 6743/3/1 6328/1/1
f 6756/1/4 6744/2/4 6745/4/4 6757/3/4
f 6755/2/1 6335/4/1 6329/3/1 6743/1/1
f 6757/1/4 6745/2/4 6746/4/4 6758/3/4
f 6337/3/2 6331/1/2 6748/2/2 6760/4/2
f 6767/2/1 6768/4/1 6751/3/1 6750/1/1
f 6768/2/1 6339/4/1 6333/3/1 6751/1/1
f 6769/1/4 6753/2/4 6754/4/4 6770/3/4
f 6340/2/1 6771/4/1 6755/3/1 6334/1/1
f 6772/1/4 6756/2/4 6757/4/4 6773/3/4
f 6771/2/1 6341/4/1 6335/3/1 6755/1/1
f 6773/1/4 6757/2/4 6758/4/4 6774/3/4
f 6343/3/2 6337/1/2 6760/2/2 6776/4/2
f 6344/2/1 6777/4/1 6761/3/1 6338/1/1
f 6777/2/1 6778/4/1 6764/3/1 6761/1/1
f 6778/2/1 6779/4/1 6767/3/1 6764/1/1
f 6779/2/1 6780/4/1 6768/3/1 6767/1/1
f 6781/1/4 6782/2/4 6769/4/4 6783/3/4
f 6780/2/1 6345/4/1 6339/3/1 6768/1/1
f 6783/1/4 6769/2/4 6770/4/4 6784/3/4
f 6346/2/1 6785/4/1 6771/3/1 6340/1/1
f 6786/1/4 6772/2/4 6773/4/4 6787/3/4
f 6785/2/1 6347/4/1 6341/3/1 6771/1/1
f 6787/1/4 6773/2/4 6774/4/4 6788/3/4
f 6349/3/2 6343/1/2 6776/2/2 6790/4/2
f 6350/2/1 6791/4/1 6777/3/1 6344/1/1
f 6792/1/4 6793/2/4 6794/4/4 6795/3/4
f 6791/2/1 6796/4/1 6778/3/1 6777/1/1
f 6795/1/4 6794/2/4 6797/4/4 6798/3/4
f 6796/2/1 6799/4/1 6779/3/1 6778/1/1
f 6798/1/4 6797/2/4 6781/4/4 6800/3/4
f 6799/2/1 6801/4/1 6780/3/1 6779/1/1
f 6800/1/4 6781/2/4 6783/4/4 6802/3/4
f 6801/2/1 6351/4/1 6345/3/1 6780/1/1
f 6802/1/4 6783/2/4 6784/4/4 6803/3/4
f 6352/2/1 6804/4/1 6785/3/1 6346/1/1
f 6805/1/4 6786/2/4 6787/4/4 6806/3/4
f 6804/2/1 6353/4/1 6347/3/1 6785/1/1
f 6806/1/4 6787/2/4 6788/4/4 6807/3/4
f 6355/3/2 6349/1/2 6790/2/2 6809/4/2
f 6356/2/1 6810/4/1 6791/3/1 6350/1/1
f 6811/1/4 6792/2/4 6795/4/4 6812/3/4
f 6810/2/1 6813/4/1 6796/3/1 6791/1/1
f 6812/1/4 6795/2/4 6798/4/4 6814/3/4
f 6813/2/1 6815/4/1 6799/3/1 6796/1/1
f 6814/1/4 6798/2/4 6800/4/4 6816/3/4
f 6815/2/1 6817/4/1 6801/3/1 6799/1/1
f 6816/1/4 6800/2/4 6802/4/4 6818/3/4
f 6817/2/1 6357/4/1 6351/3/1 6801/1/1
f 6818/1/4 6802/2/4 6803/4/4 6819/3/4
f 6358/2/1 6820/4/1 6804/3/1 6352/1/1
f 6821/1/4 6805/2/4 6806/4/4 6822/3/4
f 6820/2/1 6359/4/1 6353/3/1 6804/1/1
f 6822/1/4 6806/2/4 6807/4/4 6823/3/4
f 6361/3/2 6355/1/2 6809/2/2 6825/4/2
f 6362/2/1 6826/4/1 6810/3/1 6356/1/1
f 6827/1/4 6811/2/4 6812/4/4 6828/3/4
f 6826/2/1 6829/4/1 6813/3/1 6810/1/1
f 6828/1/4 6812/2/4 6814/4/4 6830/3/4
f 6829/2/1 6831/4/1 6815/3/1 6813/1/1
f 6830/1/4 6814/2/4 6816/4/4 6832/3/4
f 6831/2/1 6833/4/1 6817/3/1 6815/1/1
f 6832/1/4 6816/2/4 6818/4/4 6834/3/4
f 6833/2/1 6363/4/1 6357/3/1 6817/1/1
f 6834/1/4 6818/2/4 6819/4/4 6835/3/4
f 6364/2/1 6836/4/1 6820/3/1 6358/1/1
f 6837/1/4 6821/2/4 6822/4/4 6838/3/4
f 6836/2/1 6365/4/1 6359/3/1 6820/1/1
f 6838/1/4 6822/2/4 6823/4/4 6839/3/4
f 6367/3/2 6361/1/2 6825/2/2 6841/4/2
f 6368/2/1 6375/4/1 6826/3/1 6362/1/1
f 6842/1/4 6827/2/4 6828/4/4 6843/3/4
f 6375/2/1 6377/4/1 6829/3/1 6826/1/1
f 6843/1/4 6828/2/4 6830/4/4 6844/3/4
f 6377/2/1 6379/4/1 6831/3/1 6829/1/1
f 6844/1/4 6830/2/4 6832/4/4 6845/3/4
f 6379/2/1 6381/4/1 6833/3/1 6831/1/1
f 6845/1/4 6832/2/4 6834/4/4 6846/3/4
f 6381/2/1 6369/4/1 6363/3/1 6833/1/1
f 6846/1/4 6834/2/4 6835/4/4 6847/3/4
f 6370/2/1 6384/4/1 6836/3/1 6364/1/1
f 6848/1/4 6837/2/4 6838/4/4 6849/3/4
f 6384/2/1 6371/4/1 6365/3/1 6836/1/1
f 6849/1/4 6838/2/4 6839/4/4 6850/3/4
f 6373/3/2 6367/1/2 6841/2/2 6852/4/2
f 6373/1/6 6852/2/6 6853/4/6 6374/3/6
f 6374/1/6 6853/2/6 6854/4/6 6376/3/6
f 6376/1/6 6854/2/6 6855/4/6 6378/3/6
f 6378/1/6 6855/2/6 6856/4/6 6380/3/6
f 6380/1/6 6856/2/6 6857/4/6 6382/3/6
f 6382/1/6 6857/2/6 6858/4/6 6383/3/6
f 6385/1/6 6859/2/6 6860/4/6 6386/3/6
f 6386/1/6 6860/2/6 6861/4/6 6387/3/6
f 6632/3/2 6621/1/2 6898/2/2 6897/4/2
f 6621/2/3 6622/4/3 6899/3/3 6898/1/3
f 6622/2/3 6623/4/3 6900/3/3 6899/1/3
f 6637/1/6 6901/2/6 6902/4/6 6638/3/6
f 6623/2/3 6624/4/3 6903/3/3 6900/1/3
f 6638/1/6 6902/2/6 6904/4/6 6641/3/6
f 6624/2/3 6625/4/3 6905/3/3 6903/1/3
f 6641/1/6 6904/2/6 6906/4/6 6644/3/6
f 6625/2/3 6626/4/3 6907/3/3 6905/1/3
f 6644/1/6 6906/2/6 6908/4/6 6647/3/6
f 6626/2/3 6627/4/3 6895/3/3 6907/1/3
f 6647/1/6 6908/2/6 6909/4/6 6649/3/6
f 6628/2/3 6629/4/3 6910/3/3 6896/1/3
f 6653/1/6 6911/2/6 6912/4/6 6654/3/6
f 6629/2/3 6630/4/3 6913/3/3 6910/1/3
f 6654/1/6 6912/2/6 6914/4/6 6656/3/6
f 6852/3/2 6841/1/2 7019/2/2 7025/4/2
f 6852/1/6 7025/2/6 7026/4/6 6853/3/6
f 6842/2/3 6843/4/3 7027/3/3 7020/1/3
f 6853/1/6 7026/2/6 7028/4/6 6854/3/6
f 6843/2/3 6844/4/3 7029/3/3 7027/1/3
f 6854/1/6 7028/2/6 7030/4/6 6855/3/6
f 6844/2/3 6845/4/3 7031/3/3 7029/1/3
f 6855/1/6 7030/2/6 7032/4/6 6856/3/6
f 6845/2/3 6846/4/3 7033/3/3 7031/1/3
f 6856/1/6 7032/2/6 7034/4/6 6857/3/6
f 6846/2/3 6847/4/3 7021/3/3 7033/1/3
f 6857/1/6 7034/2/6 7035/4/6 6858/3/6
f 6848/2/3 6849/4/3 7036/3/3 7022/1/3
f 6859/1/6 7037/2/6 7038/4/6 6860/3/6
f 6849/2/3 6850/4/3 7023/3/3 7036/1/3
f 6860/1/6 7038/2/6 7039/4/6 6861/3/6
f 6897/3/2 6898/1/2 7076/2/2 7075/4/2
f 6898/2/3 6899/4/3 7077/3/3 7076/1/3
f 6899/2/3 6900/4/3 7078/3/3 7077/1/3
f 6901/1/6 7079/2/6 7080/4/6 6902/3/6
f 6900/2/3 6903/4/3 7081/3/3 7078/1/3
f 6902/1/6 7080/2/6 7082/4/6 6904/3/6
f 6903/2/3 6905/4/3 7083/3/3 7081/1/3
f 6904/1/6 7082/2/6 7084/4/6 6906/3/6
f 6905/2/3 6907/4/3 7085/3/3 7083/1/3
f 6906/1/6 7084/2/6 7086/4/6 6908/3/6
f 6907/2/3 6895/4/3 7073/3/3 7085/1/3
f 6908/1/6 7086/2/6 7087/4/6 6909/3/6
f 6896/2/3 6910/4/3 7088/3/3 7074/1/3
f 6911/1/6 7089/2/6 7090/4/6 6912/3/6
f 6910/2/3 6913/4/3 7091/3/3 7088/1/3
f 6912/1/6 7090/2/6 7092/4/6 6914/3/6
f 7025/3/2 7019/1/2 7173/2/2 7179/4/2
f 7025/1/6 7179/2/6 7180/4/6 7026/3/6
f 7020/2/3 7027/4/3 7181/3/3 7174/1/3
f 7026/1/6 7180/2/6 7182/4/6 7028/3/6
f 7027/2/3 7029/4/3 7183/3/3 7181/1/3
f 7028/1/6 7182/2/6 7184/4/6 7030/3/6
f 7029/2/3 7031/4/3 7185/3/3 7183/1/3
f 7030/1/6 7184/2/6 7186/4/6 7032/3/6
f 7031/2/3 7033/4/3 7187/3/3 7185/1/3
f 7032/1/6 7186/2/6 7188/4/6 7034/3/6
f 7033/2/3 7021/4/3 7175/3/3 7187/1/3
f 7034/1/6 7188/2/6 7189/4/6 7035/3/6
f 7022/2/3 7036/4/3 7190/3/3 7176/1/3
f 7037/1/6 7191/2/6 7192/4/6 7038/3/6
f 7036/2/3 7023/4/3 7177/3/3 7190/1/3
f 7038/1/6 7192/2/6 7193/4/6 7039/3/6
f 7075/3/2 7076/1/2 7230/2/2 7229/4/2
f 7076/2/3 7077/4/3 7231/3/3 7230/1/3
f 7077/2/3 7078/4/3 7232/3/3 7231/1/3
f 7079/1/6 7233/2/6 7234/4/6 7080/3/6
f 7078/2/3 7081/4/3 7235/3/3 7232/1/3
f 7080/1/6 7234/2/6 7236/4/6 7082/3/6
f 7081/2/3 7083/4/3 7237/3/3 7235/1/3
f 7082/1/6 7236/2/6 7238/4/6 7084/3/6
f 7083/2/3 7085/4/3 7239/3/3 7237/1/3
f 7084/1/6 7238/2/6 7240/4/6 7086/3/6
f 7085/2/3 7073/4/3 7227/3/3 7239/1/3
f 7086/1/6 7240/2/6 7241/4/6 7087/3/6
f 7074/2/3 7088/4/3 7242/3/3 7228/1/3
f 7089/1/6 7243/2/6 7244/4/6 7090/3/6
f 7088/2/3 7091/4/3 7245/3/3 7242/1/3
f 7090/1/6 7244/2/6 7246/4/6 7092/3/6
f 7179/3/2 7173/1/2 7327/2/2 7333/4/2
f 7179/1/6 7333/2/6 7334/4/6 7180/3/6
f 7174/2/3 7181/4/3 7335/3/3 7328/1/3
f 7180/1/6 7334/2/6 7336/4/6 7182/3/6
f 7181/2/3 7183/4/3 7337/3/3 7335/1/3
f 7182/1/6 7336/2/6 7338/4/6 7184/3/6
f 7183/2/3 7185/4/3 7339/3/3 7337/1/3
f 7184/1/6 7338/2/6 7340/4/6 7186/3/6
f 7185/2/3 7187/4/3 7341/3/3 7339/1/3
f 7186/1/6 7340/2/6 7342/4/6 7188/3/6
f 7187/2/3 7175/4/3 7329/3/3 7341/1/3
f 7188/1/6 7342/2/6 7343/4/6 7189/3/6
f 7176/2/3 7190/4/3 7344/3/3 7330/1/3
f 7191/1/6 7345/2/6 7346/4/6 7192/3/6
f 7190/2/3 7177/4/3 7331/3/3 7344/1/3
f 7192/1/6 7346/2/6 7347/4/6 7193/3/6
f 7229/3/2 7230/1/2 7384/2/2 7383/4/2
f 7230/2/3 7231/4/3 7385/3/3 7384/1/3
f 7231/2/3 7232/4/3 7386/3/3 7385/1/3
f 7233/1/6 7387/2/6 7388/4/6 7234/3/6
f 7232/2/3 7235/4/3 7389/3/3 7386/1/3
f 7234/1/6 7388/2/6 7390/4/6 7236/3/6
f 7235/2/3 7237/4/3 7391/3/3 7389/1/3
f 7236/1/6 7390/2/6 7392/4/6 7238/3/6
f 7237/2/3 7239/4/3 7393/3/3 7391/1/3
f 7238/1/6 7392/2/6 7394/4/6 7240/3/6
f 7239/2/3 7227/4/3 7381/3/3 7393/1/3
f 7240/1/6 7394/2/6 7395/4/6 7241/3/6
f 7228/2/3 7242/4/3 7396/3/3 7382/1/3
f 7243/1/6 7397/2/6 7398/4/6 7244/3/6
f 7242/2/3 7245/4/3 7399/3/3 7396/1/3
f 7244/1/6 7398/2/6 7400/4/6 7246/3/6
f 7333/3/2 7327/1/2 7481/2/2 7487/4/2
f 7333/1/6 7487/2/6 7488/4/6 7334/3/6
f 7328/2/3 7335/4/3 7489/3/3 7482/1/3
f 7334/1/6 7488/2/6 7490/4/6 7336/3/6
f 7335/2/3 7337/4/3 7491/3/3 7489/1/3
f 7336/1/6 7490/2/6 7492/4/6 7338/3/6
f 7337/2/3 7339/4/3 7493/3/3 7491/1/3
f 7338/1/6 7492/2/6 7494/4/6 7340/3/6
f 7339/2/3 7341/4/3 7495/3/3 7493/1/3
f 7340/1/6 7494/2/6 7496/4/6 7342/3/6
f 7341/2/3 7329/4/3 7483/3/3 7495/1/3
f 7342/1/6 7496/2/6 7497/4/6 7343/3/6
f 7330/2/3 7344/4/3 7498/3/3 7484/1/3
f 7345/1/6 7499/2/6 7500/4/6 7346/3/6
f 7344/2/3 7331/4/3 7485/3/3 7498/1/3
f 7346/1/6 7500/2/6 7501/4/6 7347/3/6
f 7383/3/2 7384/1/2 7538/2/2 7537/4/2
f 7384/2/3 7385/4/3 7539/3/3 7538/1/3
f 7385/2/3 7386/4/3 7540/3/3 7539/1/3
f 7387/1/6 7541/2/6 7542/4/6 7388/3/6
f 7386/2/3 7389/4/3 7543/3/3 7540/1/3
f 7388/1/6 7542/2/6 7544/4/6 7390/3/6
f 7389/2/3 7391/4/3 7545/3/3 7543/1/3
f 7390/1/6 7544/2/6 7546/4/6 7392/3/6
f 7391/2/3 7393/4/3 7547/3/3 7545/1/3
f 7392/1/6 7546/2/6 7548/4/6 7394/3/6
f 7393/2/3 7381/4/3 7535/3/3 7547/1/3
f 7394/1/6 7548/2/6 7549/4/6 7395/3/6
f 7382/2/3 7396/4/3 7550/3/3 7536/1/3
f 7397/1/6 7551/2/6 7552/4/6 7398/3/6
f 7396/2/3 7399/4/3 7553/3/3 7550/1/3
f 7398/1/6 7552/2/6 7554/4/6 7400/3/6
f 7487/3/2 7481/1/2 7635/2/2 7641/4/2
f 7487/1/6 7641/2/6 7642/4/6 7488/3/6
f 7482/2/3 7489/4/3 7643/3/3 7636/1/3
f 7488/1/6 7642/2/6 7644/4/6 7490/3/6
f 7489/2/3 7491/4/3 7645/3/3 7643/1/3
f 7490/1/6 7644/2/6 7646/4/6 7492/3/6
f 7491/2/3 7493/4/3 7647/3/3 7645/1/3
f 7492/1/6 7646/2/6 7648/4/6 7494/3/6
f 7493/2/3 7495/4/3 7649/3/3 7647/1/3
f 7494/1/6 7648/2/6 7650/4/6 7496/3/6
f 7495/2/3 7483/4/3 7637/3/3 7649/1/3
f 7496/1/6 7650/2/6 7651/4/6 7497/3/6
f 7484/2/3 7498/4/3 7652/3/3 7638/1/3
f 7499/1/6 7653/2/6 7654/4/6 7500/3/6
f 7498/2/3 7485/4/3 7639/3/3 7652/1/3
f 7500/1/6 7654/2/6 7655/4/6 7501/3/6
f 7537/3/2 7538/1/2 7692/2/2 7691/4/2
f 7538/2/3 7539/4/3 7693/3/3 7692/1/3
f 7539/2/3 7540/4/3 7694/3/3 7693/1/3
f 7541/1/6 7695/2/6 7696/4/6 7542/3/6
f 7540/2/3 7543/4/3 7697/3/3 7694/1/3
f 7542/1/6 7696/2/6 7698/4/6 7544/3/6
f 7543/2/3 7545/4/3 7699/3/3 7697/1/3
f 7544/1/6 7698/2/6 7700/4/6 7546/3/6
f 7545/2/3 7547/4/3 7701/3/3 7699/1/3
f 7546/1/6 7700/2/6 7702/4/6 7548/3/6
f 7547/2/3 7535/4/3 7689/3/3 7701/1/3
f 7548/1/6 7702/2/6 7703/4/6 7549/3/6
f 7536/2/3 7550/4/3 7704/3/3 7690/1/3
f 7551/1/6 7705/2/6 7706/4/6 7552/3/6
f 7550/2/3 7553/4/3 7707/3/3 7704/1/3
f 7552/1/6 7706/2/6 7708/4/6 7554/3/6
f 7641/3/2 7635/1/2 7789/2/2 7795/4/2
f 7641/1/6 7795/2/6 7796/4/6 7642/3/6
f 7636/2/3 7643/4/3 7797/3/3 7790/1/3
f 7642/1/6 7796/2/6 7798/4/6 7644/3/6
f 7643/2/3 7645/4/3 7799/3/3 7797/1/3
f 7644/1/6 7798/2/6 7800/4/6 7646/3/6
f 7645/2/3 7647/4/3 7801/3/3 7799/1/3
f 7646/1/6 7800/2/6 7802/4/6 7648/3/6
f 7647/2/3 7649/4/3 7803/3/3 7801/1/3
f 7648/1/6 7802/2/6 7804/4/6 7650/3/6
f 7649/2/3 7637/4/3 7791/3/3 7803/1/3
f 7650/1/6 7804/2/6 7805/4/6 7651/3/6
f 7638/2/3 7652/4/3 7806/3/3 7792/1/3
f 7653/1/6 7807/2/6 7808/4/6 7654/3/6
f 7652/2/3 7639/4/3 7793/3/3 7806/1/3
f 7654/1/6 7808/2/6 7809/4/6 7655/3/6
f 7691/3/2 7692/1/2 7846/2/2 7845/4/2
f 7692/2/3 7693/4/3 7847/3/3 7846/1/3
f 7693/2/3 7694/4/3 7848/3/3 7847/1/3
f 7695/1/6 7849/2/6 7850/4/6 7696/3/6
f 7694/2/3 7697/4/3 7851/3/3 7848/1/3
f 7696/1/6 7850/2/6 7852/4/6 7698/3/6
f 7697/2/3 7699/4/3 7853/3/3 7851/1/3
f 7698/1/6 7852/2/6 7854/4/6 7700/3/6
f 7699/2/3 7701/4/3 7855/3/3 7853/1/3
f 7700/1/6 7854/2/6 7856/4/6 7702/3/6
f 7701/2/3 7689/4/3 7843/3/3 7855/1/3
f 7702/1/6 7856/2/6 7857/4/6 7703/3/6
f 7690/2/3 7704/4/3 7858/3/3 7844/1/3
f 7705/1/6 7859/2/6 7860/4/6 7706/3/6
f 7704/2/3 7707/4/3 7861/3/3 7858/1/3
f 7706/1/6 7860/2/6 7862/4/6 7708/3/6
f 7795/3/2 7789/1/2 7943/2/2 7949/4/2
f 7795/1/6 7949/2/6 7950/4/6 7796/3/6
f 7790/2/3 7797/4/3 7951/3/3 7944/1/3
f 7796/1/6 7950/2/6 7952/4/6 7798/3/6
f 7797/2/3 7799/4/3 7953/3/3 7951/1/3
f 7798/1/6 7952/2/6 7954/4/6 7800/3/6
f 7799/2/3 7801/4/3 7955/3/3 7953/1/3
f 7800/1/6 7954/2/6 7956/4/6 7802/3/6
f 7801/2/3 7803/4/3 7957/3/3 7955/1/3
f 7802/1/6 7956/2/6 7958/4/6 7804/3/6
f 7803/2/3 7791/4/3 7945/3/3 7957/1/3
f 7804/1/6 7958/2/6 7959/4/6 7805/3/6
f 7792/2/3 7806/4/3 7960/3/3 7946/1/3
f 7807/1/6 7961/2/6 7962/4/6 7808/3/6
f 7806/2/3 7793/4/3 7947/3/3 7960/1/3
f 7808/1/6 7962/2/6 7963/4/6 7809/3/6
f 7845/3/2 7846/1/2 8000/2/2 7999/4/2
f 7846/2/3 7847/4/3 8001/3/3 8000/1/3
f 7847/2/3 7848/4/3 8002/3/3 8001/1/3
f 7849/1/6 8003/2/6 8004/4/6 7850/3/6
f 7848/2/3 7851/4/3 8005/3/3 8002/1/3
f 7850/1/6 8004/2/6 8006/4/6 7852/3/6
f 7851/2/3 7853/4/3 8007/3/3 8005/1/3
f 7852/1/6 8006/2/6 8008/4/6 7854/3/6
f 7853/2/3 7855/4/3 8009/3/3 8007/1/3
f 7854/1/6 8008/2/6 8010/4/6 7856/3/6
f 7855/2/3 7843/4/3 7997/3/3 8009/1/3
f 7856/1/6 8010/2/6 8011/4/6 7857/3/6
f 7844/2/3 7858/4/3 8012/3/3 7998/1/3
f 7859/1/6 8013/2/6 8014/4/6 7860/3/6
f 7858/2/3 7861/4/3 8015/3/3 8012/1/3
f 7860/1/6 8014/2/6 8016/4/6 7862/3/6
f 7949/3/2 7943/1/2 8097/2/2 8103/4/2
f 7949/1/6 8103/2/6 8104/4/6 7950/3/6
f 7944/2/3 7951/4/3 8105/3/3 8098/1/3
f 7950/1/6 8104/2/6 8106/4/6 7952/3/6
f 7951/2/3 7953/4/3 8107/3/3 8105/1/3
f 7952/1/6 8106/2/6 8108/4/6 7954/3/6
f 7953/2/3 7955/4/3 8109/3/3 8107/1/3
f 7954/1/6 8108/2/6 8110/4/6 7956/3/6
f 7955/2/3 7957/4/3 8111/3/3 8109/1/3
f 7956/1/6 8110/2/6 8112/4/6 7958/3/6
f 7957/2/3 7945/4/3 8099/3/3 8111/1/3
f 7958/1/6 8112/2/6 8113/4/6 7959/3/6
f 7946/2/3 7960/4/3 8114/3/3 8100/1/3
f 7961/1/6 8115/2/6 8116/4/6 7962/3/6
f 7960/2/3 7947/4/3 8101/3/3 8114/1/3
f 7962/1/6 8116/2/6 8117/4/6 7963/3/6
f 7999/3/2 8000/1/2 8154/2/2 8153/4/2
f 8000/2/3 8001/4/3 8155/3/3 8154/1/3
f 8001/2/3 8002/4/3 8156/3/3 8155/1/3
f 8003/1/6 8157/2/6 8158/4/6 8004/3/6
f 8002/2/3 8005/4/3 8159/3/3 8156/1/3
f 8004/1/6 8158/2/6 8160/4/6 8006/3/6
f 8005/2/3 8007/4/3 8161/3/3 8159/1/3
f 8006/1/6 8160/2/6 8162/4/6 8008/3/6
f 8007/2/3 8009/4/3 8163/3/3 8161/1/3
f 8008/1/6 8162/2/6 8164/4/6 8010/3/6
f 8009/2/3 7997/4/3 8151/3/3 8163/1/3
f 8010/1/6 8164/2/6 8165/4/6 8011/3/6
f 7998/2/3 8012/4/3 8166/3/3 8152/1/3
f 8013/1/6 8167/2/6 8168/4/6 8014/3/6
f 8012/2/3 8015/4/3 8169/3/3 8166/1/3
f 8014/1/6 8168/2/6 8170/4/6 8016/3/6
f 8103/3/2 8097/1/2 8251/2/2 8257/4/2
f 8103/1/6 8257/2/6 8258/4/6 8104/3/6
f 8098/2/3 8105/4/3 8259/3/3 8252/1/3
f 8104/1/6 8258/2/6 8260/4/6 8106/3/6
f 8105/2/3 8107/4/3 8261/3/3 8259/1/3
f 8106/1/6 8260/2/6 8262/4/6 8108/3/6
f 8107/2/3 8109/4/3 8263/3/3 8261/1/3
f 8108/1/6 8262/2/6 8264/4/6 8110/3/6
f 8109/2/3 8111/4/3 8265/3/3 8263/1/3
f 8110/1/6 8264/2/6 8266/4/6 8112/3/6
f 8111/2/3 8099/4/3 8253/3/3 8265/1/3
f 8112/1/6 8266/2/6 8267/4/6 8113/3/6
f 8100/2/3 8114/4/3 8268/3/3 8254/1/3
f 8115/1/6 8269/2/6 8270/4/6 8116/3/6
f 8114/2/3 8101/4/3 8255/3/3 8268/1/3
f 8116/1/6 8270/2/6 8271/4/6 8117/3/6
f 8153/3/2 8154/1/2 8308/2/2 8307/4/2
f 8154/2/3 8155/4/3 8309/3/3 8308/1/3
f 8155/2/3 8156/4/3 8310/3/3 8309/1/3
f 8157/1/6 8311/2/6 8312/4/6 8158/3/6
f 8156/2/3 8159/4/3 8313/3/3 8310/1/3
f 8158/1/6 8312/2/6 8314/4/6 8160/3/6
f 8159/2/3 8161/4/3 8315/3/3 8313/1/3
f 8160/1/6 8314/2/6 8316/4/6 8162/3/6
f 8161/2/3 8163/4/3 8317/3/3 8315/1/3
f 8162/1/6 8316/2/6 8318/4/6 8164/3/6
f 8163/2/3 8151/4/3 8305/3/3 8317/1/3
f 8164/1/6 8318/2/6 8319/4/6 8165/3/6
f 8152/2/3 8166/4/3 8320/3/3 8306/1/3
f 8167/1/6 8321/2/6 8322/4/6 8168/3/6
f 8166/2/3 8169/4/3 8323/3/3 8320/1/3
f 8168/1/6 8322/2/6 8324/4/6 8170/3/6
f 8257/3/2 8251/1/2 8405/2/2 8411/4/2
f 8257/1/6 8411/2/6 8412/4/6 8258/3/6
f 8252/2/3 8259/4/3 8413/3/3 8406/1/3
f 8258/1/6 8412/2/6 8414/4/6 8260/3/6
f 8259/2/3 8261/4/3 8415/3/3 8413/1/3
f 8260/1/6 8414/2/6 8416/4/6 8262/3/6
f 8261/2/3 8263/4/3 8417/3/3 8415/1/3
f 8262/1/6 8416/2/6 8418/4/6 8264/3/6
f 8263/2/3 8265/4/3 8419/3/3 8417/1/3
f 8264/1/6 8418/2/6 8420/4/6 8266/3/6
f 8265/2/3 8253/4/3 8407/3/3 8419/1/3
f 8266/1/6 8420/2/6 8421/4/6 8267/3/6
f 8254/2/3 8268/4/3 8422/3/3 8408/1/3
f 8269/1/6 8423/2/6 8424/4/6 8270/3/6
f 8268/2/3 8255/4/3 8409/3/3 8422/1/3
f 8270/1/6 8424/2/6 8425/4/6 8271/3/6
f 8307/3/2 8308/1/2 8462/2/2 8461/4/2
f 8308/2/3 8309/4/3 8463/3/3 8462/1/3
f 8309/2/3 8310/4/3 8464/3/3 8463/1/3
f 8311/1/6 8465/2/6 8466/4/6 8312/3/6
f 8310/2/3 8313/4/3 8467/3/3 8464/1/3
f 8312/1/6 8466/2/6 8468/4/6 8314/3/6
f 8313/2/3 8315/4/3 8469/3/3 8467/1/3
f 8314/1/6 8468/2/6 8470/4/6 8316/3/6
f 8315/2/3 8317/4/3 8471/3/3 8469/1/3
f 8316/1/6 8470/2/6 8472/4/6 8318/3/6
f 8317/2/3 8305/4/3 8459/3/3 8471/1/3
f 8318/1/6 8472/2/6 8473/4/6 8319/3/6
f 8306/2/3 8320/4/3 8474/3/3 8460/1/3
f 8321/1/6 8475/2/6 8476/4/6 8322/3/6
f 8320/2/3 8323/4/3 8477/3/3 8474/1/3
f 8322/1/6 8476/2/6 8478/4/6 8324/3/6
f 8411/3/2 8405/1/2 8559/2/2 8565/4/2
f 8411/1/6 8565/2/6 8566/4/6 8412/3/6
f 8406/2/3 8413/4/3 8567/3/3 8560/1/3
f 8412/1/6 8566/2/6 8568/4/6 8414/3/6
f 8413/2/3 8415/4/3 8569/3/3 8567/1/3
f 8414/1/6 8568/2/6 8570/4/6 8416/3/6
f 8415/2/3 8417/4/3 8571/3/3 8569/1/3
f 8416/1/6 8570/2/6 8572/4/6 8418/3/6
f 8417/2/3 8419/4/3 8573/3/3 8571/1/3
f 8418/1/6 8572/2/6 8574/4/6 8420/3/6
f 8419/2/3 8407/4/3 8561/3/3 8573/1/3
f 8420/1/6 8574/2/6 8575/4/6 8421/3/6
f 8408/2/3 8422/4/3 8576/3/3 8562/1/3
f 8423/1/6 8577/2/6 8578/4/6 8424/3/6
f 8422/2/3 8409/4/3 8563/3/3 8576/1/3
f 8424/1/6 8578/2/6 8579/4/6 8425/3/6
f 8461/3/2 8462/1/2 8616/2/2 8615/4/2
f 8462/2/3 8463/4/3 8617/3/3 8616/1/3
f 8463/2/3 8464/4/3 8618/3/3 8617/1/3
f 8465/1/6 8619/2/6 8620/4/6 8466/3/6
f 8464/2/3 8467/4/3 8621/3/3 8618/1/3
f 8466/1/6 8620/2/6 8622/4/6 8468/3/6
f 8467/2/3 8469/4/3 8623/3/3 8621/1/3
f 8468/1/6 8622/2/6 8624/4/6 8470/3/6
f 8469/2/3 8471/4/3 8625/3/3 8623/1/3
f 8470/1/6 8624/2/6 8626/4/6 8472/3/6
f 8471/2/3 8459/4/3 8613/3/3 8625/1/3
f 8472/1/6 8626/2/6 8627/4/6 8473/3/6
f 8460/2/3 8474/4/3 8628/3/3 8614/1/3
f 8475/1/6 8629/2/6 8630/4/6 8476/3/6
f 8474/2/3 8477/4/3 8631/3/3 8628/1/3
f 8476/1/6 8630/2/6 8632/4/6 8478/3/6
f 8565/3/2 8559/1/2 8713/2/2 8719/4/2
f 8565/1/6 8719/2/6 8720/4/6 8566/3/6
f 8560/2/3 8567/4/3 8721/3/3 8714/1/3
f 8566/1/6 8720/2/6 8722/4/6 8568/3/6
f 8567/2/3 8569/4/3 8723/3/3 8721/1/3
f 8568/1/6 8722/2/6 8724/4/6 8570/3/6
f 8569/2/3 8571/4/3 8725/3/3 8723/1/3
f 8570/1/6 8724/2/6 8726/4/6 8572/3/6
f 8571/2/3 8573/4/3 8727/3/3 8725/1/3
f 8572/1/6 8726/2/6 8728/4/6 8574/3/6
f 8573/2/3 8561/4/3 8715/3/3 8727/1/3
f 8574/1/6 8728/2/6 8729/4/6 8575/3/6
f 8562/2/3 8576/4/3 8730/3/3 8716/1/3
f 8577/1/6 8731/2/6 8732/4/6 8578/3/6
f 8576/2/3 8563/4/3 8717/3/3 8730/1/3
f 8578/1/6 8732/2/6 8733/4/6 8579/3/6
f 8615/3/2 8616/1/2 8770/2/2 8769/4/2
f 8616/2/3 8617/4/3 8771/3/3 8770/1/3
f 8617/2/3 8618/4/3 8772/3/3 8771/1/3
f 8619/1/6 8773/2/6 8774/4/6 8620/3/6
f 8618/2/3 8621/4/3 8775/3/3 8772/1/3
f 8620/1/6 8774/2/6 8776/4/6 8622/3/6
f 8621/2/3 8623/4/3 8777/3/3 8775/1/3
f 8622/1/6 8776/2/6 8778/4/6 8624/3/6
f 8623/2/3 8625/4/3 8779/3/3 8777/1/3
f 8624/1/6 8778/2/6 8780/4/6 8626/3/6
f 8625/2/3 8613/4/3 8767/3/3 8779/1/3
f 8626/1/6 8780/2/6 8781/4/6 8627/3/6
f 8614/2/3 8628/4/3 8782/3/3 8768/1/3
f 8629/1/6 8783/2/6 8784/4/6 8630/3/6
f 8628/2/3 8631/4/3 8785/3/3 8782/1/3
f 8630/1/6 8784/2/6 8786/4/6 8632/3/6
f 8719/3/2 8713/1/2 8867/2/2 8873/4/2
f 8719/1/6 8873/2/6 8874/4/6 8720/3/6
f 8714/2/3 8721/4/3 8875/3/3 8868/1/3
f 8720/1/6 8874/2/6 8876/4/6 8722/3/6
f 8721/2/3 8723/4/3 8877/3/3 8875/1/3
f 8722/1/6 8876/2/6 8878/4/6 8724/3/6
f 8723/2/3 8725/4/3 8879/3/3 8877/1/3
f 8724/1/6 8878/2/6 8880/4/6 8726/3/6
f 8725/2/3 8727/4/3 8881/3/3 8879/1/3
f 8726/1/6 8880/2/6 8882/4/6 8728/3/6
f 8727/2/3 8715/4/3 8869/3/3 8881/1/3
f 8728/1/6 8882/2/6 8883/4/6 8729/3/6
f 8716/2/3 8730/4/3 8884/3/3 8870/1/3
f 8731/1/6 8885/2/6 8886/4/6 8732/3/6
f 8730/2/3 8717/4/3 8871/3/3 8884/1/3
f 8732/1/6 8886/2/6 8887/4/6 8733/3/6
f 8769/3/2 8770/1/2 8924/2/2 8923/4/2
f 8770/2/3 8771/4/3 8925/3/3 8924/1/3
f 8771/2/3 8772/4/3 8926/3/3 8925/1/3
f 8773/1/6 8927/2/6 8928/4/6 8774/3/6
f 8772/2/3 8775/4/3 8929/3/3 8926/1/3
f 8774/1/6 8928/2/6 8930/4/6 8776/3/6
f 8775/2/3 8777/4/3 8931/3/3 8929/1/3
f 8776/1/6 8930/2/6 8932/4/6 8778/3/6
f 8777/2/3 8779/4/3 8933/3/3 8931/1/3
f 8778/1/6 8932/2/6 8934/4/6 8780/3/6
f 8779/2/3 8767/4/3 8921/3/3 8933/1/3
f 8780/1/6 8934/2/6 8935/4/6 8781/3/6
f 8768/2/3 8782/4/3 8936/3/3 8922/1/3
f 8783/1/6 8937/2/6 8938/4/6 8784/3/6
f 8782/2/3 8785/4/3 8939/3/3 8936/1/3
f 8784/1/6 8938/2/6 8940/4/6 8786/3/6
f 8873/3/2 8867/1/2 9021/2/2 9027/4/2
f 8873/1/6 9027/2/6 9028/4/6 8874/3/6
f 8868/2/3 8875/4/3 9029/3/3 9022/1/3
f 8874/1/6 9028/2/6 9030/4/6 8876/3/6
f 8875/2/3 8877/4/3 9031/3/3 9029/1/3
f 8876/1/6 9030/2/6 9032/4/6 8878/3/6
f 8877/2/3 8879/4/3 9033/3/3 9031/1/3
f 8878/1/6 9032/2/6 9034/4/6 8880/3/6
f 8879/2/3 8881/4/3 9035/3/3 9033/1/3
f 8880/1/6 9034/2/6 9036/4/6 8882/3/6
f 8881/2/3 8869/4/3 9023/3/3 9035/1/3
f 8882/1/6 9036/2/6 9037/4/6 8883/3/6
f 8870/2/3 8884/4/3 9038/3/3 9024/1/3
f 8885/1/6 9039/2/6 9040/4/6 8886/3/6
f 8884/2/3 8871/4/3 9025/3/3 9038/1/3
f 8886/1/6 9040/2/6 9041/4/6 8887/3/6
f 8923/3/2 8924/1/2 9078/2/2 9077/4/2
f 8924/2/3 8925/4/3 9079/3/3 9078/1/3
f 9077/1/4 9078/2/4 9079/4/4 9080/3/4
f 8925/2/3 8926/4/3 9081/3/3 9079/1/3
f 9080/1/4 9079/2/4 9081/4/4 9082/3/4
f 8926/2/3 8929/4/3 9083/3/3 9081/1/3
f 9082/1/4 9081/2/4 9083/4/4 9084/3/4
f 8929/2/3 8931/4/3 9085/3/3 9083/1/3
f 9084/1/4 9083/2/4 9085/4/4 9086/3/4
f 8931/2/3 8933/4/3 9087/3/3 9085/1/3
f 9086/1/4 9085/2/4 9087/4/4 9088/3/4
f 8933/2/3 8921/4/3 9075/3/3 9087/1/3
f 9088/1/4 9087/2/4 9075/4/4 9089/3/4
f 8922/2/3 8936/4/3 9091/3/3 9076/1/3
f 9090/1/4 9076/2/4 9091/4/4 9092/3/4
f 8936/2/3 8939/4/3 9093/3/3 9091/1/3
f 9092/1/4 9091/2/4 9093/4/4 9094/3/4
f 8943/3/2 8923/1/2 9077/2/2 9097/4/2
f 9097/1/4 9077/2/4 9080/4/4 9098/3/4
f 8944/2/1 9099/4/1 8928/3/1 8927/1/1
f 9098/1/4 9080/2/4 9082/4/4 9100/3/4
f 9099/2/1 9101/4/1 8930/3/1 8928/1/1
f 9100/1/4 9082/2/4 9084/4/4 9102/3/4
f 9101/2/1 9103/4/1 8932/3/1 8930/1/1
f 9102/1/4 9084/2/4 9086/4/4 9104/3/4
f 9103/2/1 9105/4/1 8934/3/1 8932/1/1
f 9104/1/4 9086/2/4 9088/4/4 9106/3/4
f 9105/2/1 8945/4/1 8935/3/1 8934/1/1
f 9106/1/4 9088/2/4 9089/4/4 9107/3/4
f 8946/2/1 9109/4/1 8938/3/1 8937/1/1
f 9108/1/4 9090/2/4 9092/4/4 9110/3/4
f 9109/2/1 8947/4/1 8940/3/1 8938/1/1
f 9110/1/4 9092/2/4 9094/4/4 9111/3/4
f 8949/3/2 8943/1/2 9097/2/2 9113/4/2
f 9113/1/4 9097/2/4 9098/4/4 9114/3/4
f 8950/2/1 9115/4/1 9099/3/1 8944/1/1
f 9114/1/4 9098/2/4 9100/4/4 9116/3/4
f 9115/2/1 9117/4/1 9101/3/1 9099/1/1
f 9116/1/4 9100/2/4 9102/4/4 9118/3/4
f 9117/2/1 9119/4/1 9103/3/1 9101/1/1
f 9118/1/4 9102/2/4 9104/4/4 9120/3/4
f 9119/2/1 9121/4/1 9105/3/1 9103/1/1
f 9120/1/4 9104/2/4 9106/4/4 9122/3/4
f 9121/2/1 8951/4/1 8945/3/1 9105/1/1
f 9122/1/4 9106/2/4 9107/4/4 9123/3/4
f 8952/2/1 9125/4/1 9109/3/1 8946/1/1
f 9124/1/4 9108/2/4 9110/4/4 9126/3/4
f 9125/2/1 8953/4/1 8947/3/1 9109/1/1
f 9126/1/4 9110/2/4 9111/4/4 9127/3/4
f 8955/3/2 8949/1/2 9113/2/2 9129/4/2
f 9129/1/4 9113/2/4 9114/4/4 9130/3/4
f 8956/2/1 9131/4/1 9115/3/1 8950/1/1
f 9130/1/4 9114/2/4 9116/4/4 9132/3/4
f 9131/2/1 9133/4/1 9117/3/1 9115/1/1
f 9132/1/4 9116/2/4 9118/4/4 9134/3/4
f 9133/2/1 9135/4/1 9119/3/1 9117/1/1
f 9134/1/4 9118/2/4 9120/4/4 9136/3/4
f 9135/2/1 9137/4/1 9121/3/1 9119/1/1
f 9136/1/4 9120/2/4 9122/4/4 9138/3/4
f 9137/2/1 8957/4/1 8951/3/1 9121/1/1
f 9138/1/4 9122/2/4 9123/4/4 9139/3/4
f 8958/2/1 9141/4/1 9125/3/1 8952/1/1
f 9140/1/4 9124/2/4 9126/4/4 9142/3/4
f 9141/2/1 8959/4/1 8953/3/1 9125/1/1
f 9142/1/4 9126/2/4 9127/4/4 9143/3/4
f 8961/3/2 8955/1/2 9129/2/2 9145/4/2
f 9145/1/4 9129/2/4 9130/4/4 9146/3/4
f 8962/2/1 9147/4/1 9131/3/1 8956/1/1
f 9146/1/4 9130/2/4 9132/4/4 9148/3/4
f 9147/2/1 9149/4/1 9133/3/1 9131/1/1
f 9148/1/4 9132/2/4 9134/4/4 9150/3/4
f 9149/2/1 9151/4/1 9135/3/1 9133/1/1
f 9150/1/4 9134/2/4 9136/4/4 9152/3/4
f 9151/2/1 9153/4/1 9137/3/1 9135/1/1
f 9152/1/4 9136/2/4 9138/4/4 9154/3/4
f 9153/2/1 8963/4/1 8957/3/1 9137/1/1
f 9154/1/4 9138/2/4 9139/4/4 9155/3/4
f 8964/2/1 9157/4/1 9141/3/1 8958/1/1
f 9156/1/4 9140/2/4 9142/4/4 9158/3/4
f 9157/2/1 8965/4/1 8959/3/1 9141/1/1
f 9158/1/4 9142/2/4 9143/4/4 9159/3/4
f 8967/3/2 8961/1/2 9145/2/2 9161/4/2
f 9161/1/4 9145/2/4 9146/4/4 9162/3/4
f 8968/2/1 9163/4/1 9147/3/1 8962/1/1
f 9162/1/4 9146/2/4 9148/4/4 9164/3/4
f 9163/2/1 9165/4/1 9149/3/1 9147/1/1
f 9164/1/4 9148/2/4 9150/4/4 9166/3/4
f 9165/2/1 9167/4/1 9151/3/1 9149/1/1
f 9166/1/4 9150/2/4 9152/4/4 9168/3/4
f 9167/2/1 9169/4/1 9153/3/1 9151/1/1
f 9168/1/4 9152/2/4 9154/4/4 9170/3/4
f 9169/2/1 8969/4/1 8963/3/1 9153/1/1
f 9170/1/4 9154/2/4 9155/4/4 9171/3/4
f 8970/2/1 9173/4/1 9157/3/1 8964/1/1
f 9172/1/4 9156/2/4 9158/4/4 9174/3/4
f 9173/2/1 8971/4/1 8965/3/1 9157/1/1
f 9174/1/4 9158/2/4 9159/4/4 9175/3/4
f 8973/3/2 8967/1/2 9161/2/2 9177/4/2
f 9177/1/4 9161/2/4 9162/4/4 9178/3/4
f 8974/2/1 9179/4/1 9163/3/1 8968/1/1
f 9178/1/4 9162/2/4 9164/4/4 9180/3/4
f 9179/2/1 9181/4/1 9165/3/1 9163/1/1
f 9180/1/4 9164/2/4 9166/4/4 9182/3/4
f 9181/2/1 9183/4/1 9167/3/1 9165/1/1
f 9182/1/4 9166/2/4 9168/4/4 9184/3/4
f 9183/2/1 9185/4/1 9169/3/1 9167/1/1
f 9184/1/4 9168/2/4 9170/4/4 9186/3/4
f 9185/2/1 8975/4/1 8969/3/1 9169/1/1
f 9186/1/4 9170/2/4 9171/4/4 9187/3/4
f 8976/2/1 9189/4/1 9173/3/1 8970/1/1
f 9188/1/4 9172/2/4 9174/4/4 9190/3/4
f 9189/2/1 8977/4/1 8971/3/1 9173/1/1
f 9190/1/4 9174/2/4 9175/4/4 9191/3/4
f 8979/3/2 8973/1/2 9177/2/2 9193/4/2
f 9193/1/4 9177/2/4 9178/4/4 9194/3/4
f 8980/2/1 9195/4/1 9179/3/1 8974/1/1
f 9194/1/4 9178/2/4 9180/4/4 9196/3/4
f 9195/2/1 9197/4/1 9181/3/1 9179/1/1
f 9196/1/4 9180/2/4 9182/4/4 9198/3/4
f 9197/2/1 9199/4/1 9183/3/1 9181/1/1
f 9198/1/4 9182/2/4 9184/4/4 9200/3/4
f 9199/2/1 9201/4/1 9185/3/1 9183/1/1
f 9200/1/4 9184/2/4 9186/4/4 9202/3/4
f 9201/2/1 8981/4/1 8975/3/1 9185/1/1
f 9202/1/4 9186/2/4 9187/4/4 9203/3/4
f 8982/2/1 9205/4/1 9189/3/1 8976/1/1
f 9204/1/4 9188/2/4 9190/4/4 9206/3/4
f 9205/2/1 8983/4/1 8977/3/1 9189/1/1
f 9206/1/4 9190/2/4 9191/4/4 9207/3/4
f 8985/3/2 8979/1/2 9193/2/2 9209/4/2
f 9209/1/4 9193/2/4 9194/4/4 9210/3/4
f 8986/2/1 9211/4/1 9195/3/1 8980/1/1
f 9210/1/4 9194/2/4 9196/4/4 9212/3/4
f 9211/2/1 9213/4/1 9197/3/1 9195/1/1
f 9212/1/4 9196/2/4 9198/4/4 9214/3/4
f 9213/2/1 9215/4/1 9199/3/1 9197/1/1
f 9214/1/4 9198/2/4 9200/4/4 9216/3/4
f 9215/2/1 9217/4/1 9201/3/1 9199/1/1
f 9216/1/4 9200/2/4 9202/4/4 9218/3/4
f 9217/2/1 8987/4/1 8981/3/1 9201/1/1
f 9218/1/4 9202/2/4 9203/4/4 9219/3/4
f 8988/2/1 9221/4/1 9205/3/1 8982/1/1
f 9220/1/4 9204/2/4 9206/4/4 9222/3/4
f 9221/2/1 8989/4/1 8983/3/1 9205/1/1
f 9222/1/4 9206/2/4 9207/4/4 9223/3/4
f 8991/3/2 8985/1/2 9209/2/2 9225/4/2
f 9225/1/4 9209/2/4 9210/4/4 9226/3/4
f 8992/2/1 9227/4/1 9211/3/1 8986/1/1
f 9226/1/4 9210/2/4 9212/4/4 9228/3/4
f 9227/2/1 9229/4/1 9213/3/1 9211/1/1
f 9228/1/4 9212/2/4 9214/4/4 9230/3/4
f 9229/2/1 9231/4/1 9215/3/1 9213/1/1
f 9230/1/4 9214/2/4 9216/4/4 9232/3/4
f 9231/2/1 9233/4/1 9217/3/1 9215/1/1
f 9232/1/4 9216/2/4 9218/4/4 9234/3/4
f 9233/2/1 8993/4/1 8987/3/1 9217/1/1
f 9234/1/4 9218/2/4 9219/4/4 9235/3/4
f 8994/2/1 9237/4/1 9221/3/1 8988/1/1
f 9236/1/4 9220/2/4 9222/4/4 9238/3/4
f 9237/2/1 8995/4/1 8989/3/1 9221/1/1
f 9238/1/4 9222/2/4 9223/4/4 9239/3/4
f 8997/3/2 8991/1/2 9225/2/2 9241/4/2
f 9241/1/4 9225/2/4 9226/4/4 9242/3/4
f 8998/2/1 9243/4/1 9227/3/1 8992/1/1
f 9242/1/4 9226/2/4 9228/4/4 9244/3/4
f 9243/2/1 9245/4/1 9229/3/1 9227/1/1
f 9244/1/4 9228/2/4 9230/4/4 9246/3/4
f 9245/2/1 9247/4/1 9231/3/1 9229/1/1
f 9246/1/4 9230/2/4 9232/4/4 9248/3/4
f 9247/2/1 9249/4/1 9233/3/1 9231/1/1
f 9248/1/4 9232/2/4 9234/4/4 9250/3/4
f 9249/2/1 8999/4/1 8993/3/1 9233/1/1
f 9250/1/4 9234/2/4 9235/4/4 9251/3/4
f 9000/2/1 9253/4/1 9237/3/1 8994/1/1
f 9252/1/4 9236/2/4 9238/4/4 9254/3/4
f 9253/2/1 9001/4/1 8995/3/1 9237/1/1
f 9254/1/4 9238/2/4 9239/4/4 9255/3/4
f 9003/3/2 8997/1/2 9241/2/2 9257/4/2
f 9257/1/4 9241/2/4 9242/4/4 9258/3/4
f 9004/2/1 9259/4/1 9243/3/1 8998/1/1
f 9258/1/4 9242/2/4 9244/4/4 9260/3/4
f 9259/2/1 9261/4/1 9245/3/1 9243/1/1
f 9260/1/4 9244/2/4 9246/4/4 9262/3/4
f 9261/2/1 9263/4/1 9247/3/1 9245/1/1
f 9262/1/4 9246/2/4 9248/4/4 9264/3/4
f 9263/2/1 9265/4/1 9249/3/1 9247/1/1
f 9264/1/4 9248/2/4 9250/4/4 9266/3/4
f 9265/2/1 9005/4/1 8999/3/1 9249/1/1
f 9266/1/4 9250/2/4 9251/4/4 9267/3/4
f 9006/2/1 9269/4/1 9253/3/1 9000/1/1
f 9268/1/4 9252/2/4 9254/4/4 9270/3/4
f 9269/2/1 9007/4/1 9001/3/1 9253/1/1
f 9270/1/4 9254/2/4 9255/4/4 9271/3/4
f 9009/3/2 9003/1/2 9257/2/2 9273/4/2
f 9273/1/4 9257/2/4 9258/4/4 9274/3/4
f 9010/2/1 9275/4/1 9259/3/1 9004/1/1
f 9274/1/4 9258/2/4 9260/4/4 9276/3/4
f 9275/2/1 9277/4/1 9261/3/1 9259/1/1
f 9276/1/4 9260/2/4 9262/4/4 9278/3/4
f 9277/2/1 9279/4/1 9263/3/1 9261/1/1
f 9278/1/4 9262/2/4 9264/4/4 9280/3/4
f 9279/2/1 9281/4/1 9265/3/1 9263/1/1
f 9280/1/4 9264/2/4 9266/4/4 9282/3/4
f 9281/2/1 9011/4/1 9005/3/1 9265/1/1
f 9282/1/4 9266/2/4 9267/4/4 9283/3/4
f 9012/2/1 9285/4/1 9269/3/1 9006/1/1
f 9284/1/4 9268/2/4 9270/4/4 9286/3/4
f 9285/2/1 9013/4/1 9007/3/1 9269/1/1
f 9286/1/4 9270/2/4 9271/4/4 9287/3/4
f 9015/3/2 9009/1/2 9273/2/2 9289/4/2
f 9289/1/4 9273/2/4 9274/4/4 9290/3/4
f 9016/2/1 9291/4/1 9275/3/1 9010/1/1
f 9290/1/4 9274/2/4 9276/4/4 9292/3/4
f 9291/2/1 9293/4/1 9277/3/1 9275/1/1
f 9292/1/4 9276/2/4 9278/4/4 9294/3/4
f 9293/2/1 9295/4/1 9279/3/1 9277/1/1
f 9294/1/4 9278/2/4 9280/4/4 9296/3/4
f 9295/2/1 9297/4/1 9281/3/1 9279/1/1
f 9296/1/4 9280/2/4 9282/4/4 9298/3/4
f 9297/2/1 9017/4/1 9011/3/1 9281/1/1
f 9298/1/4 9282/2/4 9283/4/4 9299/3/4
f 9018/2/1 9301/4/1 9285/3/1 9012/1/1
f 9300/1/4 9284/2/4 9286/4/4 9302/3/4
f 9301/2/1 9019/4/1 9013/3/1 9285/1/1
f 9302/1/4 9286/2/4 9287/4/4 9303/3/4
f 9021/3/2 9015/1/2 9289/2/2 9305/4/2
f 9305/1/4 9289/2/4 9290/4/4 9306/3/4
f 9022/2/1 9029/4/1 9291/3/1 9016/1/1
f 9306/1/4 9290/2/4 9292/4/4 9307/3/4
f 9029/2/1 9031/4/1 9293/3/1 9291/1/1
f 9307/1/4 9292/2/4 9294/4/4 9308/3/4
f 9031/2/1 9033/4/1 9295/3/1 9293/1/1
f 9308/1/4 9294/2/4 9296/4/4 9309/3/4
f 9033/2/1 9035/4/1 9297/3/1 9295/1/1
f 9309/1/4 9296/2/4 9298/4/4 9310/3/4
f 9035/2/1 9023/4/1 9017/3/1 9297/1/1
f 9310/1/4 9298/2/4 9299/4/4 9311/3/4
f 9024/2/1 9038/4/1 9301/3/1 9018/1/1
f 9312/1/4 9300/2/4 9302/4/4 9313/3/4
f 9038/2/1 9025/4/1 9019/3/1 9301/1/1
f 9313/1/4 9302/2/4 9303/4/4 9314/3/4
f 9027/3/2 9021/1/2 9305/2/2 9316/4/2
f 9316/1/4 9305/2/4 9306/4/4 9317/3/4
f 9027/1/6 9316/2/6 9317/4/6 9028/3/6
f 9317/1/4 9306/2/4 9307/4/4 9318/3/4
f 9028/1/6 9317/2/6 9318/4/6 9030/3/6
f 9318/1/4 9307/2/4 9308/4/4 9319/3/4
f 9030/1/6 9318/2/6 9319/4/6 9032/3/6
f 9319/1/4 9308/2/4 9309/4/4 9320/3/4
f 9032/1/6 9319/2/6 9320/4/6 9034/3/6
f 9320/1/4 9309/2/4 9310/4/4 9321/3/4
f 9034/1/6 9320/2/6 9321/4/6 9036/3/6
f 9321/1/4 9310/2/4 9311/4/4 9322/3/4
f 9036/1/6 9321/2/6 9322/4/6 9037/3/6
f 9323/1/4 9312/2/4 9313/4/4 9324/3/4
f 9039/1/6 9323/2/6 9324/4/6 9040/3/6
f 9324/1/4 9313/2/4 9314/4/4 9325/3/4
f 9040/1/6 9324/2/6 9325/4/6 9041/3/6

o Black_Concrete
g Black_Concrete
usemtl black_concrete
f 2/2/1 3/4/1 4/3/1 1/1/1
f 2/3/2 1/1/2 6/2/2 5/4/2
f 1/2/3 4/4/3 7/3/3 6/1/3
f 3/1/5 8/2/5 7/4/5 4/3/5
f 9/2/1 10/4/1 3/3/1 2/1/1
f 9/3/2 2/1/2 5/2/2 11/4/2
f 10/1/5 12/2/5 8/4/5 3/3/5
f 13/2/1 14/4/1 10/3/1 9/1/1
f 13/3/2 9/1/2 11/2/2 15/4/2
f 14/1/5 16/2/5 12/4/5 10/3/5
f 17/2/1 18/4/1 14/3/1 13/1/1
f 17/3/2 13/1/2 15/2/2 19/4/2
f 18/1/5 20/2/5 16/4/5 14/3/5
f 21/2/1 22/4/1 18/3/1 17/1/1
f 21/3/2 17/1/2 19/2/2 23/4/2
f 22/1/5 24/2/5 20/4/5 18/3/5
f 25/2/1 26/4/1 22/3/1 21/1/1
f 25/3/2 21/1/2 23/2/2 27/4/2
f 26/1/5 28/2/5 24/4/5 22/3/5
f 29/2/1 30/4/1 26/3/1 25/1/1
f 29/3/2 25/1/2 27/2/2 31/4/2
f 30/1/5 32/2/5 28/4/5 26/3/5
f 33/2/1 34/4/1 30/3/1 29/1/1
f 33/3/2 29/1/2 31/2/2 35/4/2
f 34/1/5 36/2/5 32/4/5 30/3/5
f 37/2/1 38/4/1 34/3/1 33/1/1
f 37/3/2 33/1/2 35/2/2 39/4/2
f 38/1/5 40/2/5 36/4/5 34/3/5
f 41/2/1 42/4/1 38/3/1 37/1/1
f 41/3/2 37/1/2 39/2/2 43/4/2
f 42/1/5 44/2/5 40/4/5 38/3/5
f 45/2/1 46/4/1 42/3/1 41/1/1
f 45/3/2 41/1/2 43/2/2 47/4/2
f 46/1/5 48/2/5 44/4/5 42/3/5
f 49/2/1 50/4/1 46/3/1 45/1/1
f 49/3/2 45/1/2 47/2/2 51/4/2
f 50/1/5 52/2/5 48/4/5 46/3/5
f 53/2/1 54/4/1 50/3/1 49/1/1
f 53/3/2 49/1/2 51/2/2 55/4/2
f 54/1/5 56/2/5 52/4/5 50/3/5
f 57/2/1 58/4/1 54/3/1 53/1/1
f 57/3/2 53/1/2 55/2/2 59/4/2
f 58/1/5 60/2/5 56/4/5 54/3/5
f 61/2/1 62/4/1 58/3/1 57/1/1
f 61/3/2 57/1/2 59/2/2 63/4/2
f 62/1/5 64/2/5 60/4/5 58/3/5
f 65/2/1 66/4/1 62/3/1 61/1/1
f 65/3/2 61/1/2 63/2/2 67/4/2
f 66/1/5 68/2/5 64/4/5 62/3/5
f 69/2/1 70/4/1 66/3/1 65/1/1
f 69/3/2 65/1/2 67/2/2 71/4/2
f 70/1/5 72/2/5 68/4/5 66/3/5
f 73/2/1 74/4/1 70/3/1 69/1/1
f 73/3/2 69/1/2 71/2/2 75/4/2
f 74/1/5 76/2/5 72/4/5 70/3/5
f 77/2/1 78/4/1 74/3/1 73/1/1
f 77/3/2 73/1/2 75/2/2 79/4/2
f 78/1/5 80/2/5 76/4/5 74/3/5
f 81/2/1 82/4/1 78/3/1 77/1/1
f 81/3/2 77/1/2 79/2/2 83/4/2
f 82/1/5 84/2/5 80/4/5 78/3/5
f 85/2/1 86/4/1 82/3/1 81/1/1
f 85/3/2 81/1/2 83/2/2 87/4/2
f 86/1/5 88/2/5 84/4/5 82/3/5
f 89/2/1 90/4/1 86/3/1 85/1/1
f 89/3/2 85/1/2 87/2/2 91/4/2
f 90/1/5 92/2/5 88/4/5 86/3/5
f 93/2/1 94/4/1 90/3/1 89/1/1
f 93/3/2 89/1/2 91/2/2 95/4/2
f 94/1/5 96/2/5 92/4/5 90/3/5
f 97/2/1 98/4/1 94/3/1 93/1/1
f 97/3/2 93/1/2 95/2/2 99/4/2
f 98/1/5 100/2/5 96/4/5 94/3/5
f 101/2/1 102/4/1 98/3/1 97/1/1
f 101/3/2 97/1/2 99/2/2 103/4/2
f 102/1/5 104/2/5 100/4/5 98/3/5
f 105/2/1 106/4/1 102/3/1 101/1/1
f 105/3/2 101/1/2 103/2/2 107/4/2
f 106/1/5 108/2/5 104/4/5 102/3/5
f 109/2/1 110/4/1 106/3/1 105/1/1
f 109/3/2 105/1/2 107/2/2 111/4/2
f 110/1/5 112/2/5 108/4/5 106/3/5
f 113/2/1 114/4/1 110/3/1 109/1/1
f 113/3/2 109/1/2 111/2/2 115/4/2
f 114/1/5 116/2/5 112/4/5 110/3/5
f 117/2/1 118/4/1 114/3/1 113/1/1
f 117/3/2 113/1/2 115/2/2 119/4/2
f 118/1/5 120/2/5 116/4/5 114/3/5
f 121/2/1 122/4/1 118/3/1 117/1/1
f 121/3/2 117/1/2 119/2/2 123/4/2
f 122/1/5 124/2/5 120/4/5 118/3/5
f 125/2/1 126/4/1 122/3/1 121/1/1
f 125/3/2 121/1/2 123/2/2 127/4/2
f 126/1/5 128/2/5 124/4/5 122/3/5
f 129/2/1 130/4/1 126/3/1 125/1/1
f 129/3/2 125/1/2 127/2/2 131/4/2
f 130/1/5 132/2/5 128/4/5 126/3/5
f 129/1/6 131/2/6 132/4/6 130/3/6
f 5/3/2 6/1/2 134/2/2 133/4/2
f 6/2/3 7/4/3 135/3/3 134/1/3
f 8/1/5 136/2/5 135/4/5 7/3/5
f 11/3/2 5/1/2 133/2/2 137/4/2
f 12/1/5 138/2/5 136/4/5 8/3/5
f 15/3/2 11/1/2 137/2/2 139/4/2
f 16/1/5 140/2/5 138/4/5 12/3/5
f 19/3/2 15/1/2 139/2/2 141/4/2
f 20/1/5 142/2/5 140/4/5 16/3/5
f 23/3/2 19/1/2 141/2/2 143/4/2
f 24/1/5 144/2/5 142/4/5 20/3/5
f 27/3/2 23/1/2 143/2/2 145/4/2
f 28/1/5 146/2/5 144/4/5 24/3/5
f 31/3/2 27/1/2 145/2/2 147/4/2
f 32/1/5 148/2/5 146/4/5 28/3/5
f 35/3/2 31/1/2 147/2/2 149/4/2
f 36/1/5 150/2/5 148/4/5 32/3/5
f 39/3/2 35/1/2 149/2/2 151/4/2
f 40/1/5 152/2/5 150/4/5 36/3/5
f 43/3/2 39/1/2 151/2/2 153/4/2
f 44/1/5 154/2/5 152/4/5 40/3/5
f 47/3/2 43/1/2 153/2/2 155/4/2
f 48/1/5 156/2/5 154/4/5 44/3/5
f 51/3/2 47/1/2 155/2/2 157/4/2
f 52/1/5 158/2/5 156/4/5 48/3/5
f 55/3/2 51/1/2 157/2/2 159/4/2
f 56/1/5 160/2/5 158/4/5 52/3/5
f 59/3/2 55/1/2 159/2/2 161/4/2
f 60/1/5 162/2/5 160/4/5 56/3/5
f 63/3/2 59/1/2 161/2/2 163/4/2
f 64/1/5 164/2/5 162/4/5 60/3/5
f 187/2/1 190/4/1 191/3/1 188/1/1
f 188/2/3 191/4/3 192/3/3 189/1/3
f 190/1/5 193/2/5 192/4/5 191/3/5
f 218/2/1 221/4/1 190/3/1 187/1/1
f 221/1/5 222/2/5 193/4/5 190/3/5
f 239/2/1 241/4/1 221/3/1 218/1/1
f 241/1/5 242/2/5 222/4/5 221/3/5
f 259/2/1 261/4/1 241/3/1 239/1/1
f 261/1/5 262/2/5 242/4/5 241/3/5
f 279/2/1 281/4/1 261/3/1 259/1/1
f 281/1/5 282/2/5 262/4/5 261/3/5
f 299/2/1 301/4/1 281/3/1 279/1/1
f 301/1/5 302/2/5 282/4/5 281/3/5
f 319/2/1 321/4/1 301/3/1 299/1/1
f 321/1/5 322/2/5 302/4/5 301/3/5
f 339/2/1 341/4/1 321/3/1 319/1/1
f 341/1/5 342/2/5 322/4/5 321/3/5
f 359/2/1 361/4/1 341/3/1 339/1/1
f 361/1/5 362/2/5 342/4/5 341/3/5
f 379/2/1 381/4/1 361/3/1 359/1/1
f 381/1/5 382/2/5 362/4/5 361/3/5
f 399/2/1 401/4/1 381/3/1 379/1/1
f 401/1/5 402/2/5 382/4/5 381/3/5
f 419/2/1 421/4/1 401/3/1 399/1/1
f 421/1/5 422/2/5 402/4/5 401/3/5
f 439/2/1 441/4/1 421/3/1 419/1/1
f 441/1/5 442/2/5 422/4/5 421/3/5
f 459/2/1 461/4/1 441/3/1 439/1/1
f 461/1/5 462/2/5 442/4/5 441/3/5
f 479/2/1 481/4/1 461/3/1 459/1/1
f 481/1/5 482/2/5 462/4/5 461/3/5
f 499/2/1 501/4/1 481/3/1 479/1/1
f 501/1/5 502/2/5 482/4/5 481/3/5
f 499/1/6 500/2/6 502/4/6 501/3/6
f 131/3/2 127/1/2 495/2/2 503/4/2
f 132/1/5 504/2/5 497/4/5 128/3/5
f 131/1/6 503/2/6 504/4/6 132/3/6
f 133/3/2 134/1/2 506/2/2 505/4/2
f 134/2/3 135/4/3 507/3/3 506/1/3
f 136/1/5 508/2/5 507/4/5 135/3/5
f 137/3/2 133/1/2 505/2/2 509/4/2
f 138/1/5 510/2/5 508/4/5 136/3/5
f 139/3/2 137/1/2 509/2/2 511/4/2
f 140/1/5 512/2/5 510/4/5 138/3/5
f 141/3/2 139/1/2 511/2/2 513/4/2
f 142/1/5 514/2/5 512/4/5 140/3/5
f 143/3/2 141/1/2 513/2/2 515/4/2
f 144/1/5 516/2/5 514/4/5 142/3/5
f 145/3/2 143/1/2 515/2/2 517/4/2
f 146/1/5 518/2/5 516/4/5 144/3/5
f 147/3/2 145/1/2 517/2/2 519/4/2
f 148/1/5 520/2/5 518/4/5 146/3/5
f 149/3/2 147/1/2 519/2/2 521/4/2
f 150/1/5 522/2/5 520/4/5 148/3/5
f 151/3/2 149/1/2 521/2/2 523/4/2
f 152/1/5 524/2/5 522/4/5 150/3/5
f 153/3/2 151/1/2 523/2/2 525/4/2
f 154/1/5 526/2/5 524/4/5 152/3/5
f 155/3/2 153/1/2 525/2/2 527/4/2
f 156/1/5 528/2/5 526/4/5 154/3/5
f 157/3/2 155/1/2 527/2/2 529/4/2
f 158/1/5 530/2/5 528/4/5 156/3/5
f 159/3/2 157/1/2 529/2/2 531/4/2
f 160/1/5 532/2/5 530/4/5 158/3/5
f 161/3/2 159/1/2 531/2/2 533/4/2
f 162/1/5 534/2/5 532/4/5 160/3/5
f 163/3/2 161/1/2 533/2/2 535/4/2
f 164/1/5 536/2/5 534/4/5 162/3/5
f 189/2/3 192/4/3 555/3/3 553/1/3
f 193/1/5 556/2/5 555/4/5 192/3/5
f 196/3/2 169/1/2 537/2/2 557/4/2
f 198/1/5 558/2/5 541/4/5 199/3/5
f 212/3/2 211/1/2 549/2/2 559/4/2
f 214/1/5 560/2/5 551/4/5 215/3/5
f 220/3/2 219/1/2 554/2/2 561/4/2
f 222/1/5 562/2/5 556/4/5 193/3/5
f 225/3/2 196/1/2 557/2/2 563/4/2
f 227/1/5 564/2/5 558/4/5 198/3/5
f 235/3/2 212/1/2 559/2/2 565/4/2
f 237/1/5 566/2/5 560/4/5 214/3/5
f 240/3/2 220/1/2 561/2/2 567/4/2
f 242/1/5 568/2/5 562/4/5 222/3/5
f 245/3/2 225/1/2 563/2/2 569/4/2
f 247/1/5 570/2/5 564/4/5 227/3/5
f 255/3/2 235/1/2 565/2/2 571/4/2
f 257/1/5 572/2/5 566/4/5 237/3/5
f 260/3/2 240/1/2 567/2/2 573/4/2
f 262/1/5 574/2/5 568/4/5 242/3/5
f 265/3/2 245/1/2 569/2/2 575/4/2
f 267/1/5 576/2/5 570/4/5 247/3/5
f 275/3/2 255/1/2 571/2/2 577/4/2
f 277/1/5 578/2/5 572/4/5 257/3/5
f 280/3/2 260/1/2 573/2/2 579/4/2
f 282/1/5 580/2/5 574/4/5 262/3/5
f 285/3/2 265/1/2 575/2/2 581/4/2
f 287/1/5 582/2/5 576/4/5 267/3/5
f 295/3/2 275/1/2 577/2/2 583/4/2
f 297/1/5 584/2/5 578/4/5 277/3/5
f 300/3/2 280/1/2 579/2/2 585/4/2
f 302/1/5 586/2/5 580/4/5 282/3/5
f 305/3/2 285/1/2 581/2/2 587/4/2
f 307/1/5 588/2/5 582/4/5 287/3/5
f 315/3/2 295/1/2 583/2/2 589/4/2
f 317/1/5 590/2/5 584/4/5 297/3/5
f 320/3/2 300/1/2 585/2/2 591/4/2
f 322/1/5 592/2/5 586/4/5 302/3/5
f 325/3/2 305/1/2 587/2/2 593/4/2
f 327/1/5 594/2/5 588/4/5 307/3/5
f 335/3/2 315/1/2 589/2/2 595/4/2
f 337/1/5 596/2/5 590/4/5 317/3/5
f 340/3/2 320/1/2 591/2/2 597/4/2
f 342/1/5 598/2/5 592/4/5 322/3/5
f 345/3/2 325/1/2 593/2/2 599/4/2
f 347/1/5 600/2/5 594/4/5 327/3/5
f 355/3/2 335/1/2 595/2/2 601/4/2
f 357/1/5 602/2/5 596/4/5 337/3/5
f 360/3/2 340/1/2 597/2/2 603/4/2
f 362/1/5 604/2/5 598/4/5 342/3/5
f 365/3/2 345/1/2 599/2/2 605/4/2
f 367/1/5 606/2/5 600/4/5 347/3/5
f 375/3/2 355/1/2 601/2/2 607/4/2
f 377/1/5 608/2/5 602/4/5 357/3/5
f 380/3/2 360/1/2 603/2/2 609/4/2
f 382/1/5 610/2/5 604/4/5 362/3/5
f 385/3/2 365/1/2 605/2/2 611/4/2
f 387/1/5 612/2/5 606/4/5 367/3/5
f 395/3/2 375/1/2 607/2/2 613/4/2
f 397/1/5 614/2/5 608/4/5 377/3/5
f 400/3/2 380/1/2 609/2/2 615/4/2
f 402/1/5 616/2/5 610/4/5 382/3/5
f 405/3/2 385/1/2 611/2/2 617/4/2
f 407/1/5 618/2/5 612/4/5 387/3/5
f 415/3/2 395/1/2 613/2/2 619/4/2
f 417/1/5 620/2/5 614/4/5 397/3/5
f 420/3/2 400/1/2 615/2/2 621/4/2
f 422/1/5 622/2/5 616/4/5 402/3/5
f 425/3/2 405/1/2 617/2/2 623/4/2
f 427/1/5 624/2/5 618/4/5 407/3/5
f 435/3/2 415/1/2 619/2/2 625/4/2
f 437/1/5 626/2/5 620/4/5 417/3/5
f 440/3/2 420/1/2 621/2/2 627/4/2
f 442/1/5 628/2/5 622/4/5 422/3/5
f 445/3/2 425/1/2 623/2/2 629/4/2
f 447/1/5 630/2/5 624/4/5 427/3/5
f 455/3/2 435/1/2 625/2/2 631/4/2
f 457/1/5 632/2/5 626/4/5 437/3/5
f 460/3/2 440/1/2 627/2/2 633/4/2
f 462/1/5 634/2/5 628/4/5 442/3/5
f 465/3/2 445/1/2 629/2/2 635/4/2
f 467/1/5 636/2/5 630/4/5 447/3/5
f 475/3/2 455/1/2 631/2/2 637/4/2
f 477/1/5 638/2/5 632/4/5 457/3/5
f 480/3/2 460/1/2 633/2/2 639/4/2
f 482/1/5 640/2/5 634/4/5 462/3/5
f 502/1/5 656/2/5 640/4/5 482/3/5
f 500/1/6 655/2/6 656/4/6 502/3/6
f 503/3/2 495/1/2 651/2/2 657/4/2
f 504/1/5 658/2/5 653/4/5 497/3/5
f 503/1/6 657/2/6 658/4/6 504/3/6
f 505/3/2 506/1/2 660/2/2 659/4/2
f 506/2/3 507/4/3 661/3/3 660/1/3
f 508/1/5 662/2/5 661/4/5 507/3/5
f 509/3/2 505/1/2 659/2/2 663/4/2
f 510/1/5 664/2/5 662/4/5 508/3/5
f 511/3/2 509/1/2 663/2/2 665/4/2
f 512/1/5 666/2/5 664/4/5 510/3/5
f 513/3/2 511/1/2 665/2/2 667/4/2
f 514/1/5 668/2/5 666/4/5 512/3/5
f 515/3/2 513/1/2 667/2/2 669/4/2
f 516/1/5 670/2/5 668/4/5 514/3/5
f 517/3/2 515/1/2 669/2/2 671/4/2
f 518/1/5 672/2/5 670/4/5 516/3/5
f 519/3/2 517/1/2 671/2/2 673/4/2
f 520/1/5 674/2/5 672/4/5 518/3/5
f 521/3/2 519/1/2 673/2/2 675/4/2
f 522/1/5 676/2/5 674/4/5 520/3/5
f 523/3/2 521/1/2 675/2/2 677/4/2
f 524/1/5 678/2/5 676/4/5 522/3/5
f 525/3/2 523/1/2 677/2/2 679/4/2
f 526/1/5 680/2/5 678/4/5 524/3/5
f 527/3/2 525/1/2 679/2/2 681/4/2
f 528/1/5 682/2/5 680/4/5 526/3/5
f 529/3/2 527/1/2 681/2/2 683/4/2
f 530/1/5 684/2/5 682/4/5 528/3/5
f 531/3/2 529/1/2 683/2/2 685/4/2
f 532/1/5 686/2/5 684/4/5 530/3/5
f 533/3/2 531/1/2 685/2/2 687/4/2
f 534/1/5 688/2/5 686/4/5 532/3/5
f 535/3/2 533/1/2 687/2/2 689/4/2
f 536/1/5 690/2/5 688/4/5 534/3/5
f 553/2/3 555/4/3 709/3/3 707/1/3
f 556/1/5 710/2/5 709/4/5 555/3/5
f 557/3/2 537/1/2 691/2/2 711/4/2
f 558/1/5 712/2/5 695/4/5 541/3/5
f 559/3/2 549/1/2 703/2/2 713/4/2
f 560/1/5 714/2/5 705/4/5 551/3/5
f 561/3/2 554/1/2 708/2/2 715/4/2
f 562/1/5 716/2/5 710/4/5 556/3/5
f 563/3/2 557/1/2 711/2/2 717/4/2
f 564/1/5 718/2/5 712/4/5 558/3/5
f 565/3/2 559/1/2 713/2/2 719/4/2
f 566/1/5 720/2/5 714/4/5 560/3/5
f 567/3/2 561/1/2 715/2/2 721/4/2
f 568/1/5 722/2/5 716/4/5 562/3/5
f 569/3/2 563/1/2 717/2/2 723/4/2
f 570/1/5 724/2/5 718/4/5 564/3/5
f 571/3/2 565/1/2 719/2/2 725/4/2
f 572/1/5 726/2/5 720/4/5 566/3/5
f 573/3/2 567/1/2 721/2/2 727/4/2
f 574/1/5 728/2/5 722/4/5 568/3/5
f 575/3/2 569/1/2 723/2/2 729/4/2
f 576/1/5 730/2/5 724/4/5 570/3/5
f 577/3/2 571/1/2 725/2/2 731/4/2
f 578/1/5 732/2/5 726/4/5 572/3/5
f 579/3/2 573/1/2 727/2/2 733/4/2
f 580/1/5 734/2/5 728/4/5 574/3/5
f 581/3/2 575/1/2 729/2/2 735/4/2
f 582/1/5 736/2/5 730/4/5 576/3/5
f 583/3/2 577/1/2 731/2/2 737/4/2
f 584/1/5 738/2/5 732/4/5 578/3/5
f 585/3/2 579/1/2 733/2/2 739/4/2
f 586/1/5 740/2/5 734/4/5 580/3/5
f 587/3/2 581/1/2 735/2/2 741/4/2
f 588/1/5 742/2/5 736/4/5 582/3/5
f 589/3/2 583/1/2 737/2/2 743/4/2
f 590/1/5 744/2/5 738/4/5 584/3/5
f 591/3/2 585/1/2 739/2/2 745/4/2
f 592/1/5 746/2/5 740/4/5 586/3/5
f 593/3/2 587/1/2 741/2/2 747/4/2
f 594/1/5 748/2/5 742/4/5 588/3/5
f 595/3/2 589/1/2 743/2/2 749/4/2
f 596/1/5 750/2/5 744/4/5 590/3/5
f 597/3/2 591/1/2 745/2/2 751/4/2
f 598/1/5 752/2/5 746/4/5 592/3/5
f 599/3/2 593/1/2 747/2/2 753/4/2
f 600/1/5 754/2/5 748/4/5 594/3/5
f 601/3/2 595/1/2 749/2/2 755/4/2
f 602/1/5 756/2/5 750/4/5 596/3/5
f 603/3/2 597/1/2 751/2/2 757/4/2
f 604/1/5 758/2/5 752/4/5 598/3/5
f 605/3/2 599/1/2 753/2/2 759/4/2
f 606/1/5 760/2/5 754/4/5 600/3/5
f 607/3/2 601/1/2 755/2/2 761/4/2
f 608/1/5 762/2/5 756/4/5 602/3/5
f 609/3/2 603/1/2 757/2/2 763/4/2
f 610/1/5 764/2/5 758/4/5 604/3/5
f 611/3/2 605/1/2 759/2/2 765/4/2
f 612/1/5 766/2/5 760/4/5 606/3/5
f 613/3/2 607/1/2 761/2/2 767/4/2
f 614/1/5 768/2/5 762/4/5 608/3/5
f 615/3/2 609/1/2 763/2/2 769/4/2
f 616/1/5 770/2/5 764/4/5 610/3/5
f 617/3/2 611/1/2 765/2/2 771/4/2
f 618/1/5 772/2/5 766/4/5 612/3/5
f 619/3/2 613/1/2 767/2/2 773/4/2
f 620/1/5 774/2/5 768/4/5 614/3/5
f 621/3/2 615/1/2 769/2/2 775/4/2
f 622/1/5 776/2/5 770/4/5 616/3/5
f 623/3/2 617/1/2 771/2/2 777/4/2
f 624/1/5 778/2/5 772/4/5 618/3/5
f 625/3/2 619/1/2 773/2/2 779/4/2
f 626/1/5 780/2/5 774/4/5 620/3/5
f 627/3/2 621/1/2 775/2/2 781/4/2
f 628/1/5 782/2/5 776/4/5 622/3/5
f 629/3/2 623/1/2 777/2/2 783/4/2
f 630/1/5 784/2/5 778/4/5 624/3/5
f 631/3/2 625/1/2 779/2/2 785/4/2
f 632/1/5 786/2/5 780/4/5 626/3/5
f 633/3/2 627/1/2 781/2/2 787/4/2
f 634/1/5 788/2/5 782/4/5 628/3/5
f 635/3/2 629/1/2 783/2/2 789/4/2
f 636/1/5 790/2/5 784/4/5 630/3/5
f 637/3/2 631/1/2 785/2/2 791/4/2
f 638/1/5 792/2/5 786/4/5 632/3/5
f 639/3/2 633/1/2 787/2/2 793/4/2
f 640/1/5 794/2/5 788/4/5 634/3/5
f 656/1/5 810/2/5 794/4/5 640/3/5
f 655/1/6 809/2/6 810/4/6 656/3/6
f 657/3/2 651/1/2 805/2/2 811/4/2
f 658/1/5 812/2/5 807/4/5 653/3/5
f 657/1/6 811/2/6 812/4/6 658/3/6
f 659/3/2 660/1/2 814/2/2 813/4/2
f 660/2/3 661/4/3 815/3/3 814/1/3
f 662/1/5 816/2/5 815/4/5 661/3/5
f 663/3/2 659/1/2 813/2/2 817/4/2
f 664/1/5 818/2/5 816/4/5 662/3/5
f 665/3/2 663/1/2 817/2/2 819/4/2
f 666/1/5 820/2/5 818/4/5 664/3/5
f 667/3/2 665/1/2 819/2/2 821/4/2
f 668/1/5 822/2/5 820/4/5 666/3/5
f 669/3/2 667/1/2 821/2/2 823/4/2
f 670/1/5 824/2/5 822/4/5 668/3/5
f 671/3/2 669/1/2 823/2/2 825/4/2
f 672/1/5 826/2/5 824/4/5 670/3/5
f 673/3/2 671/1/2 825/2/2 827/4/2
f 674/1/5 828/2/5 826/4/5 672/3/5
f 675/3/2 673/1/2 827/2/2 829/4/2
f 676/1/5 830/2/5 828/4/5 674/3/5
f 677/3/2 675/1/2 829/2/2 831/4/2
f 678/1/5 832/2/5 830/4/5 676/3/5
f 679/3/2 677/1/2 831/2/2 833/4/2
f 680/1/5 834/2/5 832/4/5 678/3/5
f 681/3/2 679/1/2 833/2/2 835/4/2
f 682/1/5 836/2/5 834/4/5 680/3/5
f 683/3/2 681/1/2 835/2/2 837/4/2
f 684/1/5 838/2/5 836/4/5 682/3/5
f 685/3/2 683/1/2 837/2/2 839/4/2
f 686/1/5 840/2/5 838/4/5 684/3/5
f 687/3/2 685/1/2 839/2/2 841/4/2
f 688/1/5 842/2/5 840/4/5 686/3/5
f 689/3/2 687/1/2 841/2/2 843/4/2
f 690/1/5 844/2/5 842/4/5 688/3/5
f 707/2/3 709/4/3 863/3/3 861/1/3
f 710/1/5 864/2/5 863/4/5 709/3/5
f 711/3/2 691/1/2 845/2/2 865/4/2
f 712/1/5 866/2/5 849/4/5 695/3/5
f 713/3/2 703/1/2 857/2/2 867/4/2
f 714/1/5 868/2/5 859/4/5 705/3/5
f 715/3/2 708/1/2 862/2/2 869/4/2
f 716/1/5 870/2/5 864/4/5 710/3/5
f 717/3/2 711/1/2 865/2/2 871/4/2
f 718/1/5 872/2/5 866/4/5 712/3/5
f 719/3/2 713/1/2 867/2/2 873/4/2
f 720/1/5 874/2/5 868/4/5 714/3/5
f 721/3/2 715/1/2 869/2/2 875/4/2
f 722/1/5 876/2/5 870/4/5 716/3/5
f 723/3/2 717/1/2 871/2/2 877/4/2
f 724/1/5 878/2/5 872/4/5 718/3/5
f 725/3/2 719/1/2 873/2/2 879/4/2
f 726/1/5 880/2/5 874/4/5 720/3/5
f 727/3/2 721/1/2 875/2/2 881/4/2
f 728/1/5 882/2/5 876/4/5 722/3/5
f 729/3/2 723/1/2 877/2/2 883/4/2
f 730/1/5 884/2/5 878/4/5 724/3/5
f 731/3/2 725/1/2 879/2/2 885/4/2
f 732/1/5 886/2/5 880/4/5 726/3/5
f 733/3/2 727/1/2 881/2/2 887/4/2
f 734/1/5 888/2/5 882/4/5 728/3/5
f 735/3/2 729/1/2 883/2/2 889/4/2
f 736/1/5 890/2/5 884/4/5 730/3/5
f 737/3/2 731/1/2 885/2/2 891/4/2
f 738/1/5 892/2/5 886/4/5 732/3/5
f 739/3/2 733/1/2 887/2/2 893/4/2
f 740/1/5 894/2/5 888/4/5 734/3/5
f 741/3/2 735/1/2 889/2/2 895/4/2
f 742/1/5 896/2/5 890/4/5 736/3/5
f 743/3/2 737/1/2 891/2/2 897/4/2
f 744/1/5 898/2/5 892/4/5 738/3/5
f 745/3/2 739/1/2 893/2/2 899/4/2
f 746/1/5 900/2/5 894/4/5 740/3/5
f 747/3/2 741/1/2 895/2/2 901/4/2
f 748/1/5 902/2/5 896/4/5 742/3/5
f 749/3/2 743/1/2 897/2/2 903/4/2
f 750/1/5 904/2/5 898/4/5 744/3/5
f 751/3/2 745/1/2 899/2/2 905/4/2
f 752/1/5 906/2/5 900/4/5 746/3/5
f 753/3/2 747/1/2 901/2/2 907/4/2
f 754/1/5 908/2/5 902/4/5 748/3/5
f 755/3/2 749/1/2 903/2/2 909/4/2
f 756/1/5 910/2/5 904/4/5 750/3/5
f 757/3/2 751/1/2 905/2/2 911/4/2
f 758/1/5 912/2/5 906/4/5 752/3/5
f 759/3/2 753/1/2 907/2/2 913/4/2
f 760/1/5 914/2/5 908/4/5 754/3/5
f 761/3/2 755/1/2 909/2/2 915/4/2
f 762/1/5 916/2/5 910/4/5 756/3/5
f 763/3/2 757/1/2 911/2/2 917/4/2
f 764/1/5 918/2/5 912/4/5 758/3/5
f 765/3/2 759/1/2 913/2/2 919/4/2
f 766/1/5 920/2/5 914/4/5 760/3/5
f 767/3/2 761/1/2 915/2/2 921/4/2
f 768/1/5 922/2/5 916/4/5 762/3/5
f 769/3/2 763/1/2 917/2/2 923/4/2
f 770/1/5 924/2/5 918/4/5 764/3/5
f 771/3/2 765/1/2 919/2/2 925/4/2
f 772/1/5 926/2/5 920/4/5 766/3/5
f 773/3/2 767/1/2 921/2/2 927/4/2
f 774/1/5 928/2/5 922/4/5 768/3/5
f 775/3/2 769/1/2 923/2/2 929/4/2
f 776/1/5 930/2/5 924/4/5 770/3/5
f 777/3/2 771/1/2 925/2/2 931/4/2
f 778/1/5 932/2/5 926/4/5 772/3/5
f 779/3/2 773/1/2 927/2/2 933/4/2
f 780/1/5 934/2/5 928/4/5 774/3/5
f 781/3/2 775/1/2 929/2/2 935/4/2
f 782/1/5 936/2/5 930/4/5 776/3/5
f 783/3/2 777/1/2 931/2/2 937/4/2
f 784/1/5 938/2/5 932/4/5 778/3/5
f 785/3/2 779/1/2 933/2/2 939/4/2
f 786/1/5 940/2/5 934/4/5 780/3/5
f 787/3/2 781/1/2 935/2/2 941/4/2
f 788/1/5 942/2/5 936/4/5 782/3/5
f 789/3/2 783/1/2 937/2/2 943/4/2
f 790/1/5 944/2/5 938/4/5 784/3/5
f 791/3/2 785/1/2 939/2/2 945/4/2
f 792/1/5 946/2/5 940/4/5 786/3/5
f 793/3/2 787/1/2 941/2/2 947/4/2
f 794/1/5 948/2/5 942/4/5 788/3/5
f 810/1/5 964/2/5 948/4/5 794/3/5
f 809/1/6 963/2/6 964/4/6 810/3/6
f 811/3/2 805/1/2 959/2/2 965/4/2
f 812/1/5 966/2/5 961/4/5 807/3/5
f 811/1/6 965/2/6 966/4/6 812/3/6
f 813/3/2 814/1/2 968/2/2 967/4/2
f 814/2/3 815/4/3 969/3/3 968/1/3
f 816/1/5 970/2/5 969/4/5 815/3/5
f 817/3/2 813/1/2 967/2/2 971/4/2
f 818/1/5 972/2/5 970/4/5 816/3/5
f 819/3/2 817/1/2 971/2/2 973/4/2
f 820/1/5 974/2/5 972/4/5 818/3/5
f 821/3/2 819/1/2 973/2/2 975/4/2
f 822/1/5 976/2/5 974/4/5 820/3/5
f 823/3/2 821/1/2 975/2/2 977/4/2
f 824/1/5 978/2/5 976/4/5 822/3/5
f 825/3/2 823/1/2 977/2/2 979/4/2
f 826/1/5 980/2/5 978/4/5 824/3/5
f 827/3/2 825/1/2 979/2/2 981/4/2
f 828/1/5 982/2/5 980/4/5 826/3/5
f 829/3/2 827/1/2 981/2/2 983/4/2
f 830/1/5 984/2/5 982/4/5 828/3/5
f 831/3/2 829/1/2 983/2/2 985/4/2
f 832/1/5 986/2/5 984/4/5 830/3/5
f 833/3/2 831/1/2 985/2/2 987/4/2
f 834/1/5 988/2/5 986/4/5 832/3/5
f 835/3/2 833/1/2 987/2/2 989/4/2
f 836/1/5 990/2/5 988/4/5 834/3/5
f 837/3/2 835/1/2 989/2/2 991/4/2
f 838/1/5 992/2/5 990/4/5 836/3/5
f 839/3/2 837/1/2 991/2/2 993/4/2
f 840/1/5 994/2/5 992/4/5 838/3/5
f 841/3/2 839/1/2 993/2/2 995/4/2
f 842/1/5 996/2/5 994/4/5 840/3/5
f 843/3/2 841/1/2 995/2/2 997/4/2
f 844/1/5 998/2/5 996/4/5 842/3/5
f 861/2/3 863/4/3 1017/3/3 1015/1/3
f 864/1/5 1018/2/5 1017/4/5 863/3/5
f 865/3/2 845/1/2 999/2/2 1019/4/2
f 866/1/5 1020/2/5 1003/4/5 849/3/5
f 867/3/2 857/1/2 1011/2/2 1021/4/2
f 868/1/5 1022/2/5 1013/4/5 859/3/5
f 869/3/2 862/1/2 1016/2/2 1023/4/2
f 870/1/5 1024/2/5 1018/4/5 864/3/5
f 871/3/2 865/1/2 1019/2/2 1025/4/2
f 872/1/5 1026/2/5 1020/4/5 866/3/5
f 873/3/2 867/1/2 1021/2/2 1027/4/2
f 874/1/5 1028/2/5 1022/4/5 868/3/5
f 875/3/2 869/1/2 1023/2/2 1029/4/2
f 876/1/5 1030/2/5 1024/4/5 870/3/5
f 877/3/2 871/1/2 1025/2/2 1031/4/2
f 878/1/5 1032/2/5 1026/4/5 872/3/5
f 879/3/2 873/1/2 1027/2/2 1033/4/2
f 880/1/5 1034/2/5 1028/4/5 874/3/5
f 881/3/2 875/1/2 1029/2/2 1035/4/2
f 882/1/5 1036/2/5 1030/4/5 876/3/5
f 883/3/2 877/1/2 1031/2/2 1037/4/2
f 884/1/5 1038/2/5 1032/4/5 878/3/5
f 885/3/2 879/1/2 1033/2/2 1039/4/2
f 886/1/5 1040/2/5 1034/4/5 880/3/5
f 887/3/2 881/1/2 1035/2/2 1041/4/2
f 888/1/5 1042/2/5 1036/4/5 882/3/5
f 889/3/2 883/1/2 1037/2/2 1043/4/2
f 890/1/5 1044/2/5 1038/4/5 884/3/5
f 891/3/2 885/1/2 1039/2/2 1045/4/2
f 892/1/5 1046/2/5 1040/4/5 886/3/5
f 893/3/2 887/1/2 1041/2/2 1047/4/2
f 894/1/5 1048/2/5 1042/4/5 888/3/5
f 895/3/2 889/1/2 1043/2/2 1049/4/2
f 896/1/5 1050/2/5 1044/4/5 890/3/5
f 897/3/2 891/1/2 1045/2/2 1051/4/2
f 898/1/5 1052/2/5 1046/4/5 892/3/5
f 899/3/2 893/1/2 1047/2/2 1053/4/2
f 900/1/5 1054/2/5 1048/4/5 894/3/5
f 901/3/2 895/1/2 1049/2/2 1055/4/2
f 902/1/5 1056/2/5 1050/4/5 896/3/5
f 903/3/2 897/1/2 1051/2/2 1057/4/2
f 904/1/5 1058/2/5 1052/4/5 898/3/5
f 905/3/2 899/1/2 1053/2/2 1059/4/2
f 906/1/5 1060/2/5 1054/4/5 900/3/5
f 907/3/2 901/1/2 1055/2/2 1061/4/2
f 908/1/5 1062/2/5 1056/4/5 902/3/5
f 909/3/2 903/1/2 1057/2/2 1063/4/2
f 910/1/5 1064/2/5 1058/4/5 904/3/5
f 911/3/2 905/1/2 1059/2/2 1065/4/2
f 912/1/5 1066/2/5 1060/4/5 906/3/5
f 913/3/2 907/1/2 1061/2/2 1067/4/2
f 914/1/5 1068/2/5 1062/4/5 908/3/5
f 915/3/2 909/1/2 1063/2/2 1069/4/2
f 916/1/5 1070/2/5 1064/4/5 910/3/5
f 917/3/2 911/1/2 1065/2/2 1071/4/2
f 918/1/5 1072/2/5 1066/4/5 912/3/5
f 919/3/2 913/1/2 1067/2/2 1073/4/2
f 920/1/5 1074/2/5 1068/4/5 914/3/5
f 921/3/2 915/1/2 1069/2/2 1075/4/2
f 922/1/5 1076/2/5 1070/4/5 916/3/5
f 923/3/2 917/1/2 1071/2/2 1077/4/2
f 924/1/5 1078/2/5 1072/4/5 918/3/5
f 925/3/2 919/1/2 1073/2/2 1079/4/2
f 926/1/5 1080/2/5 1074/4/5 920/3/5
f 927/3/2 921/1/2 1075/2/2 1081/4/2
f 928/1/5 1082/2/5 1076/4/5 922/3/5
f 929/3/2 923/1/2 1077/2/2 1083/4/2
f 930/1/5 1084/2/5 1078/4/5 924/3/5
f 931/3/2 925/1/2 1079/2/2 1085/4/2
f 932/1/5 1086/2/5 1080/4/5 926/3/5
f 933/3/2 927/1/2 1081/2/2 1087/4/2
f 934/1/5 1088/2/5 1082/4/5 928/3/5
f 935/3/2 929/1/2 1083/2/2 1089/4/2
f 936/1/5 1090/2/5 1084/4/5 930/3/5
f 937/3/2 931/1/2 1085/2/2 1091/4/2
f 938/1/5 1092/2/5 1086/4/5 932/3/5
f 939/3/2 933/1/2 1087/2/2 1093/4/2
f 940/1/5 1094/2/5 1088/4/5 934/3/5
f 941/3/2 935/1/2 1089/2/2 1095/4/2
f 942/1/5 1096/2/5 1090/4/5 936/3/5
f 943/3/2 937/1/2 1091/2/2 1097/4/2
f 944/1/5 1098/2/5 1092/4/5 938/3/5
f 945/3/2 939/1/2 1093/2/2 1099/4/2
f 946/1/5 1100/2/5 1094/4/5 940/3/5
f 947/3/2 941/1/2 1095/2/2 1101/4/2
f 948/1/5 1102/2/5 1096/4/5 942/3/5
f 964/1/5 1118/2/5 1102/4/5 948/3/5
f 963/1/6 1117/2/6 1118/4/6 964/3/6
f 965/3/2 959/1/2 1113/2/2 1119/4/2
f 966/1/5 1120/2/5 1115/4/5 961/3/5
f 965/1/6 1119/2/6 1120/4/6 966/3/6
f 967/3/2 968/1/2 1122/2/2 1121/4/2
f 968/2/3 969/4/3 1123/3/3 1122/1/3
f 970/1/5 1124/2/5 1123/4/5 969/3/5
f 971/3/2 967/1/2 1121/2/2 1125/4/2
f 972/1/5 1126/2/5 1124/4/5 970/3/5
f 973/3/2 971/1/2 1125/2/2 1127/4/2
f 974/1/5 1128/2/5 1126/4/5 972/3/5
f 975/3/2 973/1/2 1127/2/2 1129/4/2
f 976/1/5 1130/2/5 1128/4/5 974/3/5
f 977/3/2 975/1/2 1129/2/2 1131/4/2
f 978/1/5 1132/2/5 1130/4/5 976/3/5
f 979/3/2 977/1/2 1131/2/2 1133/4/2
f 980/1/5 1134/2/5 1132/4/5 978/3/5
f 981/3/2 979/1/2 1133/2/2 1135/4/2
f 982/1/5 1136/2/5 1134/4/5 980/3/5
f 983/3/2 981/1/2 1135/2/2 1137/4/2
f 984/1/5 1138/2/5 1136/4/5 982/3/5
f 985/3/2 983/1/2 1137/2/2 1139/4/2
f 986/1/5 1140/2/5 1138/4/5 984/3/5
f 987/3/2 985/1/2 1139/2/2 1141/4/2
f 988/1/5 1142/2/5 1140/4/5 986/3/5
f 989/3/2 987/1/2 1141/2/2 1143/4/2
f 990/1/5 1144/2/5 1142/4/5 988/3/5
f 991/3/2 989/1/2 1143/2/2 1145/4/2
f 992/1/5 1146/2/5 1144/4/5 990/3/5
f 993/3/2 991/1/2 1145/2/2 1147/4/2
f 994/1/5 1148/2/5 1146/4/5 992/3/5
f 995/3/2 993/1/2 1147/2/2 1149/4/2
f 996/1/5 1150/2/5 1148/4/5 994/3/5
f 997/3/2 995/1/2 1149/2/2 1151/4/2
f 998/1/5 1152/2/5 1150/4/5 996/3/5
f 1015/2/3 1017/4/3 1171/3/3 1169/1/3
f 1018/1/5 1172/2/5 1171/4/5 1017/3/5
f 1019/3/2 999/1/2 1153/2/2 1173/4/2
f 1020/1/5 1174/2/5 1157/4/5 1003/3/5
f 1021/3/2 1011/1/2 1165/2/2 1175/4/2
f 1022/1/5 1176/2/5 1167/4/5 1013/3/5
f 1023/3/2 1016/1/2 1170/2/2 1177/4/2
f 1024/1/5 1178/2/5 1172/4/5 1018/3/5
f 1025/3/2 1019/1/2 1173/2/2 1179/4/2
f 1026/1/5 1180/2/5 1174/4/5 1020/3/5
f 1027/3/2 1021/1/2 1175/2/2 1181/4/2
f 1028/1/5 1182/2/5 1176/4/5 1022/3/5
f 1029/3/2 1023/1/2 1177/2/2 1183/4/2
f 1030/1/5 1184/2/5 1178/4/5 1024/3/5
f 1031/3/2 1025/1/2 1179/2/2 1185/4/2
f 1032/1/5 1186/2/5 1180/4/5 1026/3/5
f 1033/3/2 1027/1/2 1181/2/2 1187/4/2
f 1034/1/5 1188/2/5 1182/4/5 1028/3/5
f 1035/3/2 1029/1/2 1183/2/2 1189/4/2
f 1036/1/5 1190/2/5 1184/4/5 1030/3/5
f 1037/3/2 1031/1/2 1185/2/2 1191/4/2
f 1038/1/5 1192/2/5 1186/4/5 1032/3/5
f 1039/3/2 1033/1/2 1187/2/2 1193/4/2
f 1040/1/5 1194/2/5 1188/4/5 1034/3/5
f 1041/3/2 1035/1/2 1189/2/2 1195/4/2
f 1042/1/5 1196/2/5 1190/4/5 1036/3/5
f 1043/3/2 1037/1/2 1191/2/2 1197/4/2
f 1044/1/5 1198/2/5 1192/4/5 1038/3/5
f 1045/3/2 1039/1/2 1193/2/2 1199/4/2
f 1046/1/5 1200/2/5 1194/4/5 1040/3/5
f 1047/3/2 1041/1/2 1195/2/2 1201/4/2
f 1048/1/5 1202/2/5 1196/4/5 1042/3/5
f 1049/3/2 1043/1/2 1197/2/2 1203/4/2
f 1050/1/5 1204/2/5 1198/4/5 1044/3/5
f 1051/3/2 1045/1/2 1199/2/2 1205/4/2
f 1052/1/5 1206/2/5 1200/4/5 1046/3/5
f 1053/3/2 1047/1/2 1201/2/2 1207/4/2
f 1054/1/5 1208/2/5 1202/4/5 1048/3/5
f 1055/3/2 1049/1/2 1203/2/2 1209/4/2
f 1056/1/5 1210/2/5 1204/4/5 1050/3/5
f 1057/3/2 1051/1/2 1205/2/2 1211/4/2
f 1058/1/5 1212/2/5 1206/4/5 1052/3/5
f 1059/3/2 1053/1/2 1207/2/2 1213/4/2
f 1060/1/5 1214/2/5 1208/4/5 1054/3/5
f 1061/3/2 1055/1/2 1209/2/2 1215/4/2
f 1062/1/5 1216/2/5 1210/4/5 1056/3/5
f 1063/3/2 1057/1/2 1211/2/2 1217/4/2
f 1064/1/5 1218/2/5 1212/4/5 1058/3/5
f 1065/3/2 1059/1/2 1213/2/2 1219/4/2
f 1066/1/5 1220/2/5 1214/4/5 1060/3/5
f 1067/3/2 1061/1/2 1215/2/2 1221/4/2
f 1068/1/5 1222/2/5 1216/4/5 1062/3/5
f 1069/3/2 1063/1/2 1217/2/2 1223/4/2
f 1070/1/5 1224/2/5 1218/4/5 1064/3/5
f 1071/3/2 1065/1/2 1219/2/2 1225/4/2
f 1072/1/5 1226/2/5 1220/4/5 1066/3/5
f 1073/3/2 1067/1/2 1221/2/2 1227/4/2
f 1074/1/5 1228/2/5 1222/4/5 1068/3/5
f 1075/3/2 1069/1/2 1223/2/2 1229/4/2
f 1076/1/5 1230/2/5 1224/4/5 1070/3/5
f 1077/3/2 1071/1/2 1225/2/2 1231/4/2
f 1078/1/5 1232/2/5 1226/4/5 1072/3/5
f 1079/3/2 1073/1/2 1227/2/2 1233/4/2
f 1080/1/5 1234/2/5 1228/4/5 1074/3/5
f 1081/3/2 1075/1/2 1229/2/2 1235/4/2
f 1082/1/5 1236/2/5 1230/4/5 1076/3/5
f 1083/3/2 1077/1/2 1231/2/2 1237/4/2
f 1084/1/5 1238/2/5 1232/4/5 1078/3/5
f 1085/3/2 1079/1/2 1233/2/2 1239/4/2
f 1086/1/5 1240/2/5 1234/4/5 1080/3/5
f 1087/3/2 1081/1/2 1235/2/2 1241/4/2
f 1088/1/5 1242/2/5 1236/4/5 1082/3/5
f 1089/3/2 1083/1/2 1237/2/2 1243/4/2
f 1090/1/5 1244/2/5 1238/4/5 1084/3/5
f 1091/3/2 1085/1/2 1239/2/2 1245/4/2
f 1092/1/5 1246/2/5 1240/4/5 1086/3/5
f 1093/3/2 1087/1/2 1241/2/2 1247/4/2
f 1094/1/5 1248/2/5 1242/4/5 1088/3/5
f 1095/3/2 1089/1/2 1243/2/2 1249/4/2
f 1096/1/5 1250/2/5 1244/4/5 1090/3/5
f 1097/3/2 1091/1/2 1245/2/2 1251/4/2
f 1098/1/5 1252/2/5 1246/4/5 1092/3/5
f 1099/3/2 1093/1/2 1247/2/2 1253/4/2
f 1100/1/5 1254/2/5 1248/4/5 1094/3/5
f 1101/3/2 1095/1/2 1249/2/2 1255/4/2
f 1102/1/5 1256/2/5 1250/4/5 1096/3/5
f 1118/1/5 1272/2/5 1256/4/5 1102/3/5
f 1117/1/6 1271/2/6 1272/4/6 1118/3/6
f 1119/3/2 1113/1/2 1267/2/2 1273/4/2
f 1120/1/5 1274/2/5 1269/4/5 1115/3/5
f 1119/1/6 1273/2/6 1274/4/6 1120/3/6
f 1121/3/2 1122/1/2 1276/2/2 1275/4/2
f 1122/2/3 1123/4/3 1277/3/3 1276/1/3
f 1124/1/5 1278/2/5 1277/4/5 1123/3/5
f 1125/3/2 1121/1/2 1275/2/2 1279/4/2
f 1126/1/5 1280/2/5 1278/4/5 1124/3/5
f 1127/3/2 1125/1/2 1279/2/2 1281/4/2
f 1128/1/5 1282/2/5 1280/4/5 1126/3/5
f 1129/3/2 1127/1/2 1281/2/2 1283/4/2
f 1130/1/5 1284/2/5 1282/4/5 1128/3/5
f 1131/3/2 1129/1/2 1283/2/2 1285/4/2
f 1132/1/5 1286/2/5 1284/4/5 1130/3/5
f 1133/3/2 1131/1/2 1285/2/2 1287/4/2
f 1134/1/5 1288/2/5 1286/4/5 1132/3/5
f 1135/3/2 1133/1/2 1287/2/2 1289/4/2
f 1136/1/5 1290/2/5 1288/4/5 1134/3/5
f 1137/3/2 1135/1/2 1289/2/2 1291/4/2
f 1138/1/5 1292/2/5 1290/4/5 1136/3/5
f 1139/3/2 1137/1/2 1291/2/2 1293/4/2
f 1140/1/5 1294/2/5 1292/4/5 1138/3/5
f 1141/3/2 1139/1/2 1293/2/2 1295/4/2
f 1142/1/5 1296/2/5 1294/4/5 1140/3/5
f 1143/3/2 1141/1/2 1295/2/2 1297/4/2
f 1144/1/5 1298/2/5 1296/4/5 1142/3/5
f 1145/3/2 1143/1/2 1297/2/2 1299/4/2
f 1146/1/5 1300/2/5 1298/4/5 1144/3/5
f 1147/3/2 1145/1/2 1299/2/2 1301/4/2
f 1148/1/5 1302/2/5 1300/4/5 1146/3/5
f 1149/3/2 1147/1/2 1301/2/2 1303/4/2
f 1150/1/5 1304/2/5 1302/4/5 1148/3/5
f 1151/3/2 1149/1/2 1303/2/2 1305/4/2
f 1152/1/5 1306/2/5 1304/4/5 1150/3/5
f 1169/2/3 1171/4/3 1325/3/3 1323/1/3
f 1172/1/5 1326/2/5 1325/4/5 1171/3/5
f 1173/3/2 1153/1/2 1307/2/2 1327/4/2
f 1174/1/5 1328/2/5 1311/4/5 1157/3/5
f 1175/3/2 1165/1/2 1319/2/2 1329/4/2
f 1176/1/5 1330/2/5 1321/4/5 1167/3/5
f 1177/3/2 1170/1/2 1324/2/2 1331/4/2
f 1178/1/5 1332/2/5 1326/4/5 1172/3/5
f 1179/3/2 1173/1/2 1327/2/2 1333/4/2
f 1180/1/5 1334/2/5 1328/4/5 1174/3/5
f 1181/3/2 1175/1/2 1329/2/2 1335/4/2
f 1182/1/5 1336/2/5 1330/4/5 1176/3/5
f 1183/3/2 1177/1/2 1331/2/2 1337/4/2
f 1184/1/5 1338/2/5 1332/4/5 1178/3/5
f 1185/3/2 1179/1/2 1333/2/2 1339/4/2
f 1186/1/5 1340/2/5 1334/4/5 1180/3/5
f 1187/3/2 1181/1/2 1335/2/2 1341/4/2
f 1188/1/5 1342/2/5 1336/4/5 1182/3/5
f 1189/3/2 1183/1/2 1337/2/2 1343/4/2
f 1190/1/5 1344/2/5 1338/4/5 1184/3/5
f 1191/3/2 1185/1/2 1339/2/2 1345/4/2
f 1192/1/5 1346/2/5 1340/4/5 1186/3/5
f 1193/3/2 1187/1/2 1341/2/2 1347/4/2
f 1194/1/5 1348/2/5 1342/4/5 1188/3/5
f 1195/3/2 1189/1/2 1343/2/2 1349/4/2
f 1196/1/5 1350/2/5 1344/4/5 1190/3/5
f 1197/3/2 1191/1/2 1345/2/2 1351/4/2
f 1198/1/5 1352/2/5 1346/4/5 1192/3/5
f 1199/3/2 1193/1/2 1347/2/2 1353/4/2
f 1200/1/5 1354/2/5 1348/4/5 1194/3/5
f 1201/3/2 1195/1/2 1349/2/2 1355/4/2
f 1202/1/5 1356/2/5 1350/4/5 1196/3/5
f 1203/3/2 1197/1/2 1351/2/2 1357/4/2
f 1204/1/5 1358/2/5 1352/4/5 1198/3/5
f 1205/3/2 1199/1/2 1353/2/2 1359/4/2
f 1206/1/5 1360/2/5 1354/4/5 1200/3/5
f 1207/3/2 1201/1/2 1355/2/2 1361/4/2
f 1208/1/5 1362/2/5 1356/4/5 1202/3/5
f 1209/3/2 1203/1/2 1357/2/2 1363/4/2
f 1210/1/5 1364/2/5 1358/4/5 1204/3/5
f 1211/3/2 1205/1/2 1359/2/2 1365/4/2
f 1212/1/5 1366/2/5 1360/4/5 1206/3/5
f 1213/3/2 1207/1/2 1361/2/2 1367/4/2
f 1214/1/5 1368/2/5 1362/4/5 1208/3/5
f 1215/3/2 1209/1/2 1363/2/2 1369/4/2
f 1216/1/5 1370/2/5 1364/4/5 1210/3/5
f 1217/3/2 1211/1/2 1365/2/2 1371/4/2
f 1218/1/5 1372/2/5 1366/4/5 1212/3/5
f 1219/3/2 1213/1/2 1367/2/2 1373/4/2
f 1220/1/5 1374/2/5 1368/4/5 1214/3/5
f 1221/3/2 1215/1/2 1369/2/2 1375/4/2
f 1222/1/5 1376/2/5 1370/4/5 1216/3/5
f 1223/3/2 1217/1/2 1371/2/2 1377/4/2
f 1224/1/5 1378/2/5 1372/4/5 1218/3/5
f 1225/3/2 1219/1/2 1373/2/2 1379/4/2
f 1226/1/5 1380/2/5 1374/4/5 1220/3/5
f 1227/3/2 1221/1/2 1375/2/2 1381/4/2
f 1228/1/5 1382/2/5 1376/4/5 1222/3/5
f 1229/3/2 1223/1/2 1377/2/2 1383/4/2
f 1230/1/5 1384/2/5 1378/4/5 1224/3/5
f 1231/3/2 1225/1/2 1379/2/2 1385/4/2
f 1232/1/5 1386/2/5 1380/4/5 1226/3/5
f 1233/3/2 1227/1/2 1381/2/2 1387/4/2
f 1234/1/5 1388/2/5 1382/4/5 1228/3/5
f 1235/3/2 1229/1/2 1383/2/2 1389/4/2
f 1236/1/5 1390/2/5 1384/4/5 1230/3/5
f 1237/3/2 1231/1/2 1385/2/2 1391/4/2
f 1238/1/5 1392/2/5 1386/4/5 1232/3/5
f 1239/3/2 1233/1/2 1387/2/2 1393/4/2
f 1240/1/5 1394/2/5 1388/4/5 1234/3/5
f 1241/3/2 1235/1/2 1389/2/2 1395/4/2
f 1242/1/5 1396/2/5 1390/4/5 1236/3/5
f 1243/3/2 1237/1/2 1391/2/2 1397/4/2
f 1244/1/5 1398/2/5 1392/4/5 1238/3/5
f 1245/3/2 1239/1/2 1393/2/2 1399/4/2
f 1246/1/5 1400/2/5 1394/4/5 1240/3/5
f 1247/3/2 1241/1/2 1395/2/2 1401/4/2
f 1248/1/5 1402/2/5 1396/4/5 1242/3/5
f 1249/3/2 1243/1/2 1397/2/2 1403/4/2
f 1250/1/5 1404/2/5 1398/4/5 1244/3/5
f 1251/3/2 1245/1/2 1399/2/2 1405/4/2
f 1252/1/5 1406/2/5 1400/4/5 1246/3/5
f 1253/3/2 1247/1/2 1401/2/2 1407/4/2
f 1254/1/5 1408/2/5 1402/4/5 1248/3/5
f 1255/3/2 1249/1/2 1403/2/2 1409/4/2
f 1256/1/5 1410/2/5 1404/4/5 1250/3/5
f 1272/1/5 1426/2/5 1410/4/5 1256/3/5
f 1271/1/6 1425/2/6 1426/4/6 1272/3/6
f 1273/3/2 1267/1/2 1421/2/2 1427/4/2
f 1274/1/5 1428/2/5 1423/4/5 1269/3/5
f 1273/1/6 1427/2/6 1428/4/6 1274/3/6
f 1275/3/2 1276/1/2 1430/2/2 1429/4/2
f 1276/2/3 1277/4/3 1431/3/3 1430/1/3
f 1278/1/5 1432/2/5 1431/4/5 1277/3/5
f 1279/3/2 1275/1/2 1429/2/2 1433/4/2
f 1280/1/5 1434/2/5 1432/4/5 1278/3/5
f 1281/3/2 1279/1/2 1433/2/2 1435/4/2
f 1282/1/5 1436/2/5 1434/4/5 1280/3/5
f 1283/3/2 1281/1/2 1435/2/2 1437/4/2
f 1284/1/5 1438/2/5 1436/4/5 1282/3/5
f 1285/3/2 1283/1/2 1437/2/2 1439/4/2
f 1286/1/5 1440/2/5 1438/4/5 1284/3/5
f 1287/3/2 1285/1/2 1439/2/2 1441/4/2
f 1288/1/5 1442/2/5 1440/4/5 1286/3/5
f 1289/3/2 1287/1/2 1441/2/2 1443/4/2
f 1290/1/5 1444/2/5 1442/4/5 1288/3/5
f 1291/3/2 1289/1/2 1443/2/2 1445/4/2
f 1292/1/5 1446/2/5 1444/4/5 1290/3/5
f 1293/3/2 1291/1/2 1445/2/2 1447/4/2
f 1294/1/5 1448/2/5 1446/4/5 1292/3/5
f 1295/3/2 1293/1/2 1447/2/2 1449/4/2
f 1296/1/5 1450/2/5 1448/4/5 1294/3/5
f 1297/3/2 1295/1/2 1449/2/2 1451/4/2
f 1298/1/5 1452/2/5 1450/4/5 1296/3/5
f 1299/3/2 1297/1/2 1451/2/2 1453/4/2
f 1300/1/5 1454/2/5 1452/4/5 1298/3/5
f 1301/3/2 1299/1/2 1453/2/2 1455/4/2
f 1302/1/5 1456/2/5 1454/4/5 1300/3/5
f 1303/3/2 1301/1/2 1455/2/2 1457/4/2
f 1304/1/5 1458/2/5 1456/4/5 1302/3/5
f 1305/3/2 1303/1/2 1457/2/2 1459/4/2
f 1306/1/5 1460/2/5 1458/4/5 1304/3/5
f 1323/2/3 1325/4/3 1479/3/3 1477/1/3
f 1326/1/5 1480/2/5 1479/4/5 1325/3/5
f 1327/3/2 1307/1/2 1461/2/2 1481/4/2
f 1328/1/5 1482/2/5 1465/4/5 1311/3/5
f 1329/3/2 1319/1/2 1473/2/2 1483/4/2
f 1330/1/5 1484/2/5 1475/4/5 1321/3/5
f 1331/3/2 1324/1/2 1478/2/2 1485/4/2
f 1332/1/5 1486/2/5 1480/4/5 1326/3/5
f 1333/3/2 1327/1/2 1481/2/2 1487/4/2
f 1334/1/5 1488/2/5 1482/4/5 1328/3/5
f 1335/3/2 1329/1/2 1483/2/2 1489/4/2
f 1336/1/5 1490/2/5 1484/4/5 1330/3/5
f 1337/3/2 1331/1/2 1485/2/2 1491/4/2
f 1338/1/5 1492/2/5 1486/4/5 1332/3/5
f 1339/3/2 1333/1/2 1487/2/2 1493/4/2
f 1340/1/5 1494/2/5 1488/4/5 1334/3/5
f 1341/3/2 1335/1/2 1489/2/2 1495/4/2
f 1342/1/5 1496/2/5 1490/4/5 1336/3/5
f 1343/3/2 1337/1/2 1491/2/2 1497/4/2
f 1344/1/5 1498/2/5 1492/4/5 1338/3/5
f 1345/3/2 1339/1/2 1493/2/2 1499/4/2
f 1346/1/5 1500/2/5 1494/4/5 1340/3/5
f 1347/3/2 1341/1/2 1495/2/2 1501/4/2
f 1348/1/5 1502/2/5 1496/4/5 1342/3/5
f 1349/3/2 1343/1/2 1497/2/2 1503/4/2
f 1350/1/5 1504/2/5 1498/4/5 1344/3/5
f 1351/3/2 1345/1/2 1499/2/2 1505/4/2
f 1352/1/5 1506/2/5 1500/4/5 1346/3/5
f 1353/3/2 1347/1/2 1501/2/2 1507/4/2
f 1354/1/5 1508/2/5 1502/4/5 1348/3/5
f 1355/3/2 1349/1/2 1503/2/2 1509/4/2
f 1356/1/5 1510/2/5 1504/4/5 1350/3/5
f 1357/3/2 1351/1/2 1505/2/2 1511/4/2
f 1358/1/5 1512/2/5 1506/4/5 1352/3/5
f 1359/3/2 1353/1/2 1507/2/2 1513/4/2
f 1360/1/5 1514/2/5 1508/4/5 1354/3/5
f 1361/3/2 1355/1/2 1509/2/2 1515/4/2
f 1362/1/5 1516/2/5 1510/4/5 1356/3/5
f 1363/3/2 1357/1/2 1511/2/2 1517/4/2
f 1364/1/5 1518/2/5 1512/4/5 1358/3/5
f 1365/3/2 1359/1/2 1513/2/2 1519/4/2
f 1366/1/5 1520/2/5 1514/4/5 1360/3/5
f 1367/3/2 1361/1/2 1515/2/2 1521/4/2
f 1368/1/5 1522/2/5 1516/4/5 1362/3/5
f 1369/3/2 1363/1/2 1517/2/2 1523/4/2
f 1370/1/5 1524/2/5 1518/4/5 1364/3/5
f 1371/3/2 1365/1/2 1519/2/2 1525/4/2
f 1372/1/5 1526/2/5 1520/4/5 1366/3/5
f 1373/3/2 1367/1/2 1521/2/2 1527/4/2
f 1374/1/5 1528/2/5 1522/4/5 1368/3/5
f 1375/3/2 1369/1/2 1523/2/2 1529/4/2
f 1376/1/5 1530/2/5 1524/4/5 1370/3/5
f 1377/3/2 1371/1/2 1525/2/2 1531/4/2
f 1378/1/5 1532/2/5 1526/4/5 1372/3/5
f 1379/3/2 1373/1/2 1527/2/2 1533/4/2
f 1380/1/5 1534/2/5 1528/4/5 1374/3/5
f 1381/3/2 1375/1/2 1529/2/2 1535/4/2
f 1382/1/5 1536/2/5 1530/4/5 1376/3/5
f 1383/3/2 1377/1/2 1531/2/2 1537/4/2
f 1384/1/5 1538/2/5 1532/4/5 1378/3/5
f 1385/3/2 1379/1/2 1533/2/2 1539/4/2
f 1386/1/5 1540/2/5 1534/4/5 1380/3/5
f 1387/3/2 1381/1/2 1535/2/2 1541/4/2
f 1388/1/5 1542/2/5 1536/4/5 1382/3/5
f 1389/3/2 1383/1/2 1537/2/2 1543/4/2
f 1390/1/5 1544/2/5 1538/4/5 1384/3/5
f 1391/3/2 1385/1/2 1539/2/2 1545/4/2
f 1392/1/5 1546/2/5 1540/4/5 1386/3/5
f 1393/3/2 1387/1/2 1541/2/2 1547/4/2
f 1394/1/5 1548/2/5 1542/4/5 1388/3/5
f 1395/3/2 1389/1/2 1543/2/2 1549/4/2
f 1396/1/5 1550/2/5 1544/4/5 1390/3/5
f 1397/3/2 1391/1/2 1545/2/2 1551/4/2
f 1398/1/5 1552/2/5 1546/4/5 1392/3/5
f 1399/3/2 1393/1/2 1547/2/2 1553/4/2
f 1400/1/5 1554/2/5 1548/4/5 1394/3/5
f 1401/3/2 1395/1/2 1549/2/2 1555/4/2
f 1402/1/5 1556/2/5 1550/4/5 1396/3/5
f 1403/3/2 1397/1/2 1551/2/2 1557/4/2
f 1404/1/5 1558/2/5 1552/4/5 1398/3/5
f 1405/3/2 1399/1/2 1553/2/2 1559/4/2
f 1406/1/5 1560/2/5 1554/4/5 1400/3/5
f 1407/3/2 1401/1/2 1555/2/2 1561/4/2
f 1408/1/5 1562/2/5 1556/4/5 1402/3/5
f 1409/3/2 1403/1/2 1557/2/2 1563/4/2
f 1410/1/5 1564/2/5 1558/4/5 1404/3/5
f 1426/1/5 1580/2/5 1564/4/5 1410/3/5
f 1425/1/6 1579/2/6 1580/4/6 1426/3/6
f 1427/3/2 1421/1/2 1575/2/2 1581/4/2
f 1428/1/5 1582/2/5 1577/4/5 1423/3/5
f 1427/1/6 1581/2/6 1582/4/6 1428/3/6
f 1429/3/2 1430/1/2 1584/2/2 1583/4/2
f 1430/2/3 1431/4/3 1585/3/3 1584/1/3
f 1432/1/5 1586/2/5 1585/4/5 1431/3/5
f 1433/3/2 1429/1/2 1583/2/2 1587/4/2
f 1434/1/5 1588/2/5 1586/4/5 1432/3/5
f 1435/3/2 1433/1/2 1587/2/2 1589/4/2
f 1436/1/5 1590/2/5 1588/4/5 1434/3/5
f 1437/3/2 1435/1/2 1589/2/2 1591/4/2
f 1438/1/5 1592/2/5 1590/4/5 1436/3/5
f 1439/3/2 1437/1/2 1591/2/2 1593/4/2
f 1440/1/5 1594/2/5 1592/4/5 1438/3/5
f 1441/3/2 1439/1/2 1593/2/2 1595/4/2
f 1442/1/5 1596/2/5 1594/4/5 1440/3/5
f 1443/3/2 1441/1/2 1595/2/2 1597/4/2
f 1444/1/5 1598/2/5 1596/4/5 1442/3/5
f 1445/3/2 1443/1/2 1597/2/2 1599/4/2
f 1446/1/5 1600/2/5 1598/4/5 1444/3/5
f 1447/3/2 1445/1/2 1599/2/2 1601/4/2
f 1448/1/5 1602/2/5 1600/4/5 1446/3/5
f 1449/3/2 1447/1/2 1601/2/2 1603/4/2
f 1450/1/5 1604/2/5 1602/4/5 1448/3/5
f 1451/3/2 1449/1/2 1603/2/2 1605/4/2
f 1452/1/5 1606/2/5 1604/4/5 1450/3/5
f 1453/3/2 1451/1/2 1605/2/2 1607/4/2
f 1454/1/5 1608/2/5 1606/4/5 1452/3/5
f 1455/3/2 1453/1/2 1607/2/2 1609/4/2
f 1456/1/5 1610/2/5 1608/4/5 1454/3/5
f 1457/3/2 1455/1/2 1609/2/2 1611/4/2
f 1458/1/5 1612/2/5 1610/4/5 1456/3/5
f 1459/3/2 1457/1/2 1611/2/2 1613/4/2
f 1460/1/5 1614/2/5 1612/4/5 1458/3/5
f 1477/2/3 1479/4/3 1633/3/3 1631/1/3
f 1480/1/5 1634/2/5 1633/4/5 1479/3/5
f 1481/3/2 1461/1/2 1615/2/2 1635/4/2
f 1482/1/5 1636/2/5 1619/4/5 1465/3/5
f 1483/3/2 1473/1/2 1627/2/2 1637/4/2
f 1484/1/5 1638/2/5 1629/4/5 1475/3/5
f 1485/3/2 1478/1/2 1632/2/2 1639/4/2
f 1486/1/5 1640/2/5 1634/4/5 1480/3/5
f 1487/3/2 1481/1/2 1635/2/2 1641/4/2
f 1488/1/5 1642/2/5 1636/4/5 1482/3/5
f 1489/3/2 1483/1/2 1637/2/2 1643/4/2
f 1490/1/5 1644/2/5 1638/4/5 1484/3/5
f 1491/3/2 1485/1/2 1639/2/2 1645/4/2
f 1492/1/5 1646/2/5 1640/4/5 1486/3/5
f 1493/3/2 1487/1/2 1641/2/2 1647/4/2
f 1494/1/5 1648/2/5 1642/4/5 1488/3/5
f 1495/3/2 1489/1/2 1643/2/2 1649/4/2
f 1496/1/5 1650/2/5 1644/4/5 1490/3/5
f 1497/3/2 1491/1/2 1645/2/2 1651/4/2
f 1498/1/5 1652/2/5 1646/4/5 1492/3/5
f 1499/3/2 1493/1/2 1647/2/2 1653/4/2
f 1500/1/5 1654/2/5 1648/4/5 1494/3/5
f 1501/3/2 1495/1/2 1649/2/2 1655/4/2
f 1502/1/5 1656/2/5 1650/4/5 1496/3/5
f 1503/3/2 1497/1/2 1651/2/2 1657/4/2
f 1504/1/5 1658/2/5 1652/4/5 1498/3/5
f 1505/3/2 1499/1/2 1653/2/2 1659/4/2
f 1506/1/5 1660/2/5 1654/4/5 1500/3/5
f 1507/3/2 1501/1/2 1655/2/2 1661/4/2
f 1508/1/5 1662/2/5 1656/4/5 1502/3/5
f 1509/3/2 1503/1/2 1657/2/2 1663/4/2
f 1510/1/5 1664/2/5 1658/4/5 1504/3/5
f 1511/3/2 1505/1/2 1659/2/2 1665/4/2
f 1512/1/5 1666/2/5 1660/4/5 1506/3/5
f 1513/3/2 1507/1/2 1661/2/2 1667/4/2
f 1514/1/5 1668/2/5 1662/4/5 1508/3/5
f 1515/3/2 1509/1/2 1663/2/2 1669/4/2
f 1516/1/5 1670/2/5 1664/4/5 1510/3/5
f 1517/3/2 1511/1/2 1665/2/2 1671/4/2
f 1518/1/5 1672/2/5 1666/4/5 1512/3/5
f 1519/3/2 1513/1/2 1667/2/2 1673/4/2
f 1520/1/5 1674/2/5 1668/4/5 1514/3/5
f 1521/3/2 1515/1/2 1669/2/2 1675/4/2
f 1522/1/5 1676/2/5 1670/4/5 1516/3/5
f 1523/3/2 1517/1/2 1671/2/2 1677/4/2
f 1524/1/5 1678/2/5 1672/4/5 1518/3/5
f 1525/3/2 1519/1/2 1673/2/2 1679/4/2
f 1526/1/5 1680/2/5 1674/4/5 1520/3/5
f 1527/3/2 1521/1/2 1675/2/2 1681/4/2
f 1528/1/5 1682/2/5 1676/4/5 1522/3/5
f 1529/3/2 1523/1/2 1677/2/2 1683/4/2
f 1530/1/5 1684/2/5 1678/4/5 1524/3/5
f 1531/3/2 1525/1/2 1679/2/2 1685/4/2
f 1532/1/5 1686/2/5 1680/4/5 1526/3/5
f 1533/3/2 1527/1/2 1681/2/2 1687/4/2
f 1534/1/5 1688/2/5 1682/4/5 1528/3/5
f 1535/3/2 1529/1/2 1683/2/2 1689/4/2
f 1536/1/5 1690/2/5 1684/4/5 1530/3/5
f 1537/3/2 1531/1/2 1685/2/2 1691/4/2
f 1538/1/5 1692/2/5 1686/4/5 1532/3/5
f 1539/3/2 1533/1/2 1687/2/2 1693/4/2
f 1540/1/5 1694/2/5 1688/4/5 1534/3/5
f 1541/3/2 1535/1/2 1689/2/2 1695/4/2
f 1542/1/5 1696/2/5 1690/4/5 1536/3/5
f 1543/3/2 1537/1/2 1691/2/2 1697/4/2
f 1544/1/5 1698/2/5 1692/4/5 1538/3/5
f 1545/3/2 1539/1/2 1693/2/2 1699/4/2
f 1546/1/5 1700/2/5 1694/4/5 1540/3/5
f 1547/3/2 1541/1/2 1695/2/2 1701/4/2
f 1548/1/5 1702/2/5 1696/4/5 1542/3/5
f 1549/3/2 1543/1/2 1697/2/2 1703/4/2
f 1550/1/5 1704/2/5 1698/4/5 1544/3/5
f 1551/3/2 1545/1/2 1699/2/2 1705/4/2
f 1552/1/5 1706/2/5 1700/4/5 1546/3/5
f 1553/3/2 1547/1/2 1701/2/2 1707/4/2
f 1554/1/5 1708/2/5 1702/4/5 1548/3/5
f 1555/3/2 1549/1/2 1703/2/2 1709/4/2
f 1556/1/5 1710/2/5 1704/4/5 1550/3/5
f 1557/3/2 1551/1/2 1705/2/2 1711/4/2
f 1558/1/5 1712/2/5 1706/4/5 1552/3/5
f 1559/3/2 1553/1/2 1707/2/2 1713/4/2
f 1560/1/5 1714/2/5 1708/4/5 1554/3/5
f 1561/3/2 1555/1/2 1709/2/2 1715/4/2
f 1562/1/5 1716/2/5 1710/4/5 1556/3/5
f 1563/3/2 1557/1/2 1711/2/2 1717/4/2
f 1564/1/5 1718/2/5 1712/4/5 1558/3/5
f 1580/1/5 1734/2/5 1718/4/5 1564/3/5
f 1579/1/6 1733/2/6 1734/4/6 1580/3/6
f 1581/3/2 1575/1/2 1729/2/2 1735/4/2
f 1582/1/5 1736/2/5 1731/4/5 1577/3/5
f 1581/1/6 1735/2/6 1736/4/6 1582/3/6
f 1583/3/2 1584/1/2 1738/2/2 1737/4/2
f 1584/2/3 1585/4/3 1739/3/3 1738/1/3
f 1586/1/5 1740/2/5 1739/4/5 1585/3/5
f 1587/3/2 1583/1/2 1737/2/2 1741/4/2
f 1588/1/5 1742/2/5 1740/4/5 1586/3/5
f 1589/3/2 1587/1/2 1741/2/2 1743/4/2
f 1590/1/5 1744/2/5 1742/4/5 1588/3/5
f 1591/3/2 1589/1/2 1743/2/2 1745/4/2
f 1592/1/5 1746/2/5 1744/4/5 1590/3/5
f 1593/3/2 1591/1/2 1745/2/2 1747/4/2
f 1594/1/5 1748/2/5 1746/4/5 1592/3/5
f 1595/3/2 1593/1/2 1747/2/2 1749/4/2
f 1596/1/5 1750/2/5 1748/4/5 1594/3/5
f 1597/3/2 1595/1/2 1749/2/2 1751/4/2
f 1598/1/5 1752/2/5 1750/4/5 1596/3/5
f 1599/3/2 1597/1/2 1751/2/2 1753/4/2
f 1600/1/5 1754/2/5 1752/4/5 1598/3/5
f 1601/3/2 1599/1/2 1753/2/2 1755/4/2
f 1602/1/5 1756/2/5 1754/4/5 1600/3/5
f 1603/3/2 1601/1/2 1755/2/2 1757/4/2
f 1604/1/5 1758/2/5 1756/4/5 1602/3/5
f 1605/3/2 1603/1/2 1757/2/2 1759/4/2
f 1606/1/5 1760/2/5 1758/4/5 1604/3/5
f 1607/3/2 1605/1/2 1759/2/2 1761/4/2
f 1608/1/5 1762/2/5 1760/4/5 1606/3/5
f 1609/3/2 1607/1/2 1761/2/2 1763/4/2
f 1610/1/5 1764/2/5 1762/4/5 1608/3/5
f 1611/3/2 1609/1/2 1763/2/2 1765/4/2
f 1612/1/5 1766/2/5 1764/4/5 1610/3/5
f 1613/3/2 1611/1/2 1765/2/2 1767/4/2
f 1614/1/5 1768/2/5 1766/4/5 1612/3/5
f 1631/2/3 1633/4/3 1787/3/3 1785/1/3
f 1634/1/5 1788/2/5 1787/4/5 1633/3/5
f 1635/3/2 1615/1/2 1769/2/2 1789/4/2
f 1636/1/5 1790/2/5 1773/4/5 1619/3/5
f 1637/3/2 1627/1/2 1781/2/2 1791/4/2
f 1638/1/5 1792/2/5 1783/4/5 1629/3/5
f 1639/3/2 1632/1/2 1786/2/2 1793/4/2
f 1640/1/5 1794/2/5 1788/4/5 1634/3/5
f 1641/3/2 1635/1/2 1789/2/2 1795/4/2
f 1642/1/5 1796/2/5 1790/4/5 1636/3/5
f 1643/3/2 1637/1/2 1791/2/2 1797/4/2
f 1644/1/5 1798/2/5 1792/4/5 1638/3/5
f 1645/3/2 1639/1/2 1793/2/2 1799/4/2
f 1646/1/5 1800/2/5 1794/4/5 1640/3/5
f 1647/3/2 1641/1/2 1795/2/2 1801/4/2
f 1648/1/5 1802/2/5 1796/4/5 1642/3/5
f 1649/3/2 1643/1/2 1797/2/2 1803/4/2
f 1650/1/5 1804/2/5 1798/4/5 1644/3/5
f 1651/3/2 1645/1/2 1799/2/2 1805/4/2
f 1652/1/5 1806/2/5 1800/4/5 1646/3/5
f 1653/3/2 1647/1/2 1801/2/2 1807/4/2
f 1654/1/5 1808/2/5 1802/4/5 1648/3/5
f 1655/3/2 1649/1/2 1803/2/2 1809/4/2
f 1656/1/5 1810/2/5 1804/4/5 1650/3/5
f 1657/3/2 1651/1/2 1805/2/2 1811/4/2
f 1658/1/5 1812/2/5 1806/4/5 1652/3/5
f 1659/3/2 1653/1/2 1807/2/2 1813/4/2
f 1660/1/5 1814/2/5 1808/4/5 1654/3/5
f 1661/3/2 1655/1/2 1809/2/2 1815/4/2
f 1662/1/5 1816/2/5 1810/4/5 1656/3/5
f 1663/3/2 1657/1/2 1811/2/2 1817/4/2
f 1664/1/5 1818/2/5 1812/4/5 1658/3/5
f 1665/3/2 1659/1/2 1813/2/2 1819/4/2
f 1666/1/5 1820/2/5 1814/4/5 1660/3/5
f 1667/3/2 1661/1/2 1815/2/2 1821/4/2
f 1668/1/5 1822/2/5 1816/4/5 1662/3/5
f 1669/3/2 1663/1/2 1817/2/2 1823/4/2
f 1670/1/5 1824/2/5 1818/4/5 1664/3/5
f 1671/3/2 1665/1/2 1819/2/2 1825/4/2
f 1672/1/5 1826/2/5 1820/4/5 1666/3/5
f 1673/3/2 1667/1/2 1821/2/2 1827/4/2
f 1674/1/5 1828/2/5 1822/4/5 1668/3/5
f 1675/3/2 1669/1/2 1823/2/2 1829/4/2
f 1676/1/5 1830/2/5 1824/4/5 1670/3/5
f 1677/3/2 1671/1/2 1825/2/2 1831/4/2
f 1678/1/5 1832/2/5 1826/4/5 1672/3/5
f 1679/3/2 1673/1/2 1827/2/2 1833/4/2
f 1680/1/5 1834/2/5 1828/4/5 1674/3/5
f 1681/3/2 1675/1/2 1829/2/2 1835/4/2
f 1682/1/5 1836/2/5 1830/4/5 1676/3/5
f 1683/3/2 1677/1/2 1831/2/2 1837/4/2
f 1684/1/5 1838/2/5 1832/4/5 1678/3/5
f 1685/3/2 1679/1/2 1833/2/2 1839/4/2
f 1686/1/5 1840/2/5 1834/4/5 1680/3/5
f 1687/3/2 1681/1/2 1835/2/2 1841/4/2
f 1688/1/5 1842/2/5 1836/4/5 1682/3/5
f 1689/3/2 1683/1/2 1837/2/2 1843/4/2
f 1690/1/5 1844/2/5 1838/4/5 1684/3/5
f 1691/3/2 1685/1/2 1839/2/2 1845/4/2
f 1692/1/5 1846/2/5 1840/4/5 1686/3/5
f 1693/3/2 1687/1/2 1841/2/2 1847/4/2
f 1694/1/5 1848/2/5 1842/4/5 1688/3/5
f 1695/3/2 1689/1/2 1843/2/2 1849/4/2
f 1696/1/5 1850/2/5 1844/4/5 1690/3/5
f 1697/3/2 1691/1/2 1845/2/2 1851/4/2
f 1698/1/5 1852/2/5 1846/4/5 1692/3/5
f 1699/3/2 1693/1/2 1847/2/2 1853/4/2
f 1700/1/5 1854/2/5 1848/4/5 1694/3/5
f 1701/3/2 1695/1/2 1849/2/2 1855/4/2
f 1702/1/5 1856/2/5 1850/4/5 1696/3/5
f 1703/3/2 1697/1/2 1851/2/2 1857/4/2
f 1704/1/5 1858/2/5 1852/4/5 1698/3/5
f 1705/3/2 1699/1/2 1853/2/2 1859/4/2
f 1706/1/5 1860/2/5 1854/4/5 1700/3/5
f 1707/3/2 1701/1/2 1855/2/2 1861/4/2
f 1708/1/5 1862/2/5 1856/4/5 1702/3/5
f 1709/3/2 1703/1/2 1857/2/2 1863/4/2
f 1710/1/5 1864/2/5 1858/4/5 1704/3/5
f 1711/3/2 1705/1/2 1859/2/2 1865/4/2
f 1712/1/5 1866/2/5 1860/4/5 1706/3/5
f 1713/3/2 1707/1/2 1861/2/2 1867/4/2
f 1714/1/5 1868/2/5 1862/4/5 1708/3/5
f 1715/3/2 1709/1/2 1863/2/2 1869/4/2
f 1716/1/5 1870/2/5 1864/4/5 1710/3/5
f 1717/3/2 1711/1/2 1865/2/2 1871/4/2
f 1718/1/5 1872/2/5 1866/4/5 1712/3/5
f 1734/1/5 1888/2/5 1872/4/5 1718/3/5
f 1733/1/6 1887/2/6 1888/4/6 1734/3/6
f 1735/3/2 1729/1/2 1883/2/2 1889/4/2
f 1736/1/5 1890/2/5 1885/4/5 1731/3/5
f 1735/1/6 1889/2/6 1890/4/6 1736/3/6
f 1737/3/2 1738/1/2 1892/2/2 1891/4/2
f 1738/2/3 1739/4/3 1893/3/3 1892/1/3
f 1740/1/5 1894/2/5 1893/4/5 1739/3/5
f 1741/3/2 1737/1/2 1891/2/2 1895/4/2
f 1742/1/5 1896/2/5 1894/4/5 1740/3/5
f 1743/3/2 1741/1/2 1895/2/2 1897/4/2
f 1744/1/5 1898/2/5 1896/4/5 1742/3/5
f 1745/3/2 1743/1/2 1897/2/2 1899/4/2
f 1746/1/5 1900/2/5 1898/4/5 1744/3/5
f 1747/3/2 1745/1/2 1899/2/2 1901/4/2
f 1748/1/5 1902/2/5 1900/4/5 1746/3/5
f 1749/3/2 1747/1/2 1901/2/2 1903/4/2
f 1750/1/5 1904/2/5 1902/4/5 1748/3/5
f 1751/3/2 1749/1/2 1903/2/2 1905/4/2
f 1752/1/5 1906/2/5 1904/4/5 1750/3/5
f 1753/3/2 1751/1/2 1905/2/2 1907/4/2
f 1754/1/5 1908/2/5 1906/4/5 1752/3/5
f 1755/3/2 1753/1/2 1907/2/2 1909/4/2
f 1756/1/5 1910/2/5 1908/4/5 1754/3/5
f 1757/3/2 1755/1/2 1909/2/2 1911/4/2
f 1758/1/5 1912/2/5 1910/4/5 1756/3/5
f 1759/3/2 1757/1/2 1911/2/2 1913/4/2
f 1760/1/5 1914/2/5 1912/4/5 1758/3/5
f 1761/3/2 1759/1/2 1913/2/2 1915/4/2
f 1762/1/5 1916/2/5 1914/4/5 1760/3/5
f 1763/3/2 1761/1/2 1915/2/2 1917/4/2
f 1764/1/5 1918/2/5 1916/4/5 1762/3/5
f 1765/3/2 1763/1/2 1917/2/2 1919/4/2
f 1766/1/5 1920/2/5 1918/4/5 1764/3/5
f 1767/3/2 1765/1/2 1919/2/2 1921/4/2
f 1768/1/5 1922/2/5 1920/4/5 1766/3/5
f 1785/2/3 1787/4/3 1941/3/3 1939/1/3
f 1788/1/5 1942/2/5 1941/4/5 1787/3/5
f 1789/3/2 1769/1/2 1923/2/2 1943/4/2
f 1790/1/5 1944/2/5 1927/4/5 1773/3/5
f 1791/3/2 1781/1/2 1935/2/2 1945/4/2
f 1792/1/5 1946/2/5 1937/4/5 1783/3/5
f 1793/3/2 1786/1/2 1940/2/2 1947/4/2
f 1794/1/5 1948/2/5 1942/4/5 1788/3/5
f 1795/3/2 1789/1/2 1943/2/2 1949/4/2
f 1796/1/5 1950/2/5 1944/4/5 1790/3/5
f 1797/3/2 1791/1/2 1945/2/2 1951/4/2
f 1798/1/5 1952/2/5 1946/4/5 1792/3/5
f 1799/3/2 1793/1/2 1947/2/2 1953/4/2
f 1800/1/5 1954/2/5 1948/4/5 1794/3/5
f 1801/3/2 1795/1/2 1949/2/2 1955/4/2
f 1802/1/5 1956/2/5 1950/4/5 1796/3/5
f 1803/3/2 1797/1/2 1951/2/2 1957/4/2
f 1804/1/5 1958/2/5 1952/4/5 1798/3/5
f 1805/3/2 1799/1/2 1953/2/2 1959/4/2
f 1806/1/5 1960/2/5 1954/4/5 1800/3/5
f 1807/3/2 1801/1/2 1955/2/2 1961/4/2
f 1808/1/5 1962/2/5 1956/4/5 1802/3/5
f 1809/3/2 1803/1/2 1957/2/2 1963/4/2
f 1810/1/5 1964/2/5 1958/4/5 1804/3/5
f 1811/3/2 1805/1/2 1959/2/2 1965/4/2
f 1812/1/5 1966/2/5 1960/4/5 1806/3/5
f 1813/3/2 1807/1/2 1961/2/2 1967/4/2
f 1814/1/5 1968/2/5 1962/4/5 1808/3/5
f 1815/3/2 1809/1/2 1963/2/2 1969/4/2
f 1816/1/5 1970/2/5 1964/4/5 1810/3/5
f 1817/3/2 1811/1/2 1965/2/2 1971/4/2
f 1818/1/5 1972/2/5 1966/4/5 1812/3/5
f 1819/3/2 1813/1/2 1967/2/2 1973/4/2
f 1820/1/5 1974/2/5 1968/4/5 1814/3/5
f 1821/3/2 1815/1/2 1969/2/2 1975/4/2
f 1822/1/5 1976/2/5 1970/4/5 1816/3/5
f 1823/3/2 1817/1/2 1971/2/2 1977/4/2
f 1824/1/5 1978/2/5 1972/4/5 1818/3/5
f 1825/3/2 1819/1/2 1973/2/2 1979/4/2
f 1826/1/5 1980/2/5 1974/4/5 1820/3/5
f 1827/3/2 1821/1/2 1975/2/2 1981/4/2
f 1828/1/5 1982/2/5 1976/4/5 1822/3/5
f 1829/3/2 1823/1/2 1977/2/2 1983/4/2
f 1830/1/5 1984/2/5 1978/4/5 1824/3/5
f 1831/3/2 1825/1/2 1979/2/2 1985/4/2
f 1832/1/5 1986/2/5 1980/4/5 1826/3/5
f 1833/3/2 1827/1/2 1981/2/2 1987/4/2
f 1834/1/5 1988/2/5 1982/4/5 1828/3/5
f 1835/3/2 1829/1/2 1983/2/2 1989/4/2
f 1836/1/5 1990/2/5 1984/4/5 1830/3/5
f 1837/3/2 1831/1/2 1985/2/2 1991/4/2
f 1838/1/5 1992/2/5 1986/4/5 1832/3/5
f 1839/3/2 1833/1/2 1987/2/2 1993/4/2
f 1840/1/5 1994/2/5 1988/4/5 1834/3/5
f 1841/3/2 1835/1/2 1989/2/2 1995/4/2
f 1842/1/5 1996/2/5 1990/4/5 1836/3/5
f 1843/3/2 1837/1/2 1991/2/2 1997/4/2
f 1844/1/5 1998/2/5 1992/4/5 1838/3/5
f 1845/3/2 1839/1/2 1993/2/2 1999/4/2
f 1846/1/5 2000/2/5 1994/4/5 1840/3/5
f 1847/3/2 1841/1/2 1995/2/2 2001/4/2
f 1848/1/5 2002/2/5 1996/4/5 1842/3/5
f 1849/3/2 1843/1/2 1997/2/2 2003/4/2
f 1850/1/5 2004/2/5 1998/4/5 1844/3/5
f 1851/3/2 1845/1/2 1999/2/2 2005/4/2
f 1852/1/5 2006/2/5 2000/4/5 1846/3/5
f 1853/3/2 1847/1/2 2001/2/2 2007/4/2
f 1854/1/5 2008/2/5 2002/4/5 1848/3/5
f 1855/3/2 1849/1/2 2003/2/2 2009/4/2
f 1856/1/5 2010/2/5 2004/4/5 1850/3/5
f 1857/3/2 1851/1/2 2005/2/2 2011/4/2
f 1858/1/5 2012/2/5 2006/4/5 1852/3/5
f 1859/3/2 1853/1/2 2007/2/2 2013/4/2
f 1860/1/5 2014/2/5 2008/4/5 1854/3/5
f 1861/3/2 1855/1/2 2009/2/2 2015/4/2
f 1862/1/5 2016/2/5 2010/4/5 1856/3/5
f 1863/3/2 1857/1/2 2011/2/2 2017/4/2
f 1864/1/5 2018/2/5 2012/4/5 1858/3/5
f 1865/3/2 1859/1/2 2013/2/2 2019/4/2
f 1866/1/5 2020/2/5 2014/4/5 1860/3/5
f 1867/3/2 1861/1/2 2015/2/2 2021/4/2
f 1868/1/5 2022/2/5 2016/4/5 1862/3/5
f 1869/3/2 1863/1/2 2017/2/2 2023/4/2
f 1870/1/5 2024/2/5 2018/4/5 1864/3/5
f 1871/3/2 1865/1/2 2019/2/2 2025/4/2
f 1872/1/5 2026/2/5 2020/4/5 1866/3/5
f 1888/1/5 2042/2/5 2026/4/5 1872/3/5
f 1887/1/6 2041/2/6 2042/4/6 1888/3/6
f 1889/3/2 1883/1/2 2037/2/2 2043/4/2
f 1890/1/5 2044/2/5 2039/4/5 1885/3/5
f 1889/1/6 2043/2/6 2044/4/6 1890/3/6
f 1891/3/2 1892/1/2 2046/2/2 2045/4/2
f 1892/2/3 1893/4/3 2047/3/3 2046/1/3
f 1894/1/5 2048/2/5 2047/4/5 1893/3/5
f 1895/3/2 1891/1/2 2045/2/2 2049/4/2
f 1896/1/5 2050/2/5 2048/4/5 1894/3/5
f 1897/3/2 1895/1/2 2049/2/2 2051/4/2
f 1898/1/5 2052/2/5 2050/4/5 1896/3/5
f 1899/3/2 1897/1/2 2051/2/2 2053/4/2
f 1900/1/5 2054/2/5 2052/4/5 1898/3/5
f 1901/3/2 1899/1/2 2053/2/2 2055/4/2
f 1902/1/5 2056/2/5 2054/4/5 1900/3/5
f 1903/3/2 1901/1/2 2055/2/2 2057/4/2
f 1904/1/5 2058/2/5 2056/4/5 1902/3/5
f 1905/3/2 1903/1/2 2057/2/2 2059/4/2
f 1906/1/5 2060/2/5 2058/4/5 1904/3/5
f 1907/3/2 1905/1/2 2059/2/2 2061/4/2
f 1908/1/5 2062/2/5 2060/4/5 1906/3/5
f 1909/3/2 1907/1/2 2061/2/2 2063/4/2
f 1910/1/5 2064/2/5 2062/4/5 1908/3/5
f 1911/3/2 1909/1/2 2063/2/2 2065/4/2
f 1912/1/5 2066/2/5 2064/4/5 1910/3/5
f 1913/3/2 1911/1/2 2065/2/2 2067/4/2
f 1914/1/5 2068/2/5 2066/4/5 1912/3/5
f 1915/3/2 1913/1/2 2067/2/2 2069/4/2
f 1916/1/5 2070/2/5 2068/4/5 1914/3/5
f 1917/3/2 1915/1/2 2069/2/2 2071/4/2
f 1918/1/5 2072/2/5 2070/4/5 1916/3/5
f 1919/3/2 1917/1/2 2071/2/2 2073/4/2
f 1920/1/5 2074/2/5 2072/4/5 1918/3/5
f 1921/3/2 1919/1/2 2073/2/2 2075/4/2
f 1922/1/5 2076/2/5 2074/4/5 1920/3/5
f 1939/2/3 1941/4/3 2095/3/3 2093/1/3
f 1942/1/5 2096/2/5 2095/4/5 1941/3/5
f 1943/3/2 1923/1/2 2077/2/2 2097/4/2
f 1944/1/5 2098/2/5 2081/4/5 1927/3/5
f 1945/3/2 1935/1/2 2089/2/2 2099/4/2
f 1946/1/5 2100/2/5 2091/4/5 1937/3/5
f 1947/3/2 1940/1/2 2094/2/2 2101/4/2
f 1948/1/5 2102/2/5 2096/4/5 1942/3/5
f 1949/3/2 1943/1/2 2097/2/2 2103/4/2
f 1950/1/5 2104/2/5 2098/4/5 1944/3/5
f 1951/3/2 1945/1/2 2099/2/2 2105/4/2
f 1952/1/5 2106/2/5 2100/4/5 1946/3/5
f 1953/3/2 1947/1/2 2101/2/2 2107/4/2
f 1954/1/5 2108/2/5 2102/4/5 1948/3/5
f 1955/3/2 1949/1/2 2103/2/2 2109/4/2
f 1956/1/5 2110/2/5 2104/4/5 1950/3/5
f 1957/3/2 1951/1/2 2105/2/2 2111/4/2
f 1958/1/5 2112/2/5 2106/4/5 1952/3/5
f 1959/3/2 1953/1/2 2107/2/2 2113/4/2
f 1960/1/5 2114/2/5 2108/4/5 1954/3/5
f 1961/3/2 1955/1/2 2109/2/2 2115/4/2
f 1962/1/5 2116/2/5 2110/4/5 1956/3/5
f 1963/3/2 1957/1/2 2111/2/2 2117/4/2
f 1964/1/5 2118/2/5 2112/4/5 1958/3/5
f 1965/3/2 1959/1/2 2113/2/2 2119/4/2
f 1966/1/5 2120/2/5 2114/4/5 1960/3/5
f 1967/3/2 1961/1/2 2115/2/2 2121/4/2
f 1968/1/5 2122/2/5 2116/4/5 1962/3/5
f 1969/3/2 1963/1/2 2117/2/2 2123/4/2
f 1970/1/5 2124/2/5 2118/4/5 1964/3/5
f 1971/3/2 1965/1/2 2119/2/2 2125/4/2
f 1972/1/5 2126/2/5 2120/4/5 1966/3/5
f 1973/3/2 1967/1/2 2121/2/2 2127/4/2
f 1974/1/5 2128/2/5 2122/4/5 1968/3/5
f 1975/3/2 1969/1/2 2123/2/2 2129/4/2
f 1976/1/5 2130/2/5 2124/4/5 1970/3/5
f 1977/3/2 1971/1/2 2125/2/2 2131/4/2
f 1978/1/5 2132/2/5 2126/4/5 1972/3/5
f 1979/3/2 1973/1/2 2127/2/2 2133/4/2
f 1980/1/5 2134/2/5 2128/4/5 1974/3/5
f 1981/3/2 1975/1/2 2129/2/2 2135/4/2
f 1982/1/5 2136/2/5 2130/4/5 1976/3/5
f 1983/3/2 1977/1/2 2131/2/2 2137/4/2
f 1984/1/5 2138/2/5 2132/4/5 1978/3/5
f 1985/3/2 1979/1/2 2133/2/2 2139/4/2
f 1986/1/5 2140/2/5 2134/4/5 1980/3/5
f 1987/3/2 1981/1/2 2135/2/2 2141/4/2
f 1988/1/5 2142/2/5 2136/4/5 1982/3/5
f 1989/3/2 1983/1/2 2137/2/2 2143/4/2
f 1990/1/5 2144/2/5 2138/4/5 1984/3/5
f 1991/3/2 1985/1/2 2139/2/2 2145/4/2
f 1992/1/5 2146/2/5 2140/4/5 1986/3/5
f 1993/3/2 1987/1/2 2141/2/2 2147/4/2
f 1994/1/5 2148/2/5 2142/4/5 1988/3/5
f 1995/3/2 1989/1/2 2143/2/2 2149/4/2
f 1996/1/5 2150/2/5 2144/4/5 1990/3/5
f 1997/3/2 1991/1/2 2145/2/2 2151/4/2
f 1998/1/5 2152/2/5 2146/4/5 1992/3/5
f 1999/3/2 1993/1/2 2147/2/2 2153/4/2
f 2000/1/5 2154/2/5 2148/4/5 1994/3/5
f 2001/3/2 1995/1/2 2149/2/2 2155/4/2
f 2002/1/5 2156/2/5 2150/4/5 1996/3/5
f 2003/3/2 1997/1/2 2151/2/2 2157/4/2
f 2004/1/5 2158/2/5 2152/4/5 1998/3/5
f 2005/3/2 1999/1/2 2153/2/2 2159/4/2
f 2006/1/5 2160/2/5 2154/4/5 2000/3/5
f 2007/3/2 2001/1/2 2155/2/2 2161/4/2
f 2008/1/5 2162/2/5 2156/4/5 2002/3/5
f 2009/3/2 2003/1/2 2157/2/2 2163/4/2
f 2010/1/5 2164/2/5 2158/4/5 2004/3/5
f 2011/3/2 2005/1/2 2159/2/2 2165/4/2
f 2012/1/5 2166/2/5 2160/4/5 2006/3/5
f 2013/3/2 2007/1/2 2161/2/2 2167/4/2
f 2014/1/5 2168/2/5 2162/4/5 2008/3/5
f 2015/3/2 2009/1/2 2163/2/2 2169/4/2
f 2016/1/5 2170/2/5 2164/4/5 2010/3/5
f 2017/3/2 2011/1/2 2165/2/2 2171/4/2
f 2018/1/5 2172/2/5 2166/4/5 2012/3/5
f 2019/3/2 2013/1/2 2167/2/2 2173/4/2
f 2020/1/5 2174/2/5 2168/4/5 2014/3/5
f 2021/3/2 2015/1/2 2169/2/2 2175/4/2
f 2022/1/5 2176/2/5 2170/4/5 2016/3/5
f 2023/3/2 2017/1/2 2171/2/2 2177/4/2
f 2024/1/5 2178/2/5 2172/4/5 2018/3/5
f 2025/3/2 2019/1/2 2173/2/2 2179/4/2
f 2026/1/5 2180/2/5 2174/4/5 2020/3/5
f 2042/1/5 2196/2/5 2180/4/5 2026/3/5
f 2041/1/6 2195/2/6 2196/4/6 2042/3/6
f 2043/3/2 2037/1/2 2191/2/2 2197/4/2
f 2044/1/5 2198/2/5 2193/4/5 2039/3/5
f 2043/1/6 2197/2/6 2198/4/6 2044/3/6
f 2045/3/2 2046/1/2 2200/2/2 2199/4/2
f 2046/2/3 2047/4/3 2201/3/3 2200/1/3
f 2048/1/5 2202/2/5 2201/4/5 2047/3/5
f 2049/3/2 2045/1/2 2199/2/2 2203/4/2
f 2050/1/5 2204/2/5 2202/4/5 2048/3/5
f 2051/3/2 2049/1/2 2203/2/2 2205/4/2
f 2052/1/5 2206/2/5 2204/4/5 2050/3/5
f 2053/3/2 2051/1/2 2205/2/2 2207/4/2
f 2054/1/5 2208/2/5 2206/4/5 2052/3/5
f 2055/3/2 2053/1/2 2207/2/2 2209/4/2
f 2056/1/5 2210/2/5 2208/4/5 2054/3/5
f 2057/3/2 2055/1/2 2209/2/2 2211/4/2
f 2058/1/5 2212/2/5 2210/4/5 2056/3/5
f 2059/3/2 2057/1/2 2211/2/2 2213/4/2
f 2060/1/5 2214/2/5 2212/4/5 2058/3/5
f 2061/3/2 2059/1/2 2213/2/2 2215/4/2
f 2062/1/5 2216/2/5 2214/4/5 2060/3/5
f 2063/3/2 2061/1/2 2215/2/2 2217/4/2
f 2064/1/5 2218/2/5 2216/4/5 2062/3/5
f 2065/3/2 2063/1/2 2217/2/2 2219/4/2
f 2066/1/5 2220/2/5 2218/4/5 2064/3/5
f 2067/3/2 2065/1/2 2219/2/2 2221/4/2
f 2068/1/5 2222/2/5 2220/4/5 2066/3/5
f 2069/3/2 2067/1/2 2221/2/2 2223/4/2
f 2070/1/5 2224/2/5 2222/4/5 2068/3/5
f 2071/3/2 2069/1/2 2223/2/2 2225/4/2
f 2072/1/5 2226/2/5 2224/4/5 2070/3/5
f 2073/3/2 2071/1/2 2225/2/2 2227/4/2
f 2074/1/5 2228/2/5 2226/4/5 2072/3/5
f 2075/3/2 2073/1/2 2227/2/2 2229/4/2
f 2076/1/5 2230/2/5 2228/4/5 2074/3/5
f 2093/2/3 2095/4/3 2249/3/3 2247/1/3
f 2096/1/5 2250/2/5 2249/4/5 2095/3/5
f 2097/3/2 2077/1/2 2231/2/2 2251/4/2
f 2098/1/5 2252/2/5 2235/4/5 2081/3/5
f 2099/3/2 2089/1/2 2243/2/2 2253/4/2
f 2100/1/5 2254/2/5 2245/4/5 2091/3/5
f 2101/3/2 2094/1/2 2248/2/2 2255/4/2
f 2102/1/5 2256/2/5 2250/4/5 2096/3/5
f 2103/3/2 2097/1/2 2251/2/2 2257/4/2
f 2104/1/5 2258/2/5 2252/4/5 2098/3/5
f 2105/3/2 2099/1/2 2253/2/2 2259/4/2
f 2106/1/5 2260/2/5 2254/4/5 2100/3/5
f 2107/3/2 2101/1/2 2255/2/2 2261/4/2
f 2108/1/5 2262/2/5 2256/4/5 2102/3/5
f 2109/3/2 2103/1/2 2257/2/2 2263/4/2
f 2110/1/5 2264/2/5 2258/4/5 2104/3/5
f 2111/3/2 2105/1/2 2259/2/2 2265/4/2
f 2112/1/5 2266/2/5 2260/4/5 2106/3/5
f 2113/3/2 2107/1/2 2261/2/2 2267/4/2
f 2114/1/5 2268/2/5 2262/4/5 2108/3/5
f 2115/3/2 2109/1/2 2263/2/2 2269/4/2
f 2116/1/5 2270/2/5 2264/4/5 2110/3/5
f 2117/3/2 2111/1/2 2265/2/2 2271/4/2
f 2118/1/5 2272/2/5 2266/4/5 2112/3/5
f 2119/3/2 2113/1/2 2267/2/2 2273/4/2
f 2120/1/5 2274/2/5 2268/4/5 2114/3/5
f 2121/3/2 2115/1/2 2269/2/2 2275/4/2
f 2122/1/5 2276/2/5 2270/4/5 2116/3/5
f 2123/3/2 2117/1/2 2271/2/2 2277/4/2
f 2124/1/5 2278/2/5 2272/4/5 2118/3/5
f 2125/3/2 2119/1/2 2273/2/2 2279/4/2
f 2126/1/5 2280/2/5 2274/4/5 2120/3/5
f 2127/3/2 2121/1/2 2275/2/2 2281/4/2
f 2128/1/5 2282/2/5 2276/4/5 2122/3/5
f 2129/3/2 2123/1/2 2277/2/2 2283/4/2
f 2130/1/5 2284/2/5 2278/4/5 2124/3/5
f 2131/3/2 2125/1/2 2279/2/2 2285/4/2
f 2132/1/5 2286/2/5 2280/4/5 2126/3/5
f 2133/3/2 2127/1/2 2281/2/2 2287/4/2
f 2134/1/5 2288/2/5 2282/4/5 2128/3/5
f 2135/3/2 2129/1/2 2283/2/2 2289/4/2
f 2136/1/5 2290/2/5 2284/4/5 2130/3/5
f 2137/3/2 2131/1/2 2285/2/2 2291/4/2
f 2138/1/5 2292/2/5 2286/4/5 2132/3/5
f 2139/3/2 2133/1/2 2287/2/2 2293/4/2
f 2140/1/5 2294/2/5 2288/4/5 2134/3/5
f 2141/3/2 2135/1/2 2289/2/2 2295/4/2
f 2142/1/5 2296/2/5 2290/4/5 2136/3/5
f 2143/3/2 2137/1/2 2291/2/2 2297/4/2
f 2144/1/5 2298/2/5 2292/4/5 2138/3/5
f 2145/3/2 2139/1/2 2293/2/2 2299/4/2
f 2146/1/5 2300/2/5 2294/4/5 2140/3/5
f 2147/3/2 2141/1/2 2295/2/2 2301/4/2
f 2148/1/5 2302/2/5 2296/4/5 2142/3/5
f 2149/3/2 2143/1/2 2297/2/2 2303/4/2
f 2150/1/5 2304/2/5 2298/4/5 2144/3/5
f 2151/3/2 2145/1/2 2299/2/2 2305/4/2
f 2152/1/5 2306/2/5 2300/4/5 2146/3/5
f 2153/3/2 2147/1/2 2301/2/2 2307/4/2
f 2154/1/5 2308/2/5 2302/4/5 2148/3/5
f 2155/3/2 2149/1/2 2303/2/2 2309/4/2
f 2156/1/5 2310/2/5 2304/4/5 2150/3/5
f 2157/3/2 2151/1/2 2305/2/2 2311/4/2
f 2158/1/5 2312/2/5 2306/4/5 2152/3/5
f 2159/3/2 2153/1/2 2307/2/2 2313/4/2
f 2160/1/5 2314/2/5 2308/4/5 2154/3/5
f 2161/3/2 2155/1/2 2309/2/2 2315/4/2
f 2162/1/5 2316/2/5 2310/4/5 2156/3/5
f 2163/3/2 2157/1/2 2311/2/2 2317/4/2
f 2164/1/5 2318/2/5 2312/4/5 2158/3/5
f 2165/3/2 2159/1/2 2313/2/2 2319/4/2
f 2166/1/5 2320/2/5 2314/4/5 2160/3/5
f 2167/3/2 2161/1/2 2315/2/2 2321/4/2
f 2168/1/5 2322/2/5 2316/4/5 2162/3/5
f 2169/3/2 2163/1/2 2317/2/2 2323/4/2
f 2170/1/5 2324/2/5 2318/4/5 2164/3/5
f 2171/3/2 2165/1/2 2319/2/2 2325/4/2
f 2172/1/5 2326/2/5 2320/4/5 2166/3/5
f 2173/3/2 2167/1/2 2321/2/2 2327/4/2
f 2174/1/5 2328/2/5 2322/4/5 2168/3/5
f 2175/3/2 2169/1/2 2323/2/2 2329/4/2
f 2176/1/5 2330/2/5 2324/4/5 2170/3/5
f 2177/3/2 2171/1/2 2325/2/2 2331/4/2
f 2178/1/5 2332/2/5 2326/4/5 2172/3/5
f 2179/3/2 2173/1/2 2327/2/2 2333/4/2
f 2180/1/5 2334/2/5 2328/4/5 2174/3/5
f 2196/1/5 2350/2/5 2334/4/5 2180/3/5
f 2195/1/6 2349/2/6 2350/4/6 2196/3/6
f 2197/3/2 2191/1/2 2345/2/2 2351/4/2
f 2198/1/5 2352/2/5 2347/4/5 2193/3/5
f 2197/1/6 2351/2/6 2352/4/6 2198/3/6
f 2199/3/2 2200/1/2 2354/2/2 2353/4/2
f 2200/2/3 2201/4/3 2355/3/3 2354/1/3
f 2202/1/5 2356/2/5 2355/4/5 2201/3/5
f 2203/3/2 2199/1/2 2353/2/2 2357/4/2
f 2204/1/5 2358/2/5 2356/4/5 2202/3/5
f 2205/3/2 2203/1/2 2357/2/2 2359/4/2
f 2206/1/5 2360/2/5 2358/4/5 2204/3/5
f 2207/3/2 2205/1/2 2359/2/2 2361/4/2
f 2208/1/5 2362/2/5 2360/4/5 2206/3/5
f 2209/3/2 2207/1/2 2361/2/2 2363/4/2
f 2210/1/5 2364/2/5 2362/4/5 2208/3/5
f 2211/3/2 2209/1/2 2363/2/2 2365/4/2
f 2212/1/5 2366/2/5 2364/4/5 2210/3/5
f 2213/3/2 2211/1/2 2365/2/2 2367/4/2
f 2214/1/5 2368/2/5 2366/4/5 2212/3/5
f 2215/3/2 2213/1/2 2367/2/2 2369/4/2
f 2216/1/5 2370/2/5 2368/4/5 2214/3/5
f 2217/3/2 2215/1/2 2369/2/2 2371/4/2
f 2218/1/5 2372/2/5 2370/4/5 2216/3/5
f 2219/3/2 2217/1/2 2371/2/2 2373/4/2
f 2220/1/5 2374/2/5 2372/4/5 2218/3/5
f 2221/3/2 2219/1/2 2373/2/2 2375/4/2
f 2222/1/5 2376/2/5 2374/4/5 2220/3/5
f 2223/3/2 2221/1/2 2375/2/2 2377/4/2
f 2224/1/5 2378/2/5 2376/4/5 2222/3/5
f 2225/3/2 2223/1/2 2377/2/2 2379/4/2
f 2226/1/5 2380/2/5 2378/4/5 2224/3/5
f 2227/3/2 2225/1/2 2379/2/2 2381/4/2
f 2228/1/5 2382/2/5 2380/4/5 2226/3/5
f 2229/3/2 2227/1/2 2381/2/2 2383/4/2
f 2230/1/5 2384/2/5 2382/4/5 2228/3/5
f 2247/2/3 2249/4/3 2403/3/3 2401/1/3
f 2250/1/5 2404/2/5 2403/4/5 2249/3/5
f 2251/3/2 2231/1/2 2385/2/2 2405/4/2
f 2252/1/5 2406/2/5 2389/4/5 2235/3/5
f 2253/3/2 2243/1/2 2397/2/2 2407/4/2
f 2254/1/5 2408/2/5 2399/4/5 2245/3/5
f 2255/3/2 2248/1/2 2402/2/2 2409/4/2
f 2256/1/5 2410/2/5 2404/4/5 2250/3/5
f 2257/3/2 2251/1/2 2405/2/2 2411/4/2
f 2258/1/5 2412/2/5 2406/4/5 2252/3/5
f 2259/3/2 2253/1/2 2407/2/2 2413/4/2
f 2260/1/5 2414/2/5 2408/4/5 2254/3/5
f 2261/3/2 2255/1/2 2409/2/2 2415/4/2
f 2262/1/5 2416/2/5 2410/4/5 2256/3/5
f 2263/3/2 2257/1/2 2411/2/2 2417/4/2
f 2264/1/5 2418/2/5 2412/4/5 2258/3/5
f 2265/3/2 2259/1/2 2413/2/2 2419/4/2
f 2266/1/5 2420/2/5 2414/4/5 2260/3/5
f 2267/3/2 2261/1/2 2415/2/2 2421/4/2
f 2268/1/5 2422/2/5 2416/4/5 2262/3/5
f 2269/3/2 2263/1/2 2417/2/2 2423/4/2
f 2270/1/5 2424/2/5 2418/4/5 2264/3/5
f 2271/3/2 2265/1/2 2419/2/2 2425/4/2
f 2272/1/5 2426/2/5 2420/4/5 2266/3/5
f 2273/3/2 2267/1/2 2421/2/2 2427/4/2
f 2274/1/5 2428/2/5 2422/4/5 2268/3/5
f 2275/3/2 2269/1/2 2423/2/2 2429/4/2
f 2276/1/5 2430/2/5 2424/4/5 2270/3/5
f 2277/3/2 2271/1/2 2425/2/2 2431/4/2
f 2278/1/5 2432/2/5 2426/4/5 2272/3/5
f 2279/3/2 2273/1/2 2427/2/2 2433/4/2
f 2280/1/5 2434/2/5 2428/4/5 2274/3/5
f 2281/3/2 2275/1/2 2429/2/2 2435/4/2
f 2282/1/5 2436/2/5 2430/4/5 2276/3/5
f 2283/3/2 2277/1/2 2431/2/2 2437/4/2
f 2284/1/5 2438/2/5 2432/4/5 2278/3/5
f 2285/3/2 2279/1/2 2433/2/2 2439/4/2
f 2286/1/5 2440/2/5 2434/4/5 2280/3/5
f 2287/3/2 2281/1/2 2435/2/2 2441/4/2
f 2288/1/5 2442/2/5 2436/4/5 2282/3/5
f 2289/3/2 2283/1/2 2437/2/2 2443/4/2
f 2290/1/5 2444/2/5 2438/4/5 2284/3/5
f 2291/3/2 2285/1/2 2439/2/2 2445/4/2
f 2292/1/5 2446/2/5 2440/4/5 2286/3/5
f 2293/3/2 2287/1/2 2441/2/2 2447/4/2
f 2294/1/5 2448/2/5 2442/4/5 2288/3/5
f 2295/3/2 2289/1/2 2443/2/2 2449/4/2
f 2296/1/5 2450/2/5 2444/4/5 2290/3/5
f 2297/3/2 2291/1/2 2445/2/2 2451/4/2
f 2298/1/5 2452/2/5 2446/4/5 2292/3/5
f 2299/3/2 2293/1/2 2447/2/2 2453/4/2
f 2300/1/5 2454/2/5 2448/4/5 2294/3/5
f 2301/3/2 2295/1/2 2449/2/2 2455/4/2
f 2302/1/5 2456/2/5 2450/4/5 2296/3/5
f 2303/3/2 2297/1/2 2451/2/2 2457/4/2
f 2304/1/5 2458/2/5 2452/4/5 2298/3/5
f 2305/3/2 2299/1/2 2453/2/2 2459/4/2
f 2306/1/5 2460/2/5 2454/4/5 2300/3/5
f 2307/3/2 2301/1/2 2455/2/2 2461/4/2
f 2308/1/5 2462/2/5 2456/4/5 2302/3/5
f 2309/3/2 2303/1/2 2457/2/2 2463/4/2
f 2310/1/5 2464/2/5 2458/4/5 2304/3/5
f 2311/3/2 2305/1/2 2459/2/2 2465/4/2
f 2312/1/5 2466/2/5 2460/4/5 2306/3/5
f 2313/3/2 2307/1/2 2461/2/2 2467/4/2
f 2314/1/5 2468/2/5 2462/4/5 2308/3/5
f 2315/3/2 2309/1/2 2463/2/2 2469/4/2
f 2316/1/5 2470/2/5 2464/4/5 2310/3/5
f 2317/3/2 2311/1/2 2465/2/2 2471/4/2
f 2318/1/5 2472/2/5 2466/4/5 2312/3/5
f 2319/3/2 2313/1/2 2467/2/2 2473/4/2
f 2320/1/5 2474/2/5 2468/4/5 2314/3/5
f 2321/3/2 2315/1/2 2469/2/2 2475/4/2
f 2322/1/5 2476/2/5 2470/4/5 2316/3/5
f 2323/3/2 2317/1/2 2471/2/2 2477/4/2
f 2324/1/5 2478/2/5 2472/4/5 2318/3/5
f 2325/3/2 2319/1/2 2473/2/2 2479/4/2
f 2326/1/5 2480/2/5 2474/4/5 2320/3/5
f 2327/3/2 2321/1/2 2475/2/2 2481/4/2
f 2328/1/5 2482/2/5 2476/4/5 2322/3/5
f 2329/3/2 2323/1/2 2477/2/2 2483/4/2
f 2330/1/5 2484/2/5 2478/4/5 2324/3/5
f 2331/3/2 2325/1/2 2479/2/2 2485/4/2
f 2332/1/5 2486/2/5 2480/4/5 2326/3/5
f 2333/3/2 2327/1/2 2481/2/2 2487/4/2
f 2334/1/5 2488/2/5 2482/4/5 2328/3/5
f 2350/1/5 2504/2/5 2488/4/5 2334/3/5
f 2349/1/6 2503/2/6 2504/4/6 2350/3/6
f 2351/3/2 2345/1/2 2499/2/2 2505/4/2
f 2352/1/5 2506/2/5 2501/4/5 2347/3/5
f 2351/1/6 2505/2/6 2506/4/6 2352/3/6
f 2353/3/2 2354/1/2 2508/2/2 2507/4/2
f 2354/2/3 2355/4/3 2509/3/3 2508/1/3
f 2356/1/5 2510/2/5 2509/4/5 2355/3/5
f 2357/3/2 2353/1/2 2507/2/2 2511/4/2
f 2358/1/5 2512/2/5 2510/4/5 2356/3/5
f 2359/3/2 2357/1/2 2511/2/2 2513/4/2
f 2360/1/5 2514/2/5 2512/4/5 2358/3/5
f 2361/3/2 2359/1/2 2513/2/2 2515/4/2
f 2362/1/5 2516/2/5 2514/4/5 2360/3/5
f 2363/3/2 2361/1/2 2515/2/2 2517/4/2
f 2364/1/5 2518/2/5 2516/4/5 2362/3/5
f 2365/3/2 2363/1/2 2517/2/2 2519/4/2
f 2366/1/5 2520/2/5 2518/4/5 2364/3/5
f 2367/3/2 2365/1/2 2519/2/2 2521/4/2
f 2368/1/5 2522/2/5 2520/4/5 2366/3/5
f 2369/3/2 2367/1/2 2521/2/2 2523/4/2
f 2370/1/5 2524/2/5 2522/4/5 2368/3/5
f 2371/3/2 2369/1/2 2523/2/2 2525/4/2
f 2372/1/5 2526/2/5 2524/4/5 2370/3/5
f 2373/3/2 2371/1/2 2525/2/2 2527/4/2
f 2374/1/5 2528/2/5 2526/4/5 2372/3/5
f 2375/3/2 2373/1/2 2527/2/2 2529/4/2
f 2376/1/5 2530/2/5 2528/4/5 2374/3/5
f 2377/3/2 2375/1/2 2529/2/2 2531/4/2
f 2378/1/5 2532/2/5 2530/4/5 2376/3/5
f 2379/3/2 2377/1/2 2531/2/2 2533/4/2
f 2380/1/5 2534/2/5 2532/4/5 2378/3/5
f 2381/3/2 2379/1/2 2533/2/2 2535/4/2
f 2382/1/5 2536/2/5 2534/4/5 2380/3/5
f 2383/3/2 2381/1/2 2535/2/2 2537/4/2
f 2384/1/5 2538/2/5 2536/4/5 2382/3/5
f 2401/2/3 2403/4/3 2557/3/3 2555/1/3
f 2404/1/5 2558/2/5 2557/4/5 2403/3/5
f 2405/3/2 2385/1/2 2539/2/2 2559/4/2
f 2406/1/5 2560/2/5 2543/4/5 2389/3/5
f 2407/3/2 2397/1/2 2551/2/2 2561/4/2
f 2408/1/5 2562/2/5 2553/4/5 2399/3/5
f 2409/3/2 2402/1/2 2556/2/2 2563/4/2
f 2410/1/5 2564/2/5 2558/4/5 2404/3/5
f 2411/3/2 2405/1/2 2559/2/2 2565/4/2
f 2412/1/5 2566/2/5 2560/4/5 2406/3/5
f 2413/3/2 2407/1/2 2561/2/2 2567/4/2
f 2414/1/5 2568/2/5 2562/4/5 2408/3/5
f 2415/3/2 2409/1/2 2563/2/2 2569/4/2
f 2416/1/5 2570/2/5 2564/4/5 2410/3/5
f 2417/3/2 2411/1/2 2565/2/2 2571/4/2
f 2418/1/5 2572/2/5 2566/4/5 2412/3/5
f 2419/3/2 2413/1/2 2567/2/2 2573/4/2
f 2420/1/5 2574/2/5 2568/4/5 2414/3/5
f 2421/3/2 2415/1/2 2569/2/2 2575/4/2
f 2422/1/5 2576/2/5 2570/4/5 2416/3/5
f 2423/3/2 2417/1/2 2571/2/2 2577/4/2
f 2424/1/5 2578/2/5 2572/4/5 2418/3/5
f 2425/3/2 2419/1/2 2573/2/2 2579/4/2
f 2426/1/5 2580/2/5 2574/4/5 2420/3/5
f 2427/3/2 2421/1/2 2575/2/2 2581/4/2
f 2428/1/5 2582/2/5 2576/4/5 2422/3/5
f 2429/3/2 2423/1/2 2577/2/2 2583/4/2
f 2430/2/1 2584/4/1 2585/3/1 2424/1/1
f 2424/2/3 2585/4/3 2586/3/3 2578/1/3
f 2584/2/1 2587/4/1 2588/3/1 2585/1/1
f 2585/2/3 2588/4/3 2589/3/3 2586/1/3
f 2587/2/1 2590/4/1 2591/3/1 2588/1/1
f 2588/2/3 2591/4/3 2592/3/3 2589/1/3
f 2590/1/5 2593/2/5 2592/4/5 2591/3/5
f 2431/3/2 2425/1/2 2579/2/2 2594/4/2
f 2432/1/5 2595/2/5 2580/4/5 2426/3/5
f 2433/3/2 2427/1/2 2581/2/2 2596/4/2
f 2434/1/5 2597/2/5 2582/4/5 2428/3/5
f 2435/3/2 2429/1/2 2583/2/2 2598/4/2
f 2436/2/1 2599/4/1 2584/3/1 2430/1/1
f 2436/1/6 2600/2/6 2601/4/6 2599/3/6
f 2599/2/1 2602/4/1 2587/3/1 2584/1/1
f 2599/1/6 2601/2/6 2603/4/6 2602/3/6
f 2602/2/1 2604/4/1 2590/3/1 2587/1/1
f 2602/1/6 2603/2/6 2605/4/6 2604/3/6
f 2604/2/1 2606/4/1 2607/3/1 2590/1/1
f 2590/2/3 2607/4/3 2608/3/3 2593/1/3
f 2606/1/5 2609/2/5 2608/4/5 2607/3/5
f 2437/3/2 2431/1/2 2594/2/2 2610/4/2
f 2438/1/5 2611/2/5 2595/4/5 2432/3/5
f 2439/3/2 2433/1/2 2596/2/2 2612/4/2
f 2440/1/5 2613/2/5 2597/4/5 2434/3/5
f 2441/3/2 2435/1/2 2598/2/2 2614/4/2
f 2442/1/5 2615/2/5 2600/4/5 2436/3/5
f 2616/2/1 2617/4/1 2606/3/1 2604/1/1
f 2616/3/2 2604/1/2 2605/2/2 2618/4/2
f 2617/1/5 2619/2/5 2609/4/5 2606/3/5
f 2443/3/2 2437/1/2 2610/2/2 2620/4/2
f 2444/1/5 2621/2/5 2611/4/5 2438/3/5
f 2445/3/2 2439/1/2 2612/2/2 2622/4/2
f 2446/1/5 2623/2/5 2613/4/5 2440/3/5
f 2447/3/2 2441/1/2 2614/2/2 2624/4/2
f 2448/1/5 2625/2/5 2615/4/5 2442/3/5
f 2626/2/1 2627/4/1 2617/3/1 2616/1/1
f 2626/3/2 2616/1/2 2618/2/2 2628/4/2
f 2627/1/5 2629/2/5 2619/4/5 2617/3/5
f 2449/3/2 2443/1/2 2620/2/2 2630/4/2
f 2450/1/5 2631/2/5 2621/4/5 2444/3/5
f 2451/3/2 2445/1/2 2622/2/2 2632/4/2
f 2452/1/5 2633/2/5 2623/4/5 2446/3/5
f 2453/3/2 2447/1/2 2624/2/2 2634/4/2
f 2454/2/1 2635/4/1 2636/3/1 2448/1/1
f 2448/2/3 2636/4/3 2637/3/3 2625/1/3
f 2635/2/1 2638/4/1 2639/3/1 2636/1/1
f 2636/2/3 2639/4/3 2640/3/3 2637/1/3
f 2638/2/1 2641/4/1 2626/3/1 2639/1/1
f 2639/2/3 2626/4/3 2628/3/3 2640/1/3
f 2641/2/1 2642/4/1 2627/3/1 2626/1/1
f 2642/1/5 2643/2/5 2629/4/5 2627/3/5
f 2641/1/6 2644/2/6 2643/4/6 2642/3/6
f 2455/3/2 2449/1/2 2630/2/2 2645/4/2
f 2456/1/5 2646/2/5 2631/4/5 2450/3/5
f 2457/3/2 2451/1/2 2632/2/2 2647/4/2
f 2458/1/5 2648/2/5 2633/4/5 2452/3/5
f 2459/3/2 2453/1/2 2634/2/2 2649/4/2
f 2460/2/1 2650/4/1 2635/3/1 2454/1/1
f 2460/1/6 2651/2/6 2652/4/6 2650/3/6
f 2650/2/1 2653/4/1 2638/3/1 2635/1/1
f 2650/1/6 2652/2/6 2654/4/6 2653/3/6
f 2653/2/1 2655/4/1 2641/3/1 2638/1/1
f 2655/1/5 2656/2/5 2644/4/5 2641/3/5
f 2653/1/6 2654/2/6 2656/4/6 2655/3/6
f 2461/3/2 2455/1/2 2645/2/2 2657/4/2
f 2462/1/5 2658/2/5 2646/4/5 2456/3/5
f 2463/3/2 2457/1/2 2647/2/2 2659/4/2
f 2464/1/5 2660/2/5 2648/4/5 2458/3/5
f 2465/3/2 2459/1/2 2649/2/2 2661/4/2
f 2466/1/5 2662/2/5 2651/4/5 2460/3/5
f 2467/3/2 2461/1/2 2657/2/2 2663/4/2
f 2468/1/5 2664/2/5 2658/4/5 2462/3/5
f 2469/3/2 2463/1/2 2659/2/2 2665/4/2
f 2470/1/5 2666/2/5 2660/4/5 2464/3/5
f 2471/3/2 2465/1/2 2661/2/2 2667/4/2
f 2472/1/5 2668/2/5 2662/4/5 2466/3/5
f 2473/3/2 2467/1/2 2663/2/2 2669/4/2
f 2474/1/5 2670/2/5 2664/4/5 2468/3/5
f 2475/3/2 2469/1/2 2665/2/2 2671/4/2
f 2476/1/5 2672/2/5 2666/4/5 2470/3/5
f 2477/3/2 2471/1/2 2667/2/2 2673/4/2
f 2478/1/5 2674/2/5 2668/4/5 2472/3/5
f 2479/3/2 2473/1/2 2669/2/2 2675/4/2
f 2480/1/5 2676/2/5 2670/4/5 2474/3/5
f 2481/3/2 2475/1/2 2671/2/2 2677/4/2
f 2482/1/5 2678/2/5 2672/4/5 2476/3/5
f 2483/3/2 2477/1/2 2673/2/2 2679/4/2
f 2484/1/5 2680/2/5 2674/4/5 2478/3/5
f 2485/3/2 2479/1/2 2675/2/2 2681/4/2
f 2486/1/5 2682/2/5 2676/4/5 2480/3/5
f 2487/3/2 2481/1/2 2677/2/2 2683/4/2
f 2488/1/5 2684/2/5 2678/4/5 2482/3/5
f 2504/1/5 2700/2/5 2684/4/5 2488/3/5
f 2503/1/6 2699/2/6 2700/4/6 2504/3/6
f 2505/3/2 2499/1/2 2695/2/2 2701/4/2
f 2506/1/5 2702/2/5 2697/4/5 2501/3/5
f 2505/1/6 2701/2/6 2702/4/6 2506/3/6
f 2508/2/3 2509/4/3 2723/3/3 2722/1/3
f 2727/2/1 2730/4/1 2731/3/1 2728/1/1
f 2728/2/3 2731/4/3 2732/3/3 2729/1/3
f 2730/1/5 2733/2/5 2732/4/5 2731/3/5
f 2758/2/1 2761/4/1 2730/3/1 2727/1/1
f 2761/1/5 2762/2/5 2733/4/5 2730/3/5
f 2779/2/1 2781/4/1 2761/3/1 2758/1/1
f 2781/1/5 2782/2/5 2762/4/5 2761/3/5
f 2799/2/1 2801/4/1 2781/3/1 2779/1/1
f 2801/1/5 2802/2/5 2782/4/5 2781/3/5
f 2819/2/1 2821/4/1 2801/3/1 2799/1/1
f 2821/1/5 2822/2/5 2802/4/5 2801/3/5
f 2839/2/1 2841/4/1 2821/3/1 2819/1/1
f 2841/1/5 2842/2/5 2822/4/5 2821/3/5
f 2859/2/1 2861/4/1 2841/3/1 2839/1/1
f 2861/1/5 2862/2/5 2842/4/5 2841/3/5
f 2879/2/1 2881/4/1 2861/3/1 2859/1/1
f 2881/1/5 2882/2/5 2862/4/5 2861/3/5
f 2899/2/1 2901/4/1 2881/3/1 2879/1/1
f 2901/1/5 2902/2/5 2882/4/5 2881/3/5
f 2919/2/1 2921/4/1 2901/3/1 2899/1/1
f 2921/1/5 2922/2/5 2902/4/5 2901/3/5
f 2939/2/1 2941/4/1 2921/3/1 2919/1/1
f 2941/1/5 2942/2/5 2922/4/5 2921/3/5
f 2959/2/1 2961/4/1 2941/3/1 2939/1/1
f 2961/1/5 2962/2/5 2942/4/5 2941/3/5
f 2979/2/1 2981/4/1 2961/3/1 2959/1/1
f 2981/1/5 2982/2/5 2962/4/5 2961/3/5
f 2999/2/1 3001/4/1 2981/3/1 2979/1/1
f 3001/1/5 3002/2/5 2982/4/5 2981/3/5
f 2555/2/1 2557/4/1 3001/3/1 2999/1/1
f 2557/1/5 3013/2/5 3002/4/5 3001/3/5
f 2558/1/5 3015/2/5 3013/4/5 2557/3/5
f 2564/1/5 3040/2/5 3015/4/5 2558/3/5
f 2570/1/5 3056/2/5 3040/4/5 2564/3/5
f 2576/1/5 3072/2/5 3056/4/5 2570/3/5
f 2582/1/5 3085/2/5 3072/4/5 2576/3/5
f 2597/1/5 3097/2/5 3085/4/5 2582/3/5
f 3099/1/4 3087/2/4 3088/4/4 3100/3/4
f 2600/1/6 3099/2/6 3100/4/6 2601/3/6
f 3100/1/4 3088/2/4 3089/4/4 3101/3/4
f 2601/1/6 3100/2/6 3101/4/6 2603/3/6
f 3101/1/4 3089/2/4 3090/4/4 3102/3/4
f 2603/1/6 3101/2/6 3102/4/6 2605/3/6
f 2613/1/5 3109/2/5 3097/4/5 2597/3/5
f 2614/3/2 2598/1/2 3098/2/2 3110/4/2
f 2615/1/5 3111/2/5 3099/4/5 2600/3/5
f 2618/3/2 2605/1/2 3102/2/2 3112/4/2
f 3112/1/4 3102/2/4 3103/4/4 3113/3/4
f 2623/1/5 3119/2/5 3109/4/5 2613/3/5
f 2624/3/2 2614/1/2 3110/2/2 3120/4/2
f 2625/1/5 3121/2/5 3111/4/5 2615/3/5
f 2628/3/2 2618/1/2 3112/2/2 3122/4/2
f 3122/1/4 3112/2/4 3113/4/4 3123/3/4
f 2633/1/5 3129/2/5 3119/4/5 2623/3/5
f 2625/2/3 2637/4/3 3131/3/3 3121/1/3
f 3132/1/4 3121/2/4 3131/4/4 3133/3/4
f 2637/2/3 2640/4/3 3134/3/3 3131/1/3
f 3133/1/4 3131/2/4 3134/4/4 3135/3/4
f 2640/2/3 2628/4/3 3122/3/3 3134/1/3
f 3135/1/4 3134/2/4 3122/4/4 3136/3/4
f 2648/1/5 3143/2/5 3129/4/5 2633/3/5
f 2660/1/5 3156/2/5 3143/4/5 2648/3/5
f 2666/1/5 3172/2/5 3156/4/5 2660/3/5
f 2672/1/5 3188/2/5 3172/4/5 2666/3/5
f 2678/1/5 3204/2/5 3188/4/5 2672/3/5
f 2684/1/5 3212/2/5 3204/4/5 2678/3/5
f 2700/1/5 3223/2/5 3212/4/5 2684/3/5
f 2699/1/6 3222/2/6 3223/4/6 2700/3/6
f 2701/3/2 2695/1/2 3219/2/2 3224/4/2
f 2702/1/5 3225/2/5 3220/4/5 2697/3/5
f 2701/1/6 3224/2/6 3225/4/6 2702/3/6
f 2722/2/3 2723/4/3 3240/3/3 3238/1/3
f 2729/2/3 2732/4/3 3246/3/3 3244/1/3
f 2733/1/5 3247/2/5 3246/4/5 2732/3/5
f 2736/3/2 2707/1/2 3226/2/2 3248/4/2
f 2738/1/5 3249/2/5 3230/4/5 2739/3/5
f 2752/3/2 2751/1/2 3239/2/2 3250/4/2
f 2754/1/5 3251/2/5 3242/4/5 2755/3/5
f 2760/3/2 2759/1/2 3245/2/2 3252/4/2
f 2762/1/5 3253/2/5 3247/4/5 2733/3/5
f 2765/3/2 2736/1/2 3248/2/2 3254/4/2
f 2767/1/5 3255/2/5 3249/4/5 2738/3/5
f 2775/3/2 2752/1/2 3250/2/2 3256/4/2
f 2777/1/5 3257/2/5 3251/4/5 2754/3/5
f 2780/3/2 2760/1/2 3252/2/2 3258/4/2
f 2782/1/5 3259/2/5 3253/4/5 2762/3/5
f 2785/3/2 2765/1/2 3254/2/2 3260/4/2
f 2787/1/5 3261/2/5 3255/4/5 2767/3/5
f 2795/3/2 2775/1/2 3256/2/2 3262/4/2
f 2797/1/5 3263/2/5 3257/4/5 2777/3/5
f 2800/3/2 2780/1/2 3258/2/2 3264/4/2
f 2802/1/5 3265/2/5 3259/4/5 2782/3/5
f 2805/3/2 2785/1/2 3260/2/2 3266/4/2
f 2807/1/5 3267/2/5 3261/4/5 2787/3/5
f 2815/3/2 2795/1/2 3262/2/2 3268/4/2
f 2817/1/5 3269/2/5 3263/4/5 2797/3/5
f 2820/3/2 2800/1/2 3264/2/2 3270/4/2
f 2822/1/5 3271/2/5 3265/4/5 2802/3/5
f 2825/3/2 2805/1/2 3266/2/2 3272/4/2
f 2827/1/5 3273/2/5 3267/4/5 2807/3/5
f 2835/3/2 2815/1/2 3268/2/2 3274/4/2
f 2837/1/5 3275/2/5 3269/4/5 2817/3/5
f 2840/3/2 2820/1/2 3270/2/2 3276/4/2
f 2842/1/5 3277/2/5 3271/4/5 2822/3/5
f 2845/3/2 2825/1/2 3272/2/2 3278/4/2
f 2847/1/5 3279/2/5 3273/4/5 2827/3/5
f 2855/3/2 2835/1/2 3274/2/2 3280/4/2
f 2857/1/5 3281/2/5 3275/4/5 2837/3/5
f 2860/3/2 2840/1/2 3276/2/2 3282/4/2
f 2862/1/5 3283/2/5 3277/4/5 2842/3/5
f 2865/3/2 2845/1/2 3278/2/2 3284/4/2
f 2867/1/5 3285/2/5 3279/4/5 2847/3/5
f 2875/3/2 2855/1/2 3280/2/2 3286/4/2
f 2877/1/5 3287/2/5 3281/4/5 2857/3/5
f 2880/3/2 2860/1/2 3282/2/2 3288/4/2
f 2882/1/5 3289/2/5 3283/4/5 2862/3/5
f 2885/3/2 2865/1/2 3284/2/2 3290/4/2
f 2887/1/5 3291/2/5 3285/4/5 2867/3/5
f 2895/3/2 2875/1/2 3286/2/2 3292/4/2
f 2897/1/5 3293/2/5 3287/4/5 2877/3/5
f 2900/3/2 2880/1/2 3288/2/2 3294/4/2
f 2902/1/5 3295/2/5 3289/4/5 2882/3/5
f 2905/3/2 2885/1/2 3290/2/2 3296/4/2
f 2907/1/5 3297/2/5 3291/4/5 2887/3/5
f 2915/3/2 2895/1/2 3292/2/2 3298/4/2
f 2917/1/5 3299/2/5 3293/4/5 2897/3/5
f 2920/3/2 2900/1/2 3294/2/2 3300/4/2
f 2922/1/5 3301/2/5 3295/4/5 2902/3/5
f 2925/3/2 2905/1/2 3296/2/2 3302/4/2
f 2927/1/5 3303/2/5 3297/4/5 2907/3/5
f 2935/3/2 2915/1/2 3298/2/2 3304/4/2
f 2937/1/5 3305/2/5 3299/4/5 2917/3/5
f 2940/3/2 2920/1/2 3300/2/2 3306/4/2
f 2942/1/5 3307/2/5 3301/4/5 2922/3/5
f 2945/3/2 2925/1/2 3302/2/2 3308/4/2
f 2947/1/5 3309/2/5 3303/4/5 2927/3/5
f 2955/3/2 2935/1/2 3304/2/2 3310/4/2
f 2957/1/5 3311/2/5 3305/4/5 2937/3/5
f 2960/3/2 2940/1/2 3306/2/2 3312/4/2
f 2962/1/5 3313/2/5 3307/4/5 2942/3/5
f 2965/3/2 2945/1/2 3308/2/2 3314/4/2
f 2967/1/5 3315/2/5 3309/4/5 2947/3/5
f 2975/3/2 2955/1/2 3310/2/2 3316/4/2
f 2977/1/5 3317/2/5 3311/4/5 2957/3/5
f 2980/3/2 2960/1/2 3312/2/2 3318/4/2
f 2982/1/5 3319/2/5 3313/4/5 2962/3/5
f 2985/3/2 2965/1/2 3314/2/2 3320/4/2
f 2987/1/5 3321/2/5 3315/4/5 2967/3/5
f 2995/3/2 2975/1/2 3316/2/2 3322/4/2
f 2997/1/5 3323/2/5 3317/4/5 2977/3/5
f 3000/3/2 2980/1/2 3318/2/2 3324/4/2
f 3002/1/5 3325/2/5 3319/4/5 2982/3/5
f 3003/3/2 2985/1/2 3320/2/2 3326/4/2
f 3004/1/5 3327/2/5 3321/4/5 2987/3/5
f 3009/3/2 2995/1/2 3322/2/2 3328/4/2
f 3010/1/5 3329/2/5 3323/4/5 2997/3/5
f 3012/3/2 3000/1/2 3324/2/2 3330/4/2
f 3013/1/5 3331/2/5 3325/4/5 3002/3/5
f 3015/1/5 3347/2/5 3331/4/5 3013/3/5
f 3016/3/2 3014/1/2 3332/2/2 3348/4/2
f 3018/1/5 3349/2/5 3334/4/5 3019/3/5
f 3032/3/2 3031/1/2 3342/2/2 3350/4/2
f 3034/1/5 3351/2/5 3344/4/5 3035/3/5
f 3039/3/2 3038/1/2 3346/2/2 3352/4/2
f 3040/1/5 3353/2/5 3347/4/5 3015/3/5
f 3041/3/2 3016/1/2 3348/2/2 3354/4/2
f 3043/1/5 3355/2/5 3349/4/5 3018/3/5
f 3051/3/2 3032/1/2 3350/2/2 3356/4/2
f 3053/1/5 3357/2/5 3351/4/5 3034/3/5
f 3055/3/2 3039/1/2 3352/2/2 3358/4/2
f 3056/1/5 3359/2/5 3353/4/5 3040/3/5
f 3057/3/2 3041/1/2 3354/2/2 3360/4/2
f 3059/1/5 3361/2/5 3355/4/5 3043/3/5
f 3067/3/2 3051/1/2 3356/2/2 3362/4/2
f 3069/1/5 3363/2/5 3357/4/5 3053/3/5
f 3071/3/2 3055/1/2 3358/2/2 3364/4/2
f 3072/1/5 3365/2/5 3359/4/5 3056/3/5
f 3073/3/2 3057/1/2 3360/2/2 3366/4/2
f 3074/1/5 3367/2/5 3361/4/5 3059/3/5
f 3080/3/2 3067/1/2 3362/2/2 3368/4/2
f 3082/1/5 3369/2/5 3363/4/5 3069/3/5
f 3084/3/2 3071/1/2 3364/2/2 3370/4/2
f 3085/1/5 3371/2/5 3365/4/5 3072/3/5
f 3086/3/2 3073/1/2 3366/2/2 3372/4/2
f 3087/1/5 3373/2/5 3367/4/5 3074/3/5
f 3092/3/2 3080/1/2 3368/2/2 3374/4/2
f 3094/1/5 3375/2/5 3369/4/5 3082/3/5
f 3096/3/2 3084/1/2 3370/2/2 3376/4/2
f 3097/1/5 3377/2/5 3371/4/5 3085/3/5
f 3098/3/2 3086/1/2 3372/2/2 3378/4/2
f 3099/1/5 3379/2/5 3373/4/5 3087/3/5
f 3104/3/2 3092/1/2 3374/2/2 3380/4/2
f 3106/1/5 3381/2/5 3375/4/5 3094/3/5
f 3108/3/2 3096/1/2 3376/2/2 3382/4/2
f 3109/1/5 3383/2/5 3377/4/5 3097/3/5
f 3110/3/2 3098/1/2 3378/2/2 3384/4/2
f 3111/1/5 3385/2/5 3379/4/5 3099/3/5
f 3114/3/2 3104/1/2 3380/2/2 3386/4/2
f 3116/1/5 3387/2/5 3381/4/5 3106/3/5
f 3118/3/2 3108/1/2 3382/2/2 3388/4/2
f 3119/1/5 3389/2/5 3383/4/5 3109/3/5
f 3120/3/2 3110/1/2 3384/2/2 3390/4/2
f 3121/1/5 3391/2/5 3385/4/5 3111/3/5
f 3124/3/2 3114/1/2 3386/2/2 3392/4/2
f 3126/1/5 3393/2/5 3387/4/5 3116/3/5
f 3128/3/2 3118/1/2 3388/2/2 3394/4/2
f 3129/1/5 3395/2/5 3389/4/5 3119/3/5
f 3130/3/2 3120/1/2 3390/2/2 3396/4/2
f 3132/1/5 3397/2/5 3391/4/5 3121/3/5
f 3138/3/2 3124/1/2 3392/2/2 3398/4/2
f 3140/1/5 3399/2/5 3393/4/5 3126/3/5
f 3142/3/2 3128/1/2 3394/2/2 3400/4/2
f 3143/1/5 3401/2/5 3395/4/5 3129/3/5
f 3144/3/2 3130/1/2 3396/2/2 3402/4/2
f 3145/1/5 3403/2/5 3397/4/5 3132/3/5
f 3151/3/2 3138/1/2 3398/2/2 3404/4/2
f 3153/1/5 3405/2/5 3399/4/5 3140/3/5
f 3155/3/2 3142/1/2 3400/2/2 3406/4/2
f 3156/1/5 3407/2/5 3401/4/5 3143/3/5
f 3157/3/2 3144/1/2 3402/2/2 3408/4/2
f 3159/1/5 3409/2/5 3403/4/5 3145/3/5
f 3167/3/2 3151/1/2 3404/2/2 3410/4/2
f 3169/1/5 3411/2/5 3405/4/5 3153/3/5
f 3171/3/2 3155/1/2 3406/2/2 3412/4/2
f 3172/1/5 3413/2/5 3407/4/5 3156/3/5
f 3173/3/2 3157/1/2 3408/2/2 3414/4/2
f 3175/1/5 3415/2/5 3409/4/5 3159/3/5
f 3183/3/2 3167/1/2 3410/2/2 3416/4/2
f 3185/1/5 3417/2/5 3411/4/5 3169/3/5
f 3187/3/2 3171/1/2 3412/2/2 3418/4/2
f 3188/1/5 3419/2/5 3413/4/5 3172/3/5
f 3189/3/2 3173/1/2 3414/2/2 3420/4/2
f 3191/1/5 3421/2/5 3415/4/5 3175/3/5
f 3199/3/2 3183/1/2 3416/2/2 3422/4/2
f 3201/1/5 3423/2/5 3417/4/5 3185/3/5
f 3203/3/2 3187/1/2 3418/2/2 3424/4/2
f 3204/1/5 3425/2/5 3419/4/5 3188/3/5
f 3205/3/2 3189/1/2 3420/2/2 3426/4/2
f 3206/1/5 3427/2/5 3421/4/5 3191/3/5
f 3211/3/2 3199/1/2 3422/2/2 3428/4/2
f 3201/2/3 3202/4/3 3429/3/3 3423/1/3
f 3430/1/4 3423/2/4 3429/4/4 3431/3/4
f 3202/2/3 3203/4/3 3424/3/3 3429/1/3
f 3431/1/4 3429/2/4 3424/4/4 3432/3/4
f 3212/1/5 3433/2/5 3425/4/5 3204/3/5
f 3223/1/5 3448/2/5 3433/4/5 3212/3/5
f 3222/1/6 3447/2/6 3448/4/6 3223/3/6
f 3224/3/2 3219/1/2 3444/2/2 3449/4/2
f 3225/1/5 3450/2/5 3445/4/5 3220/3/5
f 3224/1/6 3449/2/6 3450/4/6 3225/3/6
f 3238/2/3 3240/4/3 3465/3/3 3463/1/3
f 3244/2/3 3246/4/3 3471/3/3 3469/1/3
f 3247/1/5 3472/2/5 3471/4/5 3246/3/5
f 3248/3/2 3226/1/2 3451/2/2 3473/4/2
f 3249/1/5 3474/2/5 3455/4/5 3230/3/5
f 3250/3/2 3239/1/2 3464/2/2 3475/4/2
f 3251/1/5 3476/2/5 3467/4/5 3242/3/5
f 3252/3/2 3245/1/2 3470/2/2 3477/4/2
f 3253/1/5 3478/2/5 3472/4/5 3247/3/5
f 3254/3/2 3248/1/2 3473/2/2 3479/4/2
f 3255/1/5 3480/2/5 3474/4/5 3249/3/5
f 3256/3/2 3250/1/2 3475/2/2 3481/4/2
f 3257/1/5 3482/2/5 3476/4/5 3251/3/5
f 3258/3/2 3252/1/2 3477/2/2 3483/4/2
f 3259/1/5 3484/2/5 3478/4/5 3253/3/5
f 3260/3/2 3254/1/2 3479/2/2 3485/4/2
f 3261/1/5 3486/2/5 3480/4/5 3255/3/5
f 3262/3/2 3256/1/2 3481/2/2 3487/4/2
f 3263/1/5 3488/2/5 3482/4/5 3257/3/5
f 3264/3/2 3258/1/2 3483/2/2 3489/4/2
f 3265/1/5 3490/2/5 3484/4/5 3259/3/5
f 3266/3/2 3260/1/2 3485/2/2 3491/4/2
f 3267/1/5 3492/2/5 3486/4/5 3261/3/5
f 3268/3/2 3262/1/2 3487/2/2 3493/4/2
f 3269/1/5 3494/2/5 3488/4/5 3263/3/5
f 3270/3/2 3264/1/2 3489/2/2 3495/4/2
f 3271/1/5 3496/2/5 3490/4/5 3265/3/5
f 3272/3/2 3266/1/2 3491/2/2 3497/4/2
f 3273/1/5 3498/2/5 3492/4/5 3267/3/5
f 3274/3/2 3268/1/2 3493/2/2 3499/4/2
f 3275/1/5 3500/2/5 3494/4/5 3269/3/5
f 3276/3/2 3270/1/2 3495/2/2 3501/4/2
f 3277/1/5 3502/2/5 3496/4/5 3271/3/5
f 3278/3/2 3272/1/2 3497/2/2 3503/4/2
f 3279/1/5 3504/2/5 3498/4/5 3273/3/5
f 3280/3/2 3274/1/2 3499/2/2 3505/4/2
f 3281/1/5 3506/2/5 3500/4/5 3275/3/5
f 3282/3/2 3276/1/2 3501/2/2 3507/4/2
f 3283/1/5 3508/2/5 3502/4/5 3277/3/5
f 3284/3/2 3278/1/2 3503/2/2 3509/4/2
f 3285/1/5 3510/2/5 3504/4/5 3279/3/5
f 3286/3/2 3280/1/2 3505/2/2 3511/4/2
f 3287/1/5 3512/2/5 3506/4/5 3281/3/5
f 3288/3/2 3282/1/2 3507/2/2 3513/4/2
f 3289/1/5 3514/2/5 3508/4/5 3283/3/5
f 3290/3/2 3284/1/2 3509/2/2 3515/4/2
f 3291/1/5 3516/2/5 3510/4/5 3285/3/5
f 3292/3/2 3286/1/2 3511/2/2 3517/4/2
f 3293/1/5 3518/2/5 3512/4/5 3287/3/5
f 3294/3/2 3288/1/2 3513/2/2 3519/4/2
f 3295/1/5 3520/2/5 3514/4/5 3289/3/5
f 3296/3/2 3290/1/2 3515/2/2 3521/4/2
f 3297/1/5 3522/2/5 3516/4/5 3291/3/5
f 3298/3/2 3292/1/2 3517/2/2 3523/4/2
f 3299/1/5 3524/2/5 3518/4/5 3293/3/5
f 3300/3/2 3294/1/2 3519/2/2 3525/4/2
f 3301/1/5 3526/2/5 3520/4/5 3295/3/5
f 3302/3/2 3296/1/2 3521/2/2 3527/4/2
f 3303/1/5 3528/2/5 3522/4/5 3297/3/5
f 3304/3/2 3298/1/2 3523/2/2 3529/4/2
f 3305/1/5 3530/2/5 3524/4/5 3299/3/5
f 3306/3/2 3300/1/2 3525/2/2 3531/4/2
f 3307/1/5 3532/2/5 3526/4/5 3301/3/5
f 3308/3/2 3302/1/2 3527/2/2 3533/4/2
f 3309/1/5 3534/2/5 3528/4/5 3303/3/5
f 3310/3/2 3304/1/2 3529/2/2 3535/4/2
f 3311/1/5 3536/2/5 3530/4/5 3305/3/5
f 3312/3/2 3306/1/2 3531/2/2 3537/4/2
f 3313/1/5 3538/2/5 3532/4/5 3307/3/5
f 3314/3/2 3308/1/2 3533/2/2 3539/4/2
f 3315/1/5 3540/2/5 3534/4/5 3309/3/5
f 3316/3/2 3310/1/2 3535/2/2 3541/4/2
f 3317/1/5 3542/2/5 3536/4/5 3311/3/5
f 3318/3/2 3312/1/2 3537/2/2 3543/4/2
f 3319/1/5 3544/2/5 3538/4/5 3313/3/5
f 3320/3/2 3314/1/2 3539/2/2 3545/4/2
f 3321/1/5 3546/2/5 3540/4/5 3315/3/5
f 3322/3/2 3316/1/2 3541/2/2 3547/4/2
f 3323/1/5 3548/2/5 3542/4/5 3317/3/5
f 3324/3/2 3318/1/2 3543/2/2 3549/4/2
f 3325/1/5 3550/2/5 3544/4/5 3319/3/5
f 3326/3/2 3320/1/2 3545/2/2 3551/4/2
f 3327/1/5 3552/2/5 3546/4/5 3321/3/5
f 3328/3/2 3322/1/2 3547/2/2 3553/4/2
f 3329/1/5 3554/2/5 3548/4/5 3323/3/5
f 3330/3/2 3324/1/2 3549/2/2 3555/4/2
f 3331/1/5 3556/2/5 3550/4/5 3325/3/5
f 3347/1/5 3572/2/5 3556/4/5 3331/3/5
f 3348/3/2 3332/1/2 3557/2/2 3573/4/2
f 3349/1/5 3574/2/5 3559/4/5 3334/3/5
f 3350/3/2 3342/1/2 3567/2/2 3575/4/2
f 3351/1/5 3576/2/5 3569/4/5 3344/3/5
f 3352/3/2 3346/1/2 3571/2/2 3577/4/2
f 3353/1/5 3578/2/5 3572/4/5 3347/3/5
f 3354/3/2 3348/1/2 3573/2/2 3579/4/2
f 3355/1/5 3580/2/5 3574/4/5 3349/3/5
f 3356/3/2 3350/1/2 3575/2/2 3581/4/2
f 3357/1/5 3582/2/5 3576/4/5 3351/3/5
f 3358/3/2 3352/1/2 3577/2/2 3583/4/2
f 3359/1/5 3584/2/5 3578/4/5 3353/3/5
f 3360/3/2 3354/1/2 3579/2/2 3585/4/2
f 3361/1/5 3586/2/5 3580/4/5 3355/3/5
f 3362/3/2 3356/1/2 3581/2/2 3587/4/2
f 3363/1/5 3588/2/5 3582/4/5 3357/3/5
f 3364/3/2 3358/1/2 3583/2/2 3589/4/2
f 3365/1/5 3590/2/5 3584/4/5 3359/3/5
f 3366/3/2 3360/1/2 3585/2/2 3591/4/2
f 3367/1/5 3592/2/5 3586/4/5 3361/3/5
f 3368/3/2 3362/1/2 3587/2/2 3593/4/2
f 3369/1/5 3594/2/5 3588/4/5 3363/3/5
f 3370/3/2 3364/1/2 3589/2/2 3595/4/2
f 3371/1/5 3596/2/5 3590/4/5 3365/3/5
f 3372/3/2 3366/1/2 3591/2/2 3597/4/2
f 3373/1/5 3598/2/5 3592/4/5 3367/3/5
f 3374/3/2 3368/1/2 3593/2/2 3599/4/2
f 3375/1/5 3600/2/5 3594/4/5 3369/3/5
f 3376/3/2 3370/1/2 3595/2/2 3601/4/2
f 3377/1/5 3602/2/5 3596/4/5 3371/3/5
f 3378/3/2 3372/1/2 3597/2/2 3603/4/2
f 3379/1/5 3604/2/5 3598/4/5 3373/3/5
f 3380/3/2 3374/1/2 3599/2/2 3605/4/2
f 3381/1/5 3606/2/5 3600/4/5 3375/3/5
f 3382/3/2 3376/1/2 3601/2/2 3607/4/2
f 3383/1/5 3608/2/5 3602/4/5 3377/3/5
f 3384/3/2 3378/1/2 3603/2/2 3609/4/2
f 3385/1/5 3610/2/5 3604/4/5 3379/3/5
f 3386/3/2 3380/1/2 3605/2/2 3611/4/2
f 3387/1/5 3612/2/5 3606/4/5 3381/3/5
f 3388/3/2 3382/1/2 3607/2/2 3613/4/2
f 3389/1/5 3614/2/5 3608/4/5 3383/3/5
f 3390/3/2 3384/1/2 3609/2/2 3615/4/2
f 3391/1/5 3616/2/5 3610/4/5 3385/3/5
f 3392/3/2 3386/1/2 3611/2/2 3617/4/2
f 3393/1/5 3618/2/5 3612/4/5 3387/3/5
f 3394/3/2 3388/1/2 3613/2/2 3619/4/2
f 3395/1/5 3620/2/5 3614/4/5 3389/3/5
f 3396/3/2 3390/1/2 3615/2/2 3621/4/2
f 3397/1/5 3622/2/5 3616/4/5 3391/3/5
f 3398/3/2 3392/1/2 3617/2/2 3623/4/2
f 3399/1/5 3624/2/5 3618/4/5 3393/3/5
f 3400/3/2 3394/1/2 3619/2/2 3625/4/2
f 3401/1/5 3626/2/5 3620/4/5 3395/3/5
f 3402/3/2 3396/1/2 3621/2/2 3627/4/2
f 3403/1/5 3628/2/5 3622/4/5 3397/3/5
f 3404/3/2 3398/1/2 3623/2/2 3629/4/2
f 3405/1/5 3630/2/5 3624/4/5 3399/3/5
f 3406/3/2 3400/1/2 3625/2/2 3631/4/2
f 3407/1/5 3632/2/5 3626/4/5 3401/3/5
f 3408/3/2 3402/1/2 3627/2/2 3633/4/2
f 3409/1/5 3634/2/5 3628/4/5 3403/3/5
f 3410/3/2 3404/1/2 3629/2/2 3635/4/2
f 3411/1/5 3636/2/5 3630/4/5 3405/3/5
f 3412/3/2 3406/1/2 3631/2/2 3637/4/2
f 3413/1/5 3638/2/5 3632/4/5 3407/3/5
f 3414/3/2 3408/1/2 3633/2/2 3639/4/2
f 3415/1/5 3640/2/5 3634/4/5 3409/3/5
f 3416/3/2 3410/1/2 3635/2/2 3641/4/2
f 3417/1/5 3642/2/5 3636/4/5 3411/3/5
f 3418/3/2 3412/1/2 3637/2/2 3643/4/2
f 3419/1/5 3644/2/5 3638/4/5 3413/3/5
f 3420/3/2 3414/1/2 3639/2/2 3645/4/2
f 3421/1/5 3646/2/5 3640/4/5 3415/3/5
f 3422/3/2 3416/1/2 3641/2/2 3647/4/2
f 3423/1/5 3648/2/5 3642/4/5 3417/3/5
f 3424/3/2 3418/1/2 3643/2/2 3649/4/2
f 3425/1/5 3650/2/5 3644/4/5 3419/3/5
f 3426/3/2 3420/1/2 3645/2/2 3651/4/2
f 3427/1/5 3652/2/5 3646/4/5 3421/3/5
f 3428/3/2 3422/1/2 3647/2/2 3653/4/2
f 3430/1/5 3654/2/5 3648/4/5 3423/3/5
f 3432/3/2 3424/1/2 3649/2/2 3655/4/2
f 3433/1/5 3656/2/5 3650/4/5 3425/3/5
f 3448/1/5 3672/2/5 3656/4/5 3433/3/5
f 3447/1/6 3671/2/6 3672/4/6 3448/3/6
f 3449/3/2 3444/1/2 3667/2/2 3673/4/2
f 3450/1/5 3674/2/5 3669/4/5 3445/3/5
f 3449/1/6 3673/2/6 3674/4/6 3450/3/6
f 3463/2/3 3465/4/3 3689/3/3 3687/1/3
f 3469/2/3 3471/4/3 3695/3/3 3693/1/3
f 3472/1/5 3696/2/5 3695/4/5 3471/3/5
f 3473/3/2 3451/1/2 3675/2/2 3697/4/2
f 3474/1/5 3698/2/5 3679/4/5 3455/3/5
f 3475/3/2 3464/1/2 3688/2/2 3699/4/2
f 3476/1/5 3700/2/5 3691/4/5 3467/3/5
f 3477/3/2 3470/1/2 3694/2/2 3701/4/2
f 3478/1/5 3702/2/5 3696/4/5 3472/3/5
f 3479/3/2 3473/1/2 3697/2/2 3703/4/2
f 3480/1/5 3704/2/5 3698/4/5 3474/3/5
f 3481/3/2 3475/1/2 3699/2/2 3705/4/2
f 3482/1/5 3706/2/5 3700/4/5 3476/3/5
f 3483/3/2 3477/1/2 3701/2/2 3707/4/2
f 3484/1/5 3708/2/5 3702/4/5 3478/3/5
f 3485/3/2 3479/1/2 3703/2/2 3709/4/2
f 3486/1/5 3710/2/5 3704/4/5 3480/3/5
f 3487/3/2 3481/1/2 3705/2/2 3711/4/2
f 3488/1/5 3712/2/5 3706/4/5 3482/3/5
f 3489/3/2 3483/1/2 3707/2/2 3713/4/2
f 3490/1/5 3714/2/5 3708/4/5 3484/3/5
f 3491/3/2 3485/1/2 3709/2/2 3715/4/2
f 3492/1/5 3716/2/5 3710/4/5 3486/3/5
f 3493/3/2 3487/1/2 3711/2/2 3717/4/2
f 3494/1/5 3718/2/5 3712/4/5 3488/3/5
f 3495/3/2 3489/1/2 3713/2/2 3719/4/2
f 3496/1/5 3720/2/5 3714/4/5 3490/3/5
f 3497/3/2 3491/1/2 3715/2/2 3721/4/2
f 3498/1/5 3722/2/5 3716/4/5 3492/3/5
f 3499/3/2 3493/1/2 3717/2/2 3723/4/2
f 3500/1/5 3724/2/5 3718/4/5 3494/3/5
f 3501/3/2 3495/1/2 3719/2/2 3725/4/2
f 3502/1/5 3726/2/5 3720/4/5 3496/3/5
f 3503/3/2 3497/1/2 3721/2/2 3727/4/2
f 3504/1/5 3728/2/5 3722/4/5 3498/3/5
f 3505/3/2 3499/1/2 3723/2/2 3729/4/2
f 3506/1/5 3730/2/5 3724/4/5 3500/3/5
f 3507/3/2 3501/1/2 3725/2/2 3731/4/2
f 3508/1/5 3732/2/5 3726/4/5 3502/3/5
f 3509/3/2 3503/1/2 3727/2/2 3733/4/2
f 3510/1/5 3734/2/5 3728/4/5 3504/3/5
f 3511/3/2 3505/1/2 3729/2/2 3735/4/2
f 3512/1/5 3736/2/5 3730/4/5 3506/3/5
f 3513/3/2 3507/1/2 3731/2/2 3737/4/2
f 3514/1/5 3738/2/5 3732/4/5 3508/3/5
f 3515/3/2 3509/1/2 3733/2/2 3739/4/2
f 3516/1/5 3740/2/5 3734/4/5 3510/3/5
f 3517/3/2 3511/1/2 3735/2/2 3741/4/2
f 3518/1/5 3742/2/5 3736/4/5 3512/3/5
f 3519/3/2 3513/1/2 3737/2/2 3743/4/2
f 3520/1/5 3744/2/5 3738/4/5 3514/3/5
f 3521/3/2 3515/1/2 3739/2/2 3745/4/2
f 3522/1/5 3746/2/5 3740/4/5 3516/3/5
f 3523/3/2 3517/1/2 3741/2/2 3747/4/2
f 3524/1/5 3748/2/5 3742/4/5 3518/3/5
f 3525/3/2 3519/1/2 3743/2/2 3749/4/2
f 3526/1/5 3750/2/5 3744/4/5 3520/3/5
f 3527/3/2 3521/1/2 3745/2/2 3751/4/2
f 3528/1/5 3752/2/5 3746/4/5 3522/3/5
f 3529/3/2 3523/1/2 3747/2/2 3753/4/2
f 3530/1/5 3754/2/5 3748/4/5 3524/3/5
f 3531/3/2 3525/1/2 3749/2/2 3755/4/2
f 3532/1/5 3756/2/5 3750/4/5 3526/3/5
f 3533/3/2 3527/1/2 3751/2/2 3757/4/2
f 3534/1/5 3758/2/5 3752/4/5 3528/3/5
f 3535/3/2 3529/1/2 3753/2/2 3759/4/2
f 3536/1/5 3760/2/5 3754/4/5 3530/3/5
f 3537/3/2 3531/1/2 3755/2/2 3761/4/2
f 3538/1/5 3762/2/5 3756/4/5 3532/3/5
f 3539/3/2 3533/1/2 3757/2/2 3763/4/2
f 3540/1/5 3764/2/5 3758/4/5 3534/3/5
f 3541/3/2 3535/1/2 3759/2/2 3765/4/2
f 3542/1/5 3766/2/5 3760/4/5 3536/3/5
f 3543/3/2 3537/1/2 3761/2/2 3767/4/2
f 3544/1/5 3768/2/5 3762/4/5 3538/3/5
f 3545/3/2 3539/1/2 3763/2/2 3769/4/2
f 3546/1/5 3770/2/5 3764/4/5 3540/3/5
f 3547/3/2 3541/1/2 3765/2/2 3771/4/2
f 3548/1/5 3772/2/5 3766/4/5 3542/3/5
f 3549/3/2 3543/1/2 3767/2/2 3773/4/2
f 3550/1/5 3774/2/5 3768/4/5 3544/3/5
f 3551/3/2 3545/1/2 3769/2/2 3775/4/2
f 3552/1/5 3776/2/5 3770/4/5 3546/3/5
f 3553/3/2 3547/1/2 3771/2/2 3777/4/2
f 3554/1/5 3778/2/5 3772/4/5 3548/3/5
f 3555/3/2 3549/1/2 3773/2/2 3779/4/2
f 3556/1/5 3780/2/5 3774/4/5 3550/3/5
f 3572/1/5 3796/2/5 3780/4/5 3556/3/5
f 3573/3/2 3557/1/2 3781/2/2 3797/4/2
f 3574/1/5 3798/2/5 3783/4/5 3559/3/5
f 3575/3/2 3567/1/2 3791/2/2 3799/4/2
f 3576/1/5 3800/2/5 3793/4/5 3569/3/5
f 3577/3/2 3571/1/2 3795/2/2 3801/4/2
f 3578/1/5 3802/2/5 3796/4/5 3572/3/5
f 3579/3/2 3573/1/2 3797/2/2 3803/4/2
f 3580/1/5 3804/2/5 3798/4/5 3574/3/5
f 3581/3/2 3575/1/2 3799/2/2 3805/4/2
f 3582/1/5 3806/2/5 3800/4/5 3576/3/5
f 3583/3/2 3577/1/2 3801/2/2 3807/4/2
f 3584/1/5 3808/2/5 3802/4/5 3578/3/5
f 3585/3/2 3579/1/2 3803/2/2 3809/4/2
f 3586/1/5 3810/2/5 3804/4/5 3580/3/5
f 3587/3/2 3581/1/2 3805/2/2 3811/4/2
f 3588/1/5 3812/2/5 3806/4/5 3582/3/5
f 3589/3/2 3583/1/2 3807/2/2 3813/4/2
f 3590/1/5 3814/2/5 3808/4/5 3584/3/5
f 3591/3/2 3585/1/2 3809/2/2 3815/4/2
f 3592/1/5 3816/2/5 3810/4/5 3586/3/5
f 3593/3/2 3587/1/2 3811/2/2 3817/4/2
f 3594/1/5 3818/2/5 3812/4/5 3588/3/5
f 3595/3/2 3589/1/2 3813/2/2 3819/4/2
f 3596/1/5 3820/2/5 3814/4/5 3590/3/5
f 3597/3/2 3591/1/2 3815/2/2 3821/4/2
f 3598/1/5 3822/2/5 3816/4/5 3592/3/5
f 3599/3/2 3593/1/2 3817/2/2 3823/4/2
f 3600/1/5 3824/2/5 3818/4/5 3594/3/5
f 3601/3/2 3595/1/2 3819/2/2 3825/4/2
f 3602/1/5 3826/2/5 3820/4/5 3596/3/5
f 3603/3/2 3597/1/2 3821/2/2 3827/4/2
f 3604/1/5 3828/2/5 3822/4/5 3598/3/5
f 3605/3/2 3599/1/2 3823/2/2 3829/4/2
f 3606/1/5 3830/2/5 3824/4/5 3600/3/5
f 3607/3/2 3601/1/2 3825/2/2 3831/4/2
f 3608/1/5 3832/2/5 3826/4/5 3602/3/5
f 3609/3/2 3603/1/2 3827/2/2 3833/4/2
f 3610/1/5 3834/2/5 3828/4/5 3604/3/5
f 3611/3/2 3605/1/2 3829/2/2 3835/4/2
f 3612/1/5 3836/2/5 3830/4/5 3606/3/5
f 3613/3/2 3607/1/2 3831/2/2 3837/4/2
f 3614/1/5 3838/2/5 3832/4/5 3608/3/5
f 3615/3/2 3609/1/2 3833/2/2 3839/4/2
f 3616/1/5 3840/2/5 3834/4/5 3610/3/5
f 3617/3/2 3611/1/2 3835/2/2 3841/4/2
f 3618/1/5 3842/2/5 3836/4/5 3612/3/5
f 3619/3/2 3613/1/2 3837/2/2 3843/4/2
f 3620/1/5 3844/2/5 3838/4/5 3614/3/5
f 3621/3/2 3615/1/2 3839/2/2 3845/4/2
f 3622/1/5 3846/2/5 3840/4/5 3616/3/5
f 3623/3/2 3617/1/2 3841/2/2 3847/4/2
f 3624/1/5 3848/2/5 3842/4/5 3618/3/5
f 3625/3/2 3619/1/2 3843/2/2 3849/4/2
f 3626/1/5 3850/2/5 3844/4/5 3620/3/5
f 3627/3/2 3621/1/2 3845/2/2 3851/4/2
f 3628/1/5 3852/2/5 3846/4/5 3622/3/5
f 3629/3/2 3623/1/2 3847/2/2 3853/4/2
f 3630/1/5 3854/2/5 3848/4/5 3624/3/5
f 3631/3/2 3625/1/2 3849/2/2 3855/4/2
f 3632/1/5 3856/2/5 3850/4/5 3626/3/5
f 3633/3/2 3627/1/2 3851/2/2 3857/4/2
f 3634/1/5 3858/2/5 3852/4/5 3628/3/5
f 3635/3/2 3629/1/2 3853/2/2 3859/4/2
f 3636/1/5 3860/2/5 3854/4/5 3630/3/5
f 3637/3/2 3631/1/2 3855/2/2 3861/4/2
f 3638/1/5 3862/2/5 3856/4/5 3632/3/5
f 3639/3/2 3633/1/2 3857/2/2 3863/4/2
f 3640/1/5 3864/2/5 3858/4/5 3634/3/5
f 3641/3/2 3635/1/2 3859/2/2 3865/4/2
f 3642/1/5 3866/2/5 3860/4/5 3636/3/5
f 3643/3/2 3637/1/2 3861/2/2 3867/4/2
f 3644/1/5 3868/2/5 3862/4/5 3638/3/5
f 3645/3/2 3639/1/2 3863/2/2 3869/4/2
f 3646/1/5 3870/2/5 3864/4/5 3640/3/5
f 3647/3/2 3641/1/2 3865/2/2 3871/4/2
f 3648/1/5 3872/2/5 3866/4/5 3642/3/5
f 3649/3/2 3643/1/2 3867/2/2 3873/4/2
f 3650/1/5 3874/2/5 3868/4/5 3644/3/5
f 3651/3/2 3645/1/2 3869/2/2 3875/4/2
f 3652/1/5 3876/2/5 3870/4/5 3646/3/5
f 3653/3/2 3647/1/2 3871/2/2 3877/4/2
f 3654/1/5 3878/2/5 3872/4/5 3648/3/5
f 3655/3/2 3649/1/2 3873/2/2 3879/4/2
f 3656/1/5 3880/2/5 3874/4/5 3650/3/5
f 3672/1/5 3896/2/5 3880/4/5 3656/3/5
f 3671/1/6 3895/2/6 3896/4/6 3672/3/6
f 3673/3/2 3667/1/2 3891/2/2 3897/4/2
f 3674/1/5 3898/2/5 3893/4/5 3669/3/5
f 3673/1/6 3897/2/6 3898/4/6 3674/3/6
f 3687/2/3 3689/4/3 3913/3/3 3911/1/3
f 3693/2/3 3695/4/3 3919/3/3 3917/1/3
f 3696/1/5 3920/2/5 3919/4/5 3695/3/5
f 3697/3/2 3675/1/2 3899/2/2 3921/4/2
f 3698/1/5 3922/2/5 3903/4/5 3679/3/5
f 3699/3/2 3688/1/2 3912/2/2 3923/4/2
f 3700/1/5 3924/2/5 3915/4/5 3691/3/5
f 3701/3/2 3694/1/2 3918/2/2 3925/4/2
f 3702/1/5 3926/2/5 3920/4/5 3696/3/5
f 3703/3/2 3697/1/2 3921/2/2 3927/4/2
f 3704/1/5 3928/2/5 3922/4/5 3698/3/5
f 3705/3/2 3699/1/2 3923/2/2 3929/4/2
f 3706/1/5 3930/2/5 3924/4/5 3700/3/5
f 3707/3/2 3701/1/2 3925/2/2 3931/4/2
f 3708/1/5 3932/2/5 3926/4/5 3702/3/5
f 3709/3/2 3703/1/2 3927/2/2 3933/4/2
f 3710/1/5 3934/2/5 3928/4/5 3704/3/5
f 3711/3/2 3705/1/2 3929/2/2 3935/4/2
f 3712/1/5 3936/2/5 3930/4/5 3706/3/5
f 3713/3/2 3707/1/2 3931/2/2 3937/4/2
f 3714/1/5 3938/2/5 3932/4/5 3708/3/5
f 3715/3/2 3709/1/2 3933/2/2 3939/4/2
f 3716/1/5 3940/2/5 3934/4/5 3710/3/5
f 3717/3/2 3711/1/2 3935/2/2 3941/4/2
f 3718/1/5 3942/2/5 3936/4/5 3712/3/5
f 3719/3/2 3713/1/2 3937/2/2 3943/4/2
f 3720/1/5 3944/2/5 3938/4/5 3714/3/5
f 3721/3/2 3715/1/2 3939/2/2 3945/4/2
f 3722/1/5 3946/2/5 3940/4/5 3716/3/5
f 3723/3/2 3717/1/2 3941/2/2 3947/4/2
f 3724/1/5 3948/2/5 3942/4/5 3718/3/5
f 3725/3/2 3719/1/2 3943/2/2 3949/4/2
f 3726/1/5 3950/2/5 3944/4/5 3720/3/5
f 3727/3/2 3721/1/2 3945/2/2 3951/4/2
f 3728/1/5 3952/2/5 3946/4/5 3722/3/5
f 3729/3/2 3723/1/2 3947/2/2 3953/4/2
f 3730/1/5 3954/2/5 3948/4/5 3724/3/5
f 3731/3/2 3725/1/2 3949/2/2 3955/4/2
f 3732/1/5 3956/2/5 3950/4/5 3726/3/5
f 3733/3/2 3727/1/2 3951/2/2 3957/4/2
f 3734/1/5 3958/2/5 3952/4/5 3728/3/5
f 3735/3/2 3729/1/2 3953/2/2 3959/4/2
f 3736/1/5 3960/2/5 3954/4/5 3730/3/5
f 3737/3/2 3731/1/2 3955/2/2 3961/4/2
f 3738/1/5 3962/2/5 3956/4/5 3732/3/5
f 3739/3/2 3733/1/2 3957/2/2 3963/4/2
f 3740/1/5 3964/2/5 3958/4/5 3734/3/5
f 3741/3/2 3735/1/2 3959/2/2 3965/4/2
f 3742/1/5 3966/2/5 3960/4/5 3736/3/5
f 3743/3/2 3737/1/2 3961/2/2 3967/4/2
f 3744/1/5 3968/2/5 3962/4/5 3738/3/5
f 3745/3/2 3739/1/2 3963/2/2 3969/4/2
f 3746/1/5 3970/2/5 3964/4/5 3740/3/5
f 3747/3/2 3741/1/2 3965/2/2 3971/4/2
f 3748/1/5 3972/2/5 3966/4/5 3742/3/5
f 3749/3/2 3743/1/2 3967/2/2 3973/4/2
f 3750/1/5 3974/2/5 3968/4/5 3744/3/5
f 3751/3/2 3745/1/2 3969/2/2 3975/4/2
f 3752/1/5 3976/2/5 3970/4/5 3746/3/5
f 3753/3/2 3747/1/2 3971/2/2 3977/4/2
f 3754/1/5 3978/2/5 3972/4/5 3748/3/5
f 3755/3/2 3749/1/2 3973/2/2 3979/4/2
f 3756/1/5 3980/2/5 3974/4/5 3750/3/5
f 3757/3/2 3751/1/2 3975/2/2 3981/4/2
f 3758/1/5 3982/2/5 3976/4/5 3752/3/5
f 3759/3/2 3753/1/2 3977/2/2 3983/4/2
f 3760/1/5 3984/2/5 3978/4/5 3754/3/5
f 3761/3/2 3755/1/2 3979/2/2 3985/4/2
f 3762/1/5 3986/2/5 3980/4/5 3756/3/5
f 3763/3/2 3757/1/2 3981/2/2 3987/4/2
f 3764/1/5 3988/2/5 3982/4/5 3758/3/5
f 3765/3/2 3759/1/2 3983/2/2 3989/4/2
f 3766/1/5 3990/2/5 3984/4/5 3760/3/5
f 3767/3/2 3761/1/2 3985/2/2 3991/4/2
f 3768/1/5 3992/2/5 3986/4/5 3762/3/5
f 3769/3/2 3763/1/2 3987/2/2 3993/4/2
f 3770/1/5 3994/2/5 3988/4/5 3764/3/5
f 3771/3/2 3765/1/2 3989/2/2 3995/4/2
f 3772/1/5 3996/2/5 3990/4/5 3766/3/5
f 3773/3/2 3767/1/2 3991/2/2 3997/4/2
f 3774/1/5 3998/2/5 3992/4/5 3768/3/5
f 3775/3/2 3769/1/2 3993/2/2 3999/4/2
f 3776/1/5 4000/2/5 3994/4/5 3770/3/5
f 3777/3/2 3771/1/2 3995/2/2 4001/4/2
f 3778/1/5 4002/2/5 3996/4/5 3772/3/5
f 3779/3/2 3773/1/2 3997/2/2 4003/4/2
f 3780/1/5 4004/2/5 3998/4/5 3774/3/5
f 3796/1/5 4020/2/5 4004/4/5 3780/3/5
f 3797/3/2 3781/1/2 4005/2/2 4021/4/2
f 3798/1/5 4022/2/5 4007/4/5 3783/3/5
f 3799/3/2 3791/1/2 4015/2/2 4023/4/2
f 3800/1/5 4024/2/5 4017/4/5 3793/3/5
f 3801/3/2 3795/1/2 4019/2/2 4025/4/2
f 3802/1/5 4026/2/5 4020/4/5 3796/3/5
f 3803/3/2 3797/1/2 4021/2/2 4027/4/2
f 3804/1/5 4028/2/5 4022/4/5 3798/3/5
f 3805/3/2 3799/1/2 4023/2/2 4029/4/2
f 3806/1/5 4030/2/5 4024/4/5 3800/3/5
f 3807/3/2 3801/1/2 4025/2/2 4031/4/2
f 3808/1/5 4032/2/5 4026/4/5 3802/3/5
f 3809/3/2 3803/1/2 4027/2/2 4033/4/2
f 3810/1/5 4034/2/5 4028/4/5 3804/3/5
f 3811/3/2 3805/1/2 4029/2/2 4035/4/2
f 3812/1/5 4036/2/5 4030/4/5 3806/3/5
f 3813/3/2 3807/1/2 4031/2/2 4037/4/2
f 3814/1/5 4038/2/5 4032/4/5 3808/3/5
f 3815/3/2 3809/1/2 4033/2/2 4039/4/2
f 3816/1/5 4040/2/5 4034/4/5 3810/3/5
f 3817/3/2 3811/1/2 4035/2/2 4041/4/2
f 3818/1/5 4042/2/5 4036/4/5 3812/3/5
f 3819/3/2 3813/1/2 4037/2/2 4043/4/2
f 3820/1/5 4044/2/5 4038/4/5 3814/3/5
f 3821/3/2 3815/1/2 4039/2/2 4045/4/2
f 3822/1/5 4046/2/5 4040/4/5 3816/3/5
f 3823/3/2 3817/1/2 4041/2/2 4047/4/2
f 3824/1/5 4048/2/5 4042/4/5 3818/3/5
f 3825/3/2 3819/1/2 4043/2/2 4049/4/2
f 3826/1/5 4050/2/5 4044/4/5 3820/3/5
f 3827/3/2 3821/1/2 4045/2/2 4051/4/2
f 3828/1/5 4052/2/5 4046/4/5 3822/3/5
f 3829/3/2 3823/1/2 4047/2/2 4053/4/2
f 3830/1/5 4054/2/5 4048/4/5 3824/3/5
f 3831/3/2 3825/1/2 4049/2/2 4055/4/2
f 3832/1/5 4056/2/5 4050/4/5 3826/3/5
f 3833/3/2 3827/1/2 4051/2/2 4057/4/2
f 3834/1/5 4058/2/5 4052/4/5 3828/3/5
f 3835/3/2 3829/1/2 4053/2/2 4059/4/2
f 3836/1/5 4060/2/5 4054/4/5 3830/3/5
f 3837/3/2 3831/1/2 4055/2/2 4061/4/2
f 3838/1/5 4062/2/5 4056/4/5 3832/3/5
f 3839/3/2 3833/1/2 4057/2/2 4063/4/2
f 3840/1/5 4064/2/5 4058/4/5 3834/3/5
f 3841/3/2 3835/1/2 4059/2/2 4065/4/2
f 3842/1/5 4066/2/5 4060/4/5 3836/3/5
f 3843/3/2 3837/1/2 4061/2/2 4067/4/2
f 3844/1/5 4068/2/5 4062/4/5 3838/3/5
f 3845/3/2 3839/1/2 4063/2/2 4069/4/2
f 3846/1/5 4070/2/5 4064/4/5 3840/3/5
f 3847/3/2 3841/1/2 4065/2/2 4071/4/2
f 3848/1/5 4072/2/5 4066/4/5 3842/3/5
f 3849/3/2 3843/1/2 4067/2/2 4073/4/2
f 3850/1/5 4074/2/5 4068/4/5 3844/3/5
f 3851/3/2 3845/1/2 4069/2/2 4075/4/2
f 3852/1/5 4076/2/5 4070/4/5 3846/3/5
f 3853/3/2 3847/1/2 4071/2/2 4077/4/2
f 3854/1/5 4078/2/5 4072/4/5 3848/3/5
f 3855/3/2 3849/1/2 4073/2/2 4079/4/2
f 3856/1/5 4080/2/5 4074/4/5 3850/3/5
f 3857/3/2 3851/1/2 4075/2/2 4081/4/2
f 3858/1/5 4082/2/5 4076/4/5 3852/3/5
f 3859/3/2 3853/1/2 4077/2/2 4083/4/2
f 3860/1/5 4084/2/5 4078/4/5 3854/3/5
f 3861/3/2 3855/1/2 4079/2/2 4085/4/2
f 3862/1/5 4086/2/5 4080/4/5 3856/3/5
f 3863/3/2 3857/1/2 4081/2/2 4087/4/2
f 3864/1/5 4088/2/5 4082/4/5 3858/3/5
f 3865/3/2 3859/1/2 4083/2/2 4089/4/2
f 3866/1/5 4090/2/5 4084/4/5 3860/3/5
f 3867/3/2 3861/1/2 4085/2/2 4091/4/2
f 3868/1/5 4092/2/5 4086/4/5 3862/3/5
f 3869/3/2 3863/1/2 4087/2/2 4093/4/2
f 3870/1/5 4094/2/5 4088/4/5 3864/3/5
f 3871/3/2 3865/1/2 4089/2/2 4095/4/2
f 3872/1/5 4096/2/5 4090/4/5 3866/3/5
f 3873/3/2 3867/1/2 4091/2/2 4097/4/2
f 3874/1/5 4098/2/5 4092/4/5 3868/3/5
f 3875/3/2 3869/1/2 4093/2/2 4099/4/2
f 3876/1/5 4100/2/5 4094/4/5 3870/3/5
f 3877/3/2 3871/1/2 4095/2/2 4101/4/2
f 3878/1/5 4102/2/5 4096/4/5 3872/3/5
f 3879/3/2 3873/1/2 4097/2/2 4103/4/2
f 3880/1/5 4104/2/5 4098/4/5 3874/3/5
f 3896/1/5 4120/2/5 4104/4/5 3880/3/5
f 3895/1/6 4119/2/6 4120/4/6 3896/3/6
f 3897/3/2 3891/1/2 4115/2/2 4121/4/2
f 3898/1/5 4122/2/5 4117/4/5 3893/3/5
f 3897/1/6 4121/2/6 4122/4/6 3898/3/6
f 3911/2/3 3913/4/3 4137/3/3 4135/1/3
f 3917/2/3 3919/4/3 4143/3/3 4141/1/3
f 3920/1/5 4144/2/5 4143/4/5 3919/3/5
f 3921/3/2 3899/1/2 4123/2/2 4145/4/2
f 3922/1/5 4146/2/5 4127/4/5 3903/3/5
f 3923/3/2 3912/1/2 4136/2/2 4147/4/2
f 3924/1/5 4148/2/5 4139/4/5 3915/3/5
f 3925/3/2 3918/1/2 4142/2/2 4149/4/2
f 3926/1/5 4150/2/5 4144/4/5 3920/3/5
f 3927/3/2 3921/1/2 4145/2/2 4151/4/2
f 3928/1/5 4152/2/5 4146/4/5 3922/3/5
f 3929/3/2 3923/1/2 4147/2/2 4153/4/2
f 3930/1/5 4154/2/5 4148/4/5 3924/3/5
f 3931/3/2 3925/1/2 4149/2/2 4155/4/2
f 3932/1/5 4156/2/5 4150/4/5 3926/3/5
f 3933/3/2 3927/1/2 4151/2/2 4157/4/2
f 3934/1/5 4158/2/5 4152/4/5 3928/3/5
f 3935/3/2 3929/1/2 4153/2/2 4159/4/2
f 3936/1/5 4160/2/5 4154/4/5 3930/3/5
f 3937/3/2 3931/1/2 4155/2/2 4161/4/2
f 3938/1/5 4162/2/5 4156/4/5 3932/3/5
f 3939/3/2 3933/1/2 4157/2/2 4163/4/2
f 3940/1/5 4164/2/5 4158/4/5 3934/3/5
f 3941/3/2 3935/1/2 4159/2/2 4165/4/2
f 3942/1/5 4166/2/5 4160/4/5 3936/3/5
f 3943/3/2 3937/1/2 4161/2/2 4167/4/2
f 3944/1/5 4168/2/5 4162/4/5 3938/3/5
f 3945/3/2 3939/1/2 4163/2/2 4169/4/2
f 3946/1/5 4170/2/5 4164/4/5 3940/3/5
f 3947/3/2 3941/1/2 4165/2/2 4171/4/2
f 3948/1/5 4172/2/5 4166/4/5 3942/3/5
f 3949/3/2 3943/1/2 4167/2/2 4173/4/2
f 3950/1/5 4174/2/5 4168/4/5 3944/3/5
f 3951/3/2 3945/1/2 4169/2/2 4175/4/2
f 3952/1/5 4176/2/5 4170/4/5 3946/3/5
f 3953/3/2 3947/1/2 4171/2/2 4177/4/2
f 3954/1/5 4178/2/5 4172/4/5 3948/3/5
f 3955/3/2 3949/1/2 4173/2/2 4179/4/2
f 3956/1/5 4180/2/5 4174/4/5 3950/3/5
f 3957/3/2 3951/1/2 4175/2/2 4181/4/2
f 3958/1/5 4182/2/5 4176/4/5 3952/3/5
f 3959/3/2 3953/1/2 4177/2/2 4183/4/2
f 3960/1/5 4184/2/5 4178/4/5 3954/3/5
f 3961/3/2 3955/1/2 4179/2/2 4185/4/2
f 3962/1/5 4186/2/5 4180/4/5 3956/3/5
f 3963/3/2 3957/1/2 4181/2/2 4187/4/2
f 3964/1/5 4188/2/5 4182/4/5 3958/3/5
f 3965/3/2 3959/1/2 4183/2/2 4189/4/2
f 3966/1/5 4190/2/5 4184/4/5 3960/3/5
f 3967/3/2 3961/1/2 4185/2/2 4191/4/2
f 3968/1/5 4192/2/5 4186/4/5 3962/3/5
f 3969/3/2 3963/1/2 4187/2/2 4193/4/2
f 3970/1/5 4194/2/5 4188/4/5 3964/3/5
f 3971/3/2 3965/1/2 4189/2/2 4195/4/2
f 3972/1/5 4196/2/5 4190/4/5 3966/3/5
f 3973/3/2 3967/1/2 4191/2/2 4197/4/2
f 3974/1/5 4198/2/5 4192/4/5 3968/3/5
f 3975/3/2 3969/1/2 4193/2/2 4199/4/2
f 3976/1/5 4200/2/5 4194/4/5 3970/3/5
f 3977/3/2 3971/1/2 4195/2/2 4201/4/2
f 3978/1/5 4202/2/5 4196/4/5 3972/3/5
f 3979/3/2 3973/1/2 4197/2/2 4203/4/2
f 3980/1/5 4204/2/5 4198/4/5 3974/3/5
f 3981/3/2 3975/1/2 4199/2/2 4205/4/2
f 3982/1/5 4206/2/5 4200/4/5 3976/3/5
f 3983/3/2 3977/1/2 4201/2/2 4207/4/2
f 3984/1/5 4208/2/5 4202/4/5 3978/3/5
f 3985/3/2 3979/1/2 4203/2/2 4209/4/2
f 3986/1/5 4210/2/5 4204/4/5 3980/3/5
f 3987/3/2 3981/1/2 4205/2/2 4211/4/2
f 3988/1/5 4212/2/5 4206/4/5 3982/3/5
f 3989/3/2 3983/1/2 4207/2/2 4213/4/2
f 3990/1/5 4214/2/5 4208/4/5 3984/3/5
f 3991/3/2 3985/1/2 4209/2/2 4215/4/2
f 3992/1/5 4216/2/5 4210/4/5 3986/3/5
f 3993/3/2 3987/1/2 4211/2/2 4217/4/2
f 3994/1/5 4218/2/5 4212/4/5 3988/3/5
f 3995/3/2 3989/1/2 4213/2/2 4219/4/2
f 3996/1/5 4220/2/5 4214/4/5 3990/3/5
f 3997/3/2 3991/1/2 4215/2/2 4221/4/2
f 3998/1/5 4222/2/5 4216/4/5 3992/3/5
f 3999/3/2 3993/1/2 4217/2/2 4223/4/2
f 4000/2/1 4006/4/1 4224/3/1 3994/1/1
f 3994/2/3 4224/4/3 4225/3/3 4218/1/3
f 4006/2/1 4009/4/1 4226/3/1 4224/1/1
f 4224/2/3 4226/4/3 4227/3/3 4225/1/3
f 4009/2/1 4011/4/1 4228/3/1 4226/1/1
f 4226/2/3 4228/4/3 4229/3/3 4227/1/3
f 4011/1/5 4230/2/5 4229/4/5 4228/3/5
f 4001/3/2 3995/1/2 4219/2/2 4231/4/2
f 4002/1/5 4232/2/5 4220/4/5 3996/3/5
f 4003/3/2 3997/1/2 4221/2/2 4233/4/2
f 4004/1/5 4234/2/5 4222/4/5 3998/3/5
f 4020/1/5 4247/2/5 4234/4/5 4004/3/5
f 4021/3/2 4005/1/2 4235/2/2 4248/4/2
f 4022/1/5 4249/2/5 4236/4/5 4007/3/5
f 4023/3/2 4015/1/2 4242/2/2 4250/4/2
f 4024/1/5 4251/2/5 4244/4/5 4017/3/5
f 4025/3/2 4019/1/2 4246/2/2 4252/4/2
f 4026/1/5 4253/2/5 4247/4/5 4020/3/5
f 4027/3/2 4021/1/2 4248/2/2 4254/4/2
f 4028/1/5 4255/2/5 4249/4/5 4022/3/5
f 4029/3/2 4023/1/2 4250/2/2 4256/4/2
f 4030/1/5 4257/2/5 4251/4/5 4024/3/5
f 4031/3/2 4025/1/2 4252/2/2 4258/4/2
f 4032/1/5 4259/2/5 4253/4/5 4026/3/5
f 4033/3/2 4027/1/2 4254/2/2 4260/4/2
f 4034/1/5 4261/2/5 4255/4/5 4028/3/5
f 4035/3/2 4029/1/2 4256/2/2 4262/4/2
f 4036/1/5 4263/2/5 4257/4/5 4030/3/5
f 4037/3/2 4031/1/2 4258/2/2 4264/4/2
f 4038/1/5 4265/2/5 4259/4/5 4032/3/5
f 4039/3/2 4033/1/2 4260/2/2 4266/4/2
f 4040/1/5 4267/2/5 4261/4/5 4034/3/5
f 4041/3/2 4035/1/2 4262/2/2 4268/4/2
f 4042/1/5 4269/2/5 4263/4/5 4036/3/5
f 4043/3/2 4037/1/2 4264/2/2 4270/4/2
f 4044/1/5 4271/2/5 4265/4/5 4038/3/5
f 4045/3/2 4039/1/2 4266/2/2 4272/4/2
f 4046/1/5 4273/2/5 4267/4/5 4040/3/5
f 4047/3/2 4041/1/2 4268/2/2 4274/4/2
f 4048/1/5 4275/2/5 4269/4/5 4042/3/5
f 4049/3/2 4043/1/2 4270/2/2 4276/4/2
f 4050/1/5 4277/2/5 4271/4/5 4044/3/5
f 4051/3/2 4045/1/2 4272/2/2 4278/4/2
f 4052/1/5 4279/2/5 4273/4/5 4046/3/5
f 4053/3/2 4047/1/2 4274/2/2 4280/4/2
f 4054/1/5 4281/2/5 4275/4/5 4048/3/5
f 4055/3/2 4049/1/2 4276/2/2 4282/4/2
f 4056/1/5 4283/2/5 4277/4/5 4050/3/5
f 4057/3/2 4051/1/2 4278/2/2 4284/4/2
f 4058/1/5 4285/2/5 4279/4/5 4052/3/5
f 4059/3/2 4053/1/2 4280/2/2 4286/4/2
f 4060/1/5 4287/2/5 4281/4/5 4054/3/5
f 4061/3/2 4055/1/2 4282/2/2 4288/4/2
f 4062/1/5 4289/2/5 4283/4/5 4056/3/5
f 4063/3/2 4057/1/2 4284/2/2 4290/4/2
f 4064/1/5 4291/2/5 4285/4/5 4058/3/5
f 4065/3/2 4059/1/2 4286/2/2 4292/4/2
f 4066/1/5 4293/2/5 4287/4/5 4060/3/5
f 4067/3/2 4061/1/2 4288/2/2 4294/4/2
f 4068/1/5 4295/2/5 4289/4/5 4062/3/5
f 4069/3/2 4063/1/2 4290/2/2 4296/4/2
f 4070/1/5 4297/2/5 4291/4/5 4064/3/5
f 4071/3/2 4065/1/2 4292/2/2 4298/4/2
f 4072/1/5 4299/2/5 4293/4/5 4066/3/5
f 4073/3/2 4067/1/2 4294/2/2 4300/4/2
f 4074/1/5 4301/2/5 4295/4/5 4068/3/5
f 4075/3/2 4069/1/2 4296/2/2 4302/4/2
f 4076/1/5 4303/2/5 4297/4/5 4070/3/5
f 4077/3/2 4071/1/2 4298/2/2 4304/4/2
f 4078/1/5 4305/2/5 4299/4/5 4072/3/5
f 4079/3/2 4073/1/2 4300/2/2 4306/4/2
f 4080/1/5 4307/2/5 4301/4/5 4074/3/5
f 4081/3/2 4075/1/2 4302/2/2 4308/4/2
f 4082/1/5 4309/2/5 4303/4/5 4076/3/5
f 4083/3/2 4077/1/2 4304/2/2 4310/4/2
f 4084/1/5 4311/2/5 4305/4/5 4078/3/5
f 4085/3/2 4079/1/2 4306/2/2 4312/4/2
f 4086/1/5 4313/2/5 4307/4/5 4080/3/5
f 4087/3/2 4081/1/2 4308/2/2 4314/4/2
f 4088/1/5 4315/2/5 4309/4/5 4082/3/5
f 4089/3/2 4083/1/2 4310/2/2 4316/4/2
f 4090/1/5 4317/2/5 4311/4/5 4084/3/5
f 4091/3/2 4085/1/2 4312/2/2 4318/4/2
f 4092/1/5 4319/2/5 4313/4/5 4086/3/5
f 4093/3/2 4087/1/2 4314/2/2 4320/4/2
f 4094/1/5 4321/2/5 4315/4/5 4088/3/5
f 4095/3/2 4089/1/2 4316/2/2 4322/4/2
f 4096/1/5 4323/2/5 4317/4/5 4090/3/5
f 4097/3/2 4091/1/2 4318/2/2 4324/4/2
f 4098/1/5 4325/2/5 4319/4/5 4092/3/5
f 4099/3/2 4093/1/2 4320/2/2 4326/4/2
f 4100/2/1 4107/4/1 4327/3/1 4094/1/1
f 4094/2/3 4327/4/3 4328/3/3 4321/1/3
f 4107/2/1 4109/4/1 4329/3/1 4327/1/1
f 4327/2/3 4329/4/3 4330/3/3 4328/1/3
f 4109/2/1 4111/4/1 4331/3/1 4329/1/1
f 4329/2/3 4331/4/3 4332/3/3 4330/1/3
f 4111/1/5 4333/2/5 4332/4/5 4331/3/5
f 4101/3/2 4095/1/2 4322/2/2 4334/4/2
f 4102/1/5 4335/2/5 4323/4/5 4096/3/5
f 4103/3/2 4097/1/2 4324/2/2 4336/4/2
f 4104/1/5 4337/2/5 4325/4/5 4098/3/5
f 4120/1/5 4350/2/5 4337/4/5 4104/3/5
f 4119/1/6 4349/2/6 4350/4/6 4120/3/6
f 4121/3/2 4115/1/2 4345/2/2 4351/4/2
f 4122/1/5 4352/2/5 4347/4/5 4117/3/5
f 4121/1/6 4351/2/6 4352/4/6 4122/3/6
f 4135/2/3 4137/4/3 4367/3/3 4365/1/3
f 4141/2/3 4143/4/3 4373/3/3 4371/1/3
f 4144/1/5 4374/2/5 4373/4/5 4143/3/5
f 4145/3/2 4123/1/2 4353/2/2 4375/4/2
f 4146/1/5 4376/2/5 4357/4/5 4127/3/5
f 4147/3/2 4136/1/2 4366/2/2 4377/4/2
f 4148/1/5 4378/2/5 4369/4/5 4139/3/5
f 4149/3/2 4142/1/2 4372/2/2 4379/4/2
f 4150/1/5 4380/2/5 4374/4/5 4144/3/5
f 4151/3/2 4145/1/2 4375/2/2 4381/4/2
f 4152/1/5 4382/2/5 4376/4/5 4146/3/5
f 4153/3/2 4147/1/2 4377/2/2 4383/4/2
f 4154/1/5 4384/2/5 4378/4/5 4148/3/5
f 4155/3/2 4149/1/2 4379/2/2 4385/4/2
f 4156/1/5 4386/2/5 4380/4/5 4150/3/5
f 4157/3/2 4151/1/2 4381/2/2 4387/4/2
f 4158/1/5 4388/2/5 4382/4/5 4152/3/5
f 4159/3/2 4153/1/2 4383/2/2 4389/4/2
f 4160/1/5 4390/2/5 4384/4/5 4154/3/5
f 4161/3/2 4155/1/2 4385/2/2 4391/4/2
f 4162/1/5 4392/2/5 4386/4/5 4156/3/5
f 4163/3/2 4157/1/2 4387/2/2 4393/4/2
f 4164/1/5 4394/2/5 4388/4/5 4158/3/5
f 4165/3/2 4159/1/2 4389/2/2 4395/4/2
f 4166/1/5 4396/2/5 4390/4/5 4160/3/5
f 4167/3/2 4161/1/2 4391/2/2 4397/4/2
f 4168/1/5 4398/2/5 4392/4/5 4162/3/5
f 4169/3/2 4163/1/2 4393/2/2 4399/4/2
f 4170/1/5 4400/2/5 4394/4/5 4164/3/5
f 4171/3/2 4165/1/2 4395/2/2 4401/4/2
f 4172/1/5 4402/2/5 4396/4/5 4166/3/5
f 4173/3/2 4167/1/2 4397/2/2 4403/4/2
f 4174/1/5 4404/2/5 4398/4/5 4168/3/5
f 4175/3/2 4169/1/2 4399/2/2 4405/4/2
f 4176/1/5 4406/2/5 4400/4/5 4170/3/5
f 4177/3/2 4171/1/2 4401/2/2 4407/4/2
f 4178/1/5 4408/2/5 4402/4/5 4172/3/5
f 4179/3/2 4173/1/2 4403/2/2 4409/4/2
f 4180/1/5 4410/2/5 4404/4/5 4174/3/5
f 4181/3/2 4175/1/2 4405/2/2 4411/4/2
f 4182/1/5 4412/2/5 4406/4/5 4176/3/5
f 4183/3/2 4177/1/2 4407/2/2 4413/4/2
f 4184/1/5 4414/2/5 4408/4/5 4178/3/5
f 4185/3/2 4179/1/2 4409/2/2 4415/4/2
f 4186/1/5 4416/2/5 4410/4/5 4180/3/5
f 4187/3/2 4181/1/2 4411/2/2 4417/4/2
f 4188/1/5 4418/2/5 4412/4/5 4182/3/5
f 4189/3/2 4183/1/2 4413/2/2 4419/4/2
f 4190/1/5 4420/2/5 4414/4/5 4184/3/5
f 4191/3/2 4185/1/2 4415/2/2 4421/4/2
f 4192/1/5 4422/2/5 4416/4/5 4186/3/5
f 4193/3/2 4187/1/2 4417/2/2 4423/4/2
f 4194/1/5 4424/2/5 4418/4/5 4188/3/5
f 4195/3/2 4189/1/2 4419/2/2 4425/4/2
f 4196/1/5 4426/2/5 4420/4/5 4190/3/5
f 4197/3/2 4191/1/2 4421/2/2 4427/4/2
f 4198/1/5 4428/2/5 4422/4/5 4192/3/5
f 4199/3/2 4193/1/2 4423/2/2 4429/4/2
f 4200/1/5 4430/2/5 4424/4/5 4194/3/5
f 4201/3/2 4195/1/2 4425/2/2 4431/4/2
f 4202/1/5 4432/2/5 4426/4/5 4196/3/5
f 4203/3/2 4197/1/2 4427/2/2 4433/4/2
f 4204/1/5 4434/2/5 4428/4/5 4198/3/5
f 4205/3/2 4199/1/2 4429/2/2 4435/4/2
f 4206/1/5 4436/2/5 4430/4/5 4200/3/5
f 4207/3/2 4201/1/2 4431/2/2 4437/4/2
f 4208/1/5 4438/2/5 4432/4/5 4202/3/5
f 4209/3/2 4203/1/2 4433/2/2 4439/4/2
f 4210/1/5 4440/2/5 4434/4/5 4204/3/5
f 4211/3/2 4205/1/2 4435/2/2 4441/4/2
f 4212/1/5 4442/2/5 4436/4/5 4206/3/5
f 4213/3/2 4207/1/2 4437/2/2 4443/4/2
f 4214/1/5 4444/2/5 4438/4/5 4208/3/5
f 4215/3/2 4209/1/2 4439/2/2 4445/4/2
f 4216/1/5 4446/2/5 4440/4/5 4210/3/5
f 4217/3/2 4211/1/2 4441/2/2 4447/4/2
f 4218/1/5 4448/2/5 4442/4/5 4212/3/5
f 4219/3/2 4213/1/2 4443/2/2 4449/4/2
f 4220/1/5 4450/2/5 4444/4/5 4214/3/5
f 4221/3/2 4215/1/2 4445/2/2 4451/4/2
f 4222/1/5 4452/2/5 4446/4/5 4216/3/5
f 4223/3/2 4217/1/2 4447/2/2 4453/4/2
f 4218/2/3 4225/4/3 4454/3/3 4448/1/3
f 4455/1/4 4448/2/4 4454/4/4 4456/3/4
f 4225/2/3 4227/4/3 4457/3/3 4454/1/3
f 4456/1/4 4454/2/4 4457/4/4 4458/3/4
f 4227/2/3 4229/4/3 4459/3/3 4457/1/3
f 4458/1/4 4457/2/4 4459/4/4 4460/3/4
f 4230/2/1 4240/4/1 4461/3/1 4229/1/1
f 4229/2/3 4461/4/3 4462/3/3 4459/1/3
f 4240/1/5 4463/2/5 4462/4/5 4461/3/5
f 4231/3/2 4219/1/2 4449/2/2 4464/4/2
f 4232/1/5 4465/2/5 4450/4/5 4220/3/5
f 4233/3/2 4221/1/2 4451/2/2 4466/4/2
f 4234/1/5 4467/2/5 4452/4/5 4222/3/5
f 4469/1/4 4455/2/4 4456/4/4 4470/3/4
f 4236/1/6 4469/2/6 4470/4/6 4237/3/6
f 4470/1/4 4456/2/4 4458/4/4 4471/3/4
f 4237/1/6 4470/2/6 4471/4/6 4238/3/6
f 4471/1/4 4458/2/4 4460/4/4 4472/3/4
f 4238/1/6 4471/2/6 4472/4/6 4239/3/6
f 4247/1/5 4479/2/5 4467/4/5 4234/3/5
f 4248/3/2 4235/1/2 4468/2/2 4480/4/2
f 4249/1/5 4481/2/5 4469/4/5 4236/3/5
f 4250/3/2 4242/1/2 4474/2/2 4482/4/2
f 4251/1/5 4483/2/5 4476/4/5 4244/3/5
f 4252/3/2 4246/1/2 4478/2/2 4484/4/2
f 4253/1/5 4485/2/5 4479/4/5 4247/3/5
f 4254/3/2 4248/1/2 4480/2/2 4486/4/2
f 4255/1/5 4487/2/5 4481/4/5 4249/3/5
f 4256/3/2 4250/1/2 4482/2/2 4488/4/2
f 4257/1/5 4489/2/5 4483/4/5 4251/3/5
f 4258/3/2 4252/1/2 4484/2/2 4490/4/2
f 4259/1/5 4491/2/5 4485/4/5 4253/3/5
f 4260/3/2 4254/1/2 4486/2/2 4492/4/2
f 4261/1/5 4493/2/5 4487/4/5 4255/3/5
f 4262/3/2 4256/1/2 4488/2/2 4494/4/2
f 4263/1/5 4495/2/5 4489/4/5 4257/3/5
f 4264/3/2 4258/1/2 4490/2/2 4496/4/2
f 4265/1/5 4497/2/5 4491/4/5 4259/3/5
f 4266/3/2 4260/1/2 4492/2/2 4498/4/2
f 4267/1/5 4499/2/5 4493/4/5 4261/3/5
f 4268/3/2 4262/1/2 4494/2/2 4500/4/2
f 4269/1/5 4501/2/5 4495/4/5 4263/3/5
f 4270/3/2 4264/1/2 4496/2/2 4502/4/2
f 4271/1/5 4503/2/5 4497/4/5 4265/3/5
f 4272/3/2 4266/1/2 4498/2/2 4504/4/2
f 4273/1/5 4505/2/5 4499/4/5 4267/3/5
f 4274/3/2 4268/1/2 4500/2/2 4506/4/2
f 4275/1/5 4507/2/5 4501/4/5 4269/3/5
f 4276/3/2 4270/1/2 4502/2/2 4508/4/2
f 4277/1/5 4509/2/5 4503/4/5 4271/3/5
f 4278/3/2 4272/1/2 4504/2/2 4510/4/2
f 4279/1/5 4511/2/5 4505/4/5 4273/3/5
f 4280/3/2 4274/1/2 4506/2/2 4512/4/2
f 4281/1/5 4513/2/5 4507/4/5 4275/3/5
f 4282/3/2 4276/1/2 4508/2/2 4514/4/2
f 4283/1/5 4515/2/5 4509/4/5 4277/3/5
f 4284/3/2 4278/1/2 4510/2/2 4516/4/2
f 4285/1/5 4517/2/5 4511/4/5 4279/3/5
f 4286/3/2 4280/1/2 4512/2/2 4518/4/2
f 4287/1/5 4519/2/5 4513/4/5 4281/3/5
f 4288/3/2 4282/1/2 4514/2/2 4520/4/2
f 4289/1/5 4521/2/5 4515/4/5 4283/3/5
f 4290/3/2 4284/1/2 4516/2/2 4522/4/2
f 4291/1/5 4523/2/5 4517/4/5 4285/3/5
f 4292/3/2 4286/1/2 4518/2/2 4524/4/2
f 4293/1/5 4525/2/5 4519/4/5 4287/3/5
f 4294/3/2 4288/1/2 4520/2/2 4526/4/2
f 4295/1/5 4527/2/5 4521/4/5 4289/3/5
f 4296/3/2 4290/1/2 4522/2/2 4528/4/2
f 4297/1/5 4529/2/5 4523/4/5 4291/3/5
f 4298/3/2 4292/1/2 4524/2/2 4530/4/2
f 4299/1/5 4531/2/5 4525/4/5 4293/3/5
f 4300/3/2 4294/1/2 4526/2/2 4532/4/2
f 4301/1/5 4533/2/5 4527/4/5 4295/3/5
f 4302/3/2 4296/1/2 4528/2/2 4534/4/2
f 4303/1/5 4535/2/5 4529/4/5 4297/3/5
f 4304/3/2 4298/1/2 4530/2/2 4536/4/2
f 4305/1/5 4537/2/5 4531/4/5 4299/3/5
f 4306/3/2 4300/1/2 4532/2/2 4538/4/2
f 4307/1/5 4539/2/5 4533/4/5 4301/3/5
f 4308/3/2 4302/1/2 4534/2/2 4540/4/2
f 4309/1/5 4541/2/5 4535/4/5 4303/3/5
f 4310/3/2 4304/1/2 4536/2/2 4542/4/2
f 4311/1/5 4543/2/5 4537/4/5 4305/3/5
f 4312/3/2 4306/1/2 4538/2/2 4544/4/2
f 4313/1/5 4545/2/5 4539/4/5 4307/3/5
f 4314/3/2 4308/1/2 4540/2/2 4546/4/2
f 4315/1/5 4547/2/5 4541/4/5 4309/3/5
f 4316/3/2 4310/1/2 4542/2/2 4548/4/2
f 4317/1/5 4549/2/5 4543/4/5 4311/3/5
f 4318/3/2 4312/1/2 4544/2/2 4550/4/2
f 4319/1/5 4551/2/5 4545/4/5 4313/3/5
f 4320/3/2 4314/1/2 4546/2/2 4552/4/2
f 4321/1/5 4553/2/5 4547/4/5 4315/3/5
f 4322/3/2 4316/1/2 4548/2/2 4554/4/2
f 4323/1/5 4555/2/5 4549/4/5 4317/3/5
f 4324/3/2 4318/1/2 4550/2/2 4556/4/2
f 4325/1/5 4557/2/5 4551/4/5 4319/3/5
f 4326/3/2 4320/1/2 4552/2/2 4558/4/2
f 4321/2/3 4328/4/3 4559/3/3 4553/1/3
f 4560/1/4 4553/2/4 4559/4/4 4561/3/4
f 4328/2/3 4330/4/3 4562/3/3 4559/1/3
f 4561/1/4 4559/2/4 4562/4/4 4563/3/4
f 4330/2/3 4332/4/3 4564/3/3 4562/1/3
f 4563/1/4 4562/2/4 4564/4/4 4565/3/4
f 4333/2/1 4343/4/1 4566/3/1 4332/1/1
f 4332/2/3 4566/4/3 4567/3/3 4564/1/3
f 4343/1/5 4568/2/5 4567/4/5 4566/3/5
f 4334/3/2 4322/1/2 4554/2/2 4569/4/2
f 4335/1/5 4570/2/5 4555/4/5 4323/3/5
f 4336/3/2 4324/1/2 4556/2/2 4571/4/2
f 4337/1/5 4572/2/5 4557/4/5 4325/3/5
f 4574/1/4 4560/2/4 4561/4/4 4575/3/4
f 4339/1/6 4574/2/6 4575/4/6 4340/3/6
f 4575/1/4 4561/2/4 4563/4/4 4576/3/4
f 4340/1/6 4575/2/6 4576/4/6 4341/3/6
f 4576/1/4 4563/2/4 4565/4/4 4577/3/4
f 4341/1/6 4576/2/6 4577/4/6 4342/3/6
f 4350/1/5 4584/2/5 4572/4/5 4337/3/5
f 4349/1/6 4583/2/6 4584/4/6 4350/3/6
f 4351/3/2 4345/1/2 4579/2/2 4585/4/2
f 4352/1/5 4586/2/5 4581/4/5 4347/3/5
f 4351/1/6 4585/2/6 4586/4/6 4352/3/6
f 4365/2/3 4367/4/3 4601/3/3 4599/1/3
f 4371/2/3 4373/4/3 4607/3/3 4605/1/3
f 4374/1/5 4608/2/5 4607/4/5 4373/3/5
f 4375/3/2 4353/1/2 4587/2/2 4609/4/2
f 4376/1/5 4610/2/5 4591/4/5 4357/3/5
f 4377/3/2 4366/1/2 4600/2/2 4611/4/2
f 4378/1/5 4612/2/5 4603/4/5 4369/3/5
f 4379/3/2 4372/1/2 4606/2/2 4613/4/2
f 4380/1/5 4614/2/5 4608/4/5 4374/3/5
f 4381/3/2 4375/1/2 4609/2/2 4615/4/2
f 4382/1/5 4616/2/5 4610/4/5 4376/3/5
f 4383/3/2 4377/1/2 4611/2/2 4617/4/2
f 4384/1/5 4618/2/5 4612/4/5 4378/3/5
f 4385/3/2 4379/1/2 4613/2/2 4619/4/2
f 4386/1/5 4620/2/5 4614/4/5 4380/3/5
f 4387/3/2 4381/1/2 4615/2/2 4621/4/2
f 4388/1/5 4622/2/5 4616/4/5 4382/3/5
f 4389/3/2 4383/1/2 4617/2/2 4623/4/2
f 4390/1/5 4624/2/5 4618/4/5 4384/3/5
f 4391/3/2 4385/1/2 4619/2/2 4625/4/2
f 4392/1/5 4626/2/5 4620/4/5 4386/3/5
f 4393/3/2 4387/1/2 4621/2/2 4627/4/2
f 4394/1/5 4628/2/5 4622/4/5 4388/3/5
f 4395/3/2 4389/1/2 4623/2/2 4629/4/2
f 4396/1/5 4630/2/5 4624/4/5 4390/3/5
f 4397/3/2 4391/1/2 4625/2/2 4631/4/2
f 4398/1/5 4632/2/5 4626/4/5 4392/3/5
f 4399/3/2 4393/1/2 4627/2/2 4633/4/2
f 4400/1/5 4634/2/5 4628/4/5 4394/3/5
f 4401/3/2 4395/1/2 4629/2/2 4635/4/2
f 4402/1/5 4636/2/5 4630/4/5 4396/3/5
f 4403/3/2 4397/1/2 4631/2/2 4637/4/2
f 4404/1/5 4638/2/5 4632/4/5 4398/3/5
f 4405/3/2 4399/1/2 4633/2/2 4639/4/2
f 4406/1/5 4640/2/5 4634/4/5 4400/3/5
f 4407/3/2 4401/1/2 4635/2/2 4641/4/2
f 4408/1/5 4642/2/5 4636/4/5 4402/3/5
f 4409/3/2 4403/1/2 4637/2/2 4643/4/2
f 4410/1/5 4644/2/5 4638/4/5 4404/3/5
f 4411/3/2 4405/1/2 4639/2/2 4645/4/2
f 4412/1/5 4646/2/5 4640/4/5 4406/3/5
f 4413/3/2 4407/1/2 4641/2/2 4647/4/2
f 4414/1/5 4648/2/5 4642/4/5 4408/3/5
f 4415/3/2 4409/1/2 4643/2/2 4649/4/2
f 4416/1/5 4650/2/5 4644/4/5 4410/3/5
f 4417/3/2 4411/1/2 4645/2/2 4651/4/2
f 4418/1/5 4652/2/5 4646/4/5 4412/3/5
f 4419/3/2 4413/1/2 4647/2/2 4653/4/2
f 4420/1/5 4654/2/5 4648/4/5 4414/3/5
f 4421/3/2 4415/1/2 4649/2/2 4655/4/2
f 4422/1/5 4656/2/5 4650/4/5 4416/3/5
f 4423/3/2 4417/1/2 4651/2/2 4657/4/2
f 4424/1/5 4658/2/5 4652/4/5 4418/3/5
f 4425/3/2 4419/1/2 4653/2/2 4659/4/2
f 4426/1/5 4660/2/5 4654/4/5 4420/3/5
f 4427/3/2 4421/1/2 4655/2/2 4661/4/2
f 4428/1/5 4662/2/5 4656/4/5 4422/3/5
f 4429/3/2 4423/1/2 4657/2/2 4663/4/2
f 4430/1/5 4664/2/5 4658/4/5 4424/3/5
f 4431/3/2 4425/1/2 4659/2/2 4665/4/2
f 4432/1/5 4666/2/5 4660/4/5 4426/3/5
f 4433/3/2 4427/1/2 4661/2/2 4667/4/2
f 4434/1/5 4668/2/5 4662/4/5 4428/3/5
f 4435/3/2 4429/1/2 4663/2/2 4669/4/2
f 4436/1/5 4670/2/5 4664/4/5 4430/3/5
f 4437/3/2 4431/1/2 4665/2/2 4671/4/2
f 4438/1/5 4672/2/5 4666/4/5 4432/3/5
f 4439/3/2 4433/1/2 4667/2/2 4673/4/2
f 4440/1/5 4674/2/5 4668/4/5 4434/3/5
f 4441/3/2 4435/1/2 4669/2/2 4675/4/2
f 4442/1/5 4676/2/5 4670/4/5 4436/3/5
f 4443/3/2 4437/1/2 4671/2/2 4677/4/2
f 4444/1/5 4678/2/5 4672/4/5 4438/3/5
f 4445/3/2 4439/1/2 4673/2/2 4679/4/2
f 4446/1/5 4680/2/5 4674/4/5 4440/3/5
f 4447/3/2 4441/1/2 4675/2/2 4681/4/2
f 4448/1/5 4682/2/5 4676/4/5 4442/3/5
f 4449/3/2 4443/1/2 4677/2/2 4683/4/2
f 4450/1/5 4684/2/5 4678/4/5 4444/3/5
f 4451/3/2 4445/1/2 4679/2/2 4685/4/2
f 4452/1/5 4686/2/5 4680/4/5 4446/3/5
f 4453/3/2 4447/1/2 4681/2/2 4687/4/2
f 4455/1/5 4688/2/5 4682/4/5 4448/3/5
f 4460/3/2 4459/1/2 4690/2/2 4689/4/2
f 4459/2/3 4462/4/3 4691/3/3 4690/1/3
f 4463/1/5 4692/2/5 4691/4/5 4462/3/5
f 4464/3/2 4449/1/2 4683/2/2 4693/4/2
f 4465/1/5 4694/2/5 4684/4/5 4450/3/5
f 4466/3/2 4451/1/2 4685/2/2 4695/4/2
f 4467/1/5 4696/2/5 4686/4/5 4452/3/5
f 4468/3/2 4453/1/2 4687/2/2 4697/4/2
f 4469/1/5 4698/2/5 4688/4/5 4455/3/5
f 4472/3/2 4460/1/2 4689/2/2 4699/4/2
f 4472/1/6 4699/2/6 4700/4/6 4473/3/6
f 4479/1/5 4706/2/5 4696/4/5 4467/3/5
f 4480/3/2 4468/1/2 4697/2/2 4707/4/2
f 4481/1/5 4708/2/5 4698/4/5 4469/3/5
f 4482/3/2 4474/1/2 4701/2/2 4709/4/2
f 4483/1/5 4710/2/5 4703/4/5 4476/3/5
f 4484/3/2 4478/1/2 4705/2/2 4711/4/2
f 4485/1/5 4712/2/5 4706/4/5 4479/3/5
f 4486/3/2 4480/1/2 4707/2/2 4713/4/2
f 4487/1/5 4714/2/5 4708/4/5 4481/3/5
f 4488/3/2 4482/1/2 4709/2/2 4715/4/2
f 4489/1/5 4716/2/5 4710/4/5 4483/3/5
f 4490/3/2 4484/1/2 4711/2/2 4717/4/2
f 4491/1/5 4718/2/5 4712/4/5 4485/3/5
f 4492/3/2 4486/1/2 4713/2/2 4719/4/2
f 4493/1/5 4720/2/5 4714/4/5 4487/3/5
f 4494/3/2 4488/1/2 4715/2/2 4721/4/2
f 4495/1/5 4722/2/5 4716/4/5 4489/3/5
f 4496/3/2 4490/1/2 4717/2/2 4723/4/2
f 4497/1/5 4724/2/5 4718/4/5 4491/3/5
f 4498/3/2 4492/1/2 4719/2/2 4725/4/2
f 4499/1/5 4726/2/5 4720/4/5 4493/3/5
f 4500/3/2 4494/1/2 4721/2/2 4727/4/2
f 4501/1/5 4728/2/5 4722/4/5 4495/3/5
f 4502/3/2 4496/1/2 4723/2/2 4729/4/2
f 4503/1/5 4730/2/5 4724/4/5 4497/3/5
f 4504/3/2 4498/1/2 4725/2/2 4731/4/2
f 4505/1/5 4732/2/5 4726/4/5 4499/3/5
f 4506/3/2 4500/1/2 4727/2/2 4733/4/2
f 4507/1/5 4734/2/5 4728/4/5 4501/3/5
f 4508/3/2 4502/1/2 4729/2/2 4735/4/2
f 4509/1/5 4736/2/5 4730/4/5 4503/3/5
f 4510/3/2 4504/1/2 4731/2/2 4737/4/2
f 4511/1/5 4738/2/5 4732/4/5 4505/3/5
f 4512/3/2 4506/1/2 4733/2/2 4739/4/2
f 4513/1/5 4740/2/5 4734/4/5 4507/3/5
f 4514/3/2 4508/1/2 4735/2/2 4741/4/2
f 4515/1/5 4742/2/5 4736/4/5 4509/3/5
f 4516/3/2 4510/1/2 4737/2/2 4743/4/2
f 4517/1/5 4744/2/5 4738/4/5 4511/3/5
f 4518/3/2 4512/1/2 4739/2/2 4745/4/2
f 4519/1/5 4746/2/5 4740/4/5 4513/3/5
f 4520/3/2 4514/1/2 4741/2/2 4747/4/2
f 4521/1/5 4748/2/5 4742/4/5 4515/3/5
f 4522/3/2 4516/1/2 4743/2/2 4749/4/2
f 4523/1/5 4750/2/5 4744/4/5 4517/3/5
f 4524/3/2 4518/1/2 4745/2/2 4751/4/2
f 4525/1/5 4752/2/5 4746/4/5 4519/3/5
f 4526/3/2 4520/1/2 4747/2/2 4753/4/2
f 4527/1/5 4754/2/5 4748/4/5 4521/3/5
f 4528/3/2 4522/1/2 4749/2/2 4755/4/2
f 4529/1/5 4756/2/5 4750/4/5 4523/3/5
f 4530/3/2 4524/1/2 4751/2/2 4757/4/2
f 4531/1/5 4758/2/5 4752/4/5 4525/3/5
f 4532/3/2 4526/1/2 4753/2/2 4759/4/2
f 4533/1/5 4760/2/5 4754/4/5 4527/3/5
f 4534/3/2 4528/1/2 4755/2/2 4761/4/2
f 4535/1/5 4762/2/5 4756/4/5 4529/3/5
f 4536/3/2 4530/1/2 4757/2/2 4763/4/2
f 4537/1/5 4764/2/5 4758/4/5 4531/3/5
f 4538/3/2 4532/1/2 4759/2/2 4765/4/2
f 4539/1/5 4766/2/5 4760/4/5 4533/3/5
f 4540/3/2 4534/1/2 4761/2/2 4767/4/2
f 4541/1/5 4768/2/5 4762/4/5 4535/3/5
f 4542/3/2 4536/1/2 4763/2/2 4769/4/2
f 4543/1/5 4770/2/5 4764/4/5 4537/3/5
f 4544/3/2 4538/1/2 4765/2/2 4771/4/2
f 4545/1/5 4772/2/5 4766/4/5 4539/3/5
f 4546/3/2 4540/1/2 4767/2/2 4773/4/2
f 4547/1/5 4774/2/5 4768/4/5 4541/3/5
f 4548/3/2 4542/1/2 4769/2/2 4775/4/2
f 4549/1/5 4776/2/5 4770/4/5 4543/3/5
f 4550/3/2 4544/1/2 4771/2/2 4777/4/2
f 4551/1/5 4778/2/5 4772/4/5 4545/3/5
f 4552/3/2 4546/1/2 4773/2/2 4779/4/2
f 4553/1/5 4780/2/5 4774/4/5 4547/3/5
f 4554/3/2 4548/1/2 4775/2/2 4781/4/2
f 4555/1/5 4782/2/5 4776/4/5 4549/3/5
f 4556/3/2 4550/1/2 4777/2/2 4783/4/2
f 4557/1/5 4784/2/5 4778/4/5 4551/3/5
f 4558/3/2 4552/1/2 4779/2/2 4785/4/2
f 4560/1/5 4786/2/5 4780/4/5 4553/3/5
f 4565/3/2 4564/1/2 4788/2/2 4787/4/2
f 4564/2/3 4567/4/3 4789/3/3 4788/1/3
f 4568/1/5 4790/2/5 4789/4/5 4567/3/5
f 4569/3/2 4554/1/2 4781/2/2 4791/4/2
f 4570/1/5 4792/2/5 4782/4/5 4555/3/5
f 4571/3/2 4556/1/2 4783/2/2 4793/4/2
f 4572/1/5 4794/2/5 4784/4/5 4557/3/5
f 4573/3/2 4558/1/2 4785/2/2 4795/4/2
f 4574/1/5 4796/2/5 4786/4/5 4560/3/5
f 4573/1/6 4795/2/6 4796/4/6 4574/3/6
f 4577/3/2 4565/1/2 4787/2/2 4797/4/2
f 4577/1/6 4797/2/6 4798/4/6 4578/3/6
f 4584/1/5 4804/2/5 4794/4/5 4572/3/5
f 4583/1/6 4803/2/6 4804/4/6 4584/3/6
f 4585/3/2 4579/1/2 4799/2/2 4805/4/2
f 4586/1/5 4806/2/5 4801/4/5 4581/3/5
f 4585/1/6 4805/2/6 4806/4/6 4586/3/6
f 4599/2/3 4601/4/3 4821/3/3 4819/1/3
f 4605/2/3 4607/4/3 4827/3/3 4825/1/3
f 4608/1/5 4828/2/5 4827/4/5 4607/3/5
f 4609/3/2 4587/1/2 4807/2/2 4829/4/2
f 4610/1/5 4830/2/5 4811/4/5 4591/3/5
f 4611/3/2 4600/1/2 4820/2/2 4831/4/2
f 4612/1/5 4832/2/5 4823/4/5 4603/3/5
f 4613/3/2 4606/1/2 4826/2/2 4833/4/2
f 4614/1/5 4834/2/5 4828/4/5 4608/3/5
f 4615/3/2 4609/1/2 4829/2/2 4835/4/2
f 4616/1/5 4836/2/5 4830/4/5 4610/3/5
f 4617/3/2 4611/1/2 4831/2/2 4837/4/2
f 4618/1/5 4838/2/5 4832/4/5 4612/3/5
f 4619/3/2 4613/1/2 4833/2/2 4839/4/2
f 4620/1/5 4840/2/5 4834/4/5 4614/3/5
f 4621/3/2 4615/1/2 4835/2/2 4841/4/2
f 4622/1/5 4842/2/5 4836/4/5 4616/3/5
f 4623/3/2 4617/1/2 4837/2/2 4843/4/2
f 4624/1/5 4844/2/5 4838/4/5 4618/3/5
f 4625/3/2 4619/1/2 4839/2/2 4845/4/2
f 4626/1/5 4846/2/5 4840/4/5 4620/3/5
f 4627/3/2 4621/1/2 4841/2/2 4847/4/2
f 4628/1/5 4848/2/5 4842/4/5 4622/3/5
f 4629/3/2 4623/1/2 4843/2/2 4849/4/2
f 4630/1/5 4850/2/5 4844/4/5 4624/3/5
f 4631/3/2 4625/1/2 4845/2/2 4851/4/2
f 4632/1/5 4852/2/5 4846/4/5 4626/3/5
f 4633/3/2 4627/1/2 4847/2/2 4853/4/2
f 4634/1/5 4854/2/5 4848/4/5 4628/3/5
f 4635/3/2 4629/1/2 4849/2/2 4855/4/2
f 4636/1/5 4856/2/5 4850/4/5 4630/3/5
f 4637/3/2 4631/1/2 4851/2/2 4857/4/2
f 4638/1/5 4858/2/5 4852/4/5 4632/3/5
f 4639/3/2 4633/1/2 4853/2/2 4859/4/2
f 4640/1/5 4860/2/5 4854/4/5 4634/3/5
f 4641/3/2 4635/1/2 4855/2/2 4861/4/2
f 4642/1/5 4862/2/5 4856/4/5 4636/3/5
f 4643/3/2 4637/1/2 4857/2/2 4863/4/2
f 4644/1/5 4864/2/5 4858/4/5 4638/3/5
f 4645/3/2 4639/1/2 4859/2/2 4865/4/2
f 4646/1/5 4866/2/5 4860/4/5 4640/3/5
f 4647/3/2 4641/1/2 4861/2/2 4867/4/2
f 4648/1/5 4868/2/5 4862/4/5 4642/3/5
f 4649/3/2 4643/1/2 4863/2/2 4869/4/2
f 4650/1/5 4870/2/5 4864/4/5 4644/3/5
f 4651/3/2 4645/1/2 4865/2/2 4871/4/2
f 4652/1/5 4872/2/5 4866/4/5 4646/3/5
f 4653/3/2 4647/1/2 4867/2/2 4873/4/2
f 4654/1/5 4874/2/5 4868/4/5 4648/3/5
f 4655/3/2 4649/1/2 4869/2/2 4875/4/2
f 4656/1/5 4876/2/5 4870/4/5 4650/3/5
f 4657/3/2 4651/1/2 4871/2/2 4877/4/2
f 4658/1/5 4878/2/5 4872/4/5 4652/3/5
f 4659/3/2 4653/1/2 4873/2/2 4879/4/2
f 4660/1/5 4880/2/5 4874/4/5 4654/3/5
f 4661/3/2 4655/1/2 4875/2/2 4881/4/2
f 4662/1/5 4882/2/5 4876/4/5 4656/3/5
f 4663/3/2 4657/1/2 4877/2/2 4883/4/2
f 4664/1/5 4884/2/5 4878/4/5 4658/3/5
f 4665/3/2 4659/1/2 4879/2/2 4885/4/2
f 4666/1/5 4886/2/5 4880/4/5 4660/3/5
f 4667/3/2 4661/1/2 4881/2/2 4887/4/2
f 4668/1/5 4888/2/5 4882/4/5 4662/3/5
f 4669/3/2 4663/1/2 4883/2/2 4889/4/2
f 4670/1/5 4890/2/5 4884/4/5 4664/3/5
f 4671/3/2 4665/1/2 4885/2/2 4891/4/2
f 4672/1/5 4892/2/5 4886/4/5 4666/3/5
f 4673/3/2 4667/1/2 4887/2/2 4893/4/2
f 4674/1/5 4894/2/5 4888/4/5 4668/3/5
f 4675/3/2 4669/1/2 4889/2/2 4895/4/2
f 4676/1/5 4896/2/5 4890/4/5 4670/3/5
f 4677/3/2 4671/1/2 4891/2/2 4897/4/2
f 4678/1/5 4898/2/5 4892/4/5 4672/3/5
f 4679/3/2 4673/1/2 4893/2/2 4899/4/2
f 4680/1/5 4900/2/5 4894/4/5 4674/3/5
f 4681/3/2 4675/1/2 4895/2/2 4901/4/2
f 4682/1/5 4902/2/5 4896/4/5 4676/3/5
f 4683/3/2 4677/1/2 4897/2/2 4903/4/2
f 4684/1/5 4904/2/5 4898/4/5 4678/3/5
f 4685/3/2 4679/1/2 4899/2/2 4905/4/2
f 4686/1/5 4906/2/5 4900/4/5 4680/3/5
f 4687/3/2 4681/1/2 4901/2/2 4907/4/2
f 4688/1/5 4908/2/5 4902/4/5 4682/3/5
f 4689/3/2 4690/1/2 4910/2/2 4909/4/2
f 4690/2/3 4691/4/3 4911/3/3 4910/1/3
f 4692/1/5 4912/2/5 4911/4/5 4691/3/5
f 4693/3/2 4683/1/2 4903/2/2 4913/4/2
f 4694/1/5 4914/2/5 4904/4/5 4684/3/5
f 4695/3/2 4685/1/2 4905/2/2 4915/4/2
f 4696/1/5 4916/2/5 4906/4/5 4686/3/5
f 4697/3/2 4687/1/2 4907/2/2 4917/4/2
f 4698/1/5 4918/2/5 4908/4/5 4688/3/5
f 4699/3/2 4689/1/2 4909/2/2 4919/4/2
f 4699/1/6 4919/2/6 4920/4/6 4700/3/6
f 4706/1/5 4926/2/5 4916/4/5 4696/3/5
f 4707/3/2 4697/1/2 4917/2/2 4927/4/2
f 4708/1/5 4928/2/5 4918/4/5 4698/3/5
f 4709/3/2 4701/1/2 4921/2/2 4929/4/2
f 4710/1/5 4930/2/5 4923/4/5 4703/3/5
f 4711/3/2 4705/1/2 4925/2/2 4931/4/2
f 4712/1/5 4932/2/5 4926/4/5 4706/3/5
f 4713/3/2 4707/1/2 4927/2/2 4933/4/2
f 4714/1/5 4934/2/5 4928/4/5 4708/3/5
f 4715/3/2 4709/1/2 4929/2/2 4935/4/2
f 4716/1/5 4936/2/5 4930/4/5 4710/3/5
f 4717/3/2 4711/1/2 4931/2/2 4937/4/2
f 4718/1/5 4938/2/5 4932/4/5 4712/3/5
f 4719/3/2 4713/1/2 4933/2/2 4939/4/2
f 4720/1/5 4940/2/5 4934/4/5 4714/3/5
f 4721/3/2 4715/1/2 4935/2/2 4941/4/2
f 4722/1/5 4942/2/5 4936/4/5 4716/3/5
f 4723/3/2 4717/1/2 4937/2/2 4943/4/2
f 4724/1/5 4944/2/5 4938/4/5 4718/3/5
f 4725/3/2 4719/1/2 4939/2/2 4945/4/2
f 4726/1/5 4946/2/5 4940/4/5 4720/3/5
f 4727/3/2 4721/1/2 4941/2/2 4947/4/2
f 4728/1/5 4948/2/5 4942/4/5 4722/3/5
f 4729/3/2 4723/1/2 4943/2/2 4949/4/2
f 4730/1/5 4950/2/5 4944/4/5 4724/3/5
f 4731/3/2 4725/1/2 4945/2/2 4951/4/2
f 4732/1/5 4952/2/5 4946/4/5 4726/3/5
f 4733/3/2 4727/1/2 4947/2/2 4953/4/2
f 4734/1/5 4954/2/5 4948/4/5 4728/3/5
f 4735/3/2 4729/1/2 4949/2/2 4955/4/2
f 4736/1/5 4956/2/5 4950/4/5 4730/3/5
f 4737/3/2 4731/1/2 4951/2/2 4957/4/2
f 4738/1/5 4958/2/5 4952/4/5 4732/3/5
f 4739/3/2 4733/1/2 4953/2/2 4959/4/2
f 4740/1/5 4960/2/5 4954/4/5 4734/3/5
f 4741/3/2 4735/1/2 4955/2/2 4961/4/2
f 4742/1/5 4962/2/5 4956/4/5 4736/3/5
f 4743/3/2 4737/1/2 4957/2/2 4963/4/2
f 4744/1/5 4964/2/5 4958/4/5 4738/3/5
f 4745/3/2 4739/1/2 4959/2/2 4965/4/2
f 4746/1/5 4966/2/5 4960/4/5 4740/3/5
f 4747/3/2 4741/1/2 4961/2/2 4967/4/2
f 4748/1/5 4968/2/5 4962/4/5 4742/3/5
f 4749/3/2 4743/1/2 4963/2/2 4969/4/2
f 4750/1/5 4970/2/5 4964/4/5 4744/3/5
f 4751/3/2 4745/1/2 4965/2/2 4971/4/2
f 4752/1/5 4972/2/5 4966/4/5 4746/3/5
f 4753/3/2 4747/1/2 4967/2/2 4973/4/2
f 4754/1/5 4974/2/5 4968/4/5 4748/3/5
f 4755/3/2 4749/1/2 4969/2/2 4975/4/2
f 4756/1/5 4976/2/5 4970/4/5 4750/3/5
f 4757/3/2 4751/1/2 4971/2/2 4977/4/2
f 4758/1/5 4978/2/5 4972/4/5 4752/3/5
f 4759/3/2 4753/1/2 4973/2/2 4979/4/2
f 4760/1/5 4980/2/5 4974/4/5 4754/3/5
f 4761/3/2 4755/1/2 4975/2/2 4981/4/2
f 4762/1/5 4982/2/5 4976/4/5 4756/3/5
f 4763/3/2 4757/1/2 4977/2/2 4983/4/2
f 4764/1/5 4984/2/5 4978/4/5 4758/3/5
f 4765/3/2 4759/1/2 4979/2/2 4985/4/2
f 4766/1/5 4986/2/5 4980/4/5 4760/3/5
f 4767/3/2 4761/1/2 4981/2/2 4987/4/2
f 4768/1/5 4988/2/5 4982/4/5 4762/3/5
f 4769/3/2 4763/1/2 4983/2/2 4989/4/2
f 4770/1/5 4990/2/5 4984/4/5 4764/3/5
f 4771/3/2 4765/1/2 4985/2/2 4991/4/2
f 4772/1/5 4992/2/5 4986/4/5 4766/3/5
f 4773/3/2 4767/1/2 4987/2/2 4993/4/2
f 4774/1/5 4994/2/5 4988/4/5 4768/3/5
f 4775/3/2 4769/1/2 4989/2/2 4995/4/2
f 4776/1/5 4996/2/5 4990/4/5 4770/3/5
f 4777/3/2 4771/1/2 4991/2/2 4997/4/2
f 4778/1/5 4998/2/5 4992/4/5 4772/3/5
f 4779/3/2 4773/1/2 4993/2/2 4999/4/2
f 4780/1/5 5000/2/5 4994/4/5 4774/3/5
f 4781/3/2 4775/1/2 4995/2/2 5001/4/2
f 4782/1/5 5002/2/5 4996/4/5 4776/3/5
f 4783/3/2 4777/1/2 4997/2/2 5003/4/2
f 4784/1/5 5004/2/5 4998/4/5 4778/3/5
f 4785/3/2 4779/1/2 4999/2/2 5005/4/2
f 4786/1/5 5006/2/5 5000/4/5 4780/3/5
f 4787/3/2 4788/1/2 5008/2/2 5007/4/2
f 4788/2/3 4789/4/3 5009/3/3 5008/1/3
f 4790/1/5 5010/2/5 5009/4/5 4789/3/5
f 4791/3/2 4781/1/2 5001/2/2 5011/4/2
f 4792/1/5 5012/2/5 5002/4/5 4782/3/5
f 4793/3/2 4783/1/2 5003/2/2 5013/4/2
f 4794/1/5 5014/2/5 5004/4/5 4784/3/5
f 4795/3/2 4785/1/2 5005/2/2 5015/4/2
f 4796/1/5 5016/2/5 5006/4/5 4786/3/5
f 4795/1/6 5015/2/6 5016/4/6 4796/3/6
f 4797/3/2 4787/1/2 5007/2/2 5017/4/2
f 4797/1/6 5017/2/6 5018/4/6 4798/3/6
f 4804/1/5 5024/2/5 5014/4/5 4794/3/5
f 4803/1/6 5023/2/6 5024/4/6 4804/3/6
f 4805/3/2 4799/1/2 5019/2/2 5025/4/2
f 4806/1/5 5026/2/5 5021/4/5 4801/3/5
f 4805/1/6 5025/2/6 5026/4/6 4806/3/6
f 4819/2/3 4821/4/3 5041/3/3 5039/1/3
f 4825/2/3 4827/4/3 5047/3/3 5045/1/3
f 4828/1/5 5048/2/5 5047/4/5 4827/3/5
f 4829/3/2 4807/1/2 5027/2/2 5049/4/2
f 4830/1/5 5050/2/5 5031/4/5 4811/3/5
f 4831/3/2 4820/1/2 5040/2/2 5051/4/2
f 4832/1/5 5052/2/5 5043/4/5 4823/3/5
f 4833/3/2 4826/1/2 5046/2/2 5053/4/2
f 4834/1/5 5054/2/5 5048/4/5 4828/3/5
f 4835/3/2 4829/1/2 5049/2/2 5055/4/2
f 4836/1/5 5056/2/5 5050/4/5 4830/3/5
f 4837/3/2 4831/1/2 5051/2/2 5057/4/2
f 4838/1/5 5058/2/5 5052/4/5 4832/3/5
f 4839/3/2 4833/1/2 5053/2/2 5059/4/2
f 4840/1/5 5060/2/5 5054/4/5 4834/3/5
f 4841/3/2 4835/1/2 5055/2/2 5061/4/2
f 4842/1/5 5062/2/5 5056/4/5 4836/3/5
f 4843/3/2 4837/1/2 5057/2/2 5063/4/2
f 4844/1/5 5064/2/5 5058/4/5 4838/3/5
f 4845/3/2 4839/1/2 5059/2/2 5065/4/2
f 4846/1/5 5066/2/5 5060/4/5 4840/3/5
f 4847/3/2 4841/1/2 5061/2/2 5067/4/2
f 4848/1/5 5068/2/5 5062/4/5 4842/3/5
f 4849/3/2 4843/1/2 5063/2/2 5069/4/2
f 4850/1/5 5070/2/5 5064/4/5 4844/3/5
f 4851/3/2 4845/1/2 5065/2/2 5071/4/2
f 4852/1/5 5072/2/5 5066/4/5 4846/3/5
f 4853/3/2 4847/1/2 5067/2/2 5073/4/2
f 4854/1/5 5074/2/5 5068/4/5 4848/3/5
f 4855/3/2 4849/1/2 5069/2/2 5075/4/2
f 4856/1/5 5076/2/5 5070/4/5 4850/3/5
f 4857/3/2 4851/1/2 5071/2/2 5077/4/2
f 4858/1/5 5078/2/5 5072/4/5 4852/3/5
f 4859/3/2 4853/1/2 5073/2/2 5079/4/2
f 4860/1/5 5080/2/5 5074/4/5 4854/3/5
f 4861/3/2 4855/1/2 5075/2/2 5081/4/2
f 4862/1/5 5082/2/5 5076/4/5 4856/3/5
f 4863/3/2 4857/1/2 5077/2/2 5083/4/2
f 4864/1/5 5084/2/5 5078/4/5 4858/3/5
f 4865/3/2 4859/1/2 5079/2/2 5085/4/2
f 4866/1/5 5086/2/5 5080/4/5 4860/3/5
f 4867/3/2 4861/1/2 5081/2/2 5087/4/2
f 4868/1/5 5088/2/5 5082/4/5 4862/3/5
f 4869/3/2 4863/1/2 5083/2/2 5089/4/2
f 4870/1/5 5090/2/5 5084/4/5 4864/3/5
f 4871/3/2 4865/1/2 5085/2/2 5091/4/2
f 4872/1/5 5092/2/5 5086/4/5 4866/3/5
f 4873/3/2 4867/1/2 5087/2/2 5093/4/2
f 4874/1/5 5094/2/5 5088/4/5 4868/3/5
f 4875/3/2 4869/1/2 5089/2/2 5095/4/2
f 4876/1/5 5096/2/5 5090/4/5 4870/3/5
f 4877/3/2 4871/1/2 5091/2/2 5097/4/2
f 4878/1/5 5098/2/5 5092/4/5 4872/3/5
f 4879/3/2 4873/1/2 5093/2/2 5099/4/2
f 4880/1/5 5100/2/5 5094/4/5 4874/3/5
f 4881/3/2 4875/1/2 5095/2/2 5101/4/2
f 4882/1/5 5102/2/5 5096/4/5 4876/3/5
f 4883/3/2 4877/1/2 5097/2/2 5103/4/2
f 4884/1/5 5104/2/5 5098/4/5 4878/3/5
f 4885/3/2 4879/1/2 5099/2/2 5105/4/2
f 4886/1/5 5106/2/5 5100/4/5 4880/3/5
f 4887/3/2 4881/1/2 5101/2/2 5107/4/2
f 4888/1/5 5108/2/5 5102/4/5 4882/3/5
f 4889/3/2 4883/1/2 5103/2/2 5109/4/2
f 4890/1/5 5110/2/5 5104/4/5 4884/3/5
f 4891/3/2 4885/1/2 5105/2/2 5111/4/2
f 4892/1/5 5112/2/5 5106/4/5 4886/3/5
f 4893/3/2 4887/1/2 5107/2/2 5113/4/2
f 4894/1/5 5114/2/5 5108/4/5 4888/3/5
f 4895/3/2 4889/1/2 5109/2/2 5115/4/2
f 4896/1/5 5116/2/5 5110/4/5 4890/3/5
f 4897/3/2 4891/1/2 5111/2/2 5117/4/2
f 4898/1/5 5118/2/5 5112/4/5 4892/3/5
f 4899/3/2 4893/1/2 5113/2/2 5119/4/2
f 4900/1/5 5120/2/5 5114/4/5 4894/3/5
f 4901/3/2 4895/1/2 5115/2/2 5121/4/2
f 4902/1/5 5122/2/5 5116/4/5 4896/3/5
f 4903/3/2 4897/1/2 5117/2/2 5123/4/2
f 4904/1/5 5124/2/5 5118/4/5 4898/3/5
f 4905/3/2 4899/1/2 5119/2/2 5125/4/2
f 4906/1/5 5126/2/5 5120/4/5 4900/3/5
f 4907/3/2 4901/1/2 5121/2/2 5127/4/2
f 4908/2/1 5128/4/1 5129/3/1 4902/1/1
f 4902/2/3 5129/4/3 5130/3/3 5122/1/3
f 5128/2/1 5131/4/1 5132/3/1 5129/1/1
f 5129/2/3 5132/4/3 5133/3/3 5130/1/3
f 5131/2/1 4909/4/1 4910/3/1 5132/1/1
f 5132/2/3 4910/4/3 5134/3/3 5133/1/3
f 4910/2/3 4911/4/3 5135/3/3 5134/1/3
f 5136/1/4 5134/2/4 5135/4/4 5137/3/4
f 4912/1/5 5137/2/5 5135/4/5 4911/3/5
f 4913/3/2 4903/1/2 5123/2/2 5138/4/2
f 4914/1/5 5139/2/5 5124/4/5 4904/3/5
f 4915/3/2 4905/1/2 5125/2/2 5140/4/2
f 4916/1/5 5141/2/5 5126/4/5 4906/3/5
f 4918/2/1 5143/4/1 5128/3/1 4908/1/1
f 4918/1/6 5144/2/6 5145/4/6 5143/3/6
f 5143/2/1 5146/4/1 5131/3/1 5128/1/1
f 5143/1/6 5145/2/6 5147/4/6 5146/3/6
f 5146/2/1 4919/4/1 4909/3/1 5131/1/1
f 5146/1/6 5147/2/6 5148/4/6 4919/3/6
f 4926/1/5 5155/2/5 5141/4/5 4916/3/5
f 4927/3/2 4917/1/2 5142/2/2 5156/4/2
f 4928/1/5 5157/2/5 5144/4/5 4918/3/5
f 4929/3/2 4921/1/2 5150/2/2 5158/4/2
f 4930/1/5 5159/2/5 5152/4/5 4923/3/5
f 4931/3/2 4925/1/2 5154/2/2 5160/4/2
f 4932/1/5 5161/2/5 5155/4/5 4926/3/5
f 4933/3/2 4927/1/2 5156/2/2 5162/4/2
f 4934/1/5 5163/2/5 5157/4/5 4928/3/5
f 4935/3/2 4929/1/2 5158/2/2 5164/4/2
f 4936/1/5 5165/2/5 5159/4/5 4930/3/5
f 4937/3/2 4931/1/2 5160/2/2 5166/4/2
f 4938/1/5 5167/2/5 5161/4/5 4932/3/5
f 4939/3/2 4933/1/2 5162/2/2 5168/4/2
f 4940/1/5 5169/2/5 5163/4/5 4934/3/5
f 4941/3/2 4935/1/2 5164/2/2 5170/4/2
f 4942/1/5 5171/2/5 5165/4/5 4936/3/5
f 4943/3/2 4937/1/2 5166/2/2 5172/4/2
f 4944/1/5 5173/2/5 5167/4/5 4938/3/5
f 4945/3/2 4939/1/2 5168/2/2 5174/4/2
f 4946/1/5 5175/2/5 5169/4/5 4940/3/5
f 4947/3/2 4941/1/2 5170/2/2 5176/4/2
f 4948/1/5 5177/2/5 5171/4/5 4942/3/5
f 4949/3/2 4943/1/2 5172/2/2 5178/4/2
f 4950/1/5 5179/2/5 5173/4/5 4944/3/5
f 4951/3/2 4945/1/2 5174/2/2 5180/4/2
f 4952/1/5 5181/2/5 5175/4/5 4946/3/5
f 4953/3/2 4947/1/2 5176/2/2 5182/4/2
f 4954/1/5 5183/2/5 5177/4/5 4948/3/5
f 4955/3/2 4949/1/2 5178/2/2 5184/4/2
f 4956/1/5 5185/2/5 5179/4/5 4950/3/5
f 4957/3/2 4951/1/2 5180/2/2 5186/4/2
f 4958/1/5 5187/2/5 5181/4/5 4952/3/5
f 4959/3/2 4953/1/2 5182/2/2 5188/4/2
f 4960/1/5 5189/2/5 5183/4/5 4954/3/5
f 4961/3/2 4955/1/2 5184/2/2 5190/4/2
f 4962/1/5 5191/2/5 5185/4/5 4956/3/5
f 4963/3/2 4957/1/2 5186/2/2 5192/4/2
f 4964/1/5 5193/2/5 5187/4/5 4958/3/5
f 4965/3/2 4959/1/2 5188/2/2 5194/4/2
f 4966/1/5 5195/2/5 5189/4/5 4960/3/5
f 4967/3/2 4961/1/2 5190/2/2 5196/4/2
f 4968/1/5 5197/2/5 5191/4/5 4962/3/5
f 4969/3/2 4963/1/2 5192/2/2 5198/4/2
f 4970/1/5 5199/2/5 5193/4/5 4964/3/5
f 4971/3/2 4965/1/2 5194/2/2 5200/4/2
f 4972/1/5 5201/2/5 5195/4/5 4966/3/5
f 4973/3/2 4967/1/2 5196/2/2 5202/4/2
f 4974/1/5 5203/2/5 5197/4/5 4968/3/5
f 4975/3/2 4969/1/2 5198/2/2 5204/4/2
f 4976/1/5 5205/2/5 5199/4/5 4970/3/5
f 4977/3/2 4971/1/2 5200/2/2 5206/4/2
f 4978/1/5 5207/2/5 5201/4/5 4972/3/5
f 4979/3/2 4973/1/2 5202/2/2 5208/4/2
f 4980/1/5 5209/2/5 5203/4/5 4974/3/5
f 4981/3/2 4975/1/2 5204/2/2 5210/4/2
f 4982/1/5 5211/2/5 5205/4/5 4976/3/5
f 4983/3/2 4977/1/2 5206/2/2 5212/4/2
f 4984/1/5 5213/2/5 5207/4/5 4978/3/5
f 4985/3/2 4979/1/2 5208/2/2 5214/4/2
f 4986/1/5 5215/2/5 5209/4/5 4980/3/5
f 4987/3/2 4981/1/2 5210/2/2 5216/4/2
f 4988/1/5 5217/2/5 5211/4/5 4982/3/5
f 4989/3/2 4983/1/2 5212/2/2 5218/4/2
f 4990/1/5 5219/2/5 5213/4/5 4984/3/5
f 4991/3/2 4985/1/2 5214/2/2 5220/4/2
f 4992/1/5 5221/2/5 5215/4/5 4986/3/5
f 4993/3/2 4987/1/2 5216/2/2 5222/4/2
f 4994/1/5 5223/2/5 5217/4/5 4988/3/5
f 4995/3/2 4989/1/2 5218/2/2 5224/4/2
f 4996/1/5 5225/2/5 5219/4/5 4990/3/5
f 4997/3/2 4991/1/2 5220/2/2 5226/4/2
f 4998/1/5 5227/2/5 5221/4/5 4992/3/5
f 4999/3/2 4993/1/2 5222/2/2 5228/4/2
f 5000/1/5 5229/2/5 5223/4/5 4994/3/5
f 5001/3/2 4995/1/2 5224/2/2 5230/4/2
f 5002/1/5 5231/2/5 5225/4/5 4996/3/5
f 5003/3/2 4997/1/2 5226/2/2 5232/4/2
f 5004/1/5 5233/2/5 5227/4/5 4998/3/5
f 5005/3/2 4999/1/2 5228/2/2 5234/4/2
f 5006/2/1 5235/4/1 5236/3/1 5000/1/1
f 5000/2/3 5236/4/3 5237/3/3 5229/1/3
f 5235/2/1 5238/4/1 5239/3/1 5236/1/1
f 5236/2/3 5239/4/3 5240/3/3 5237/1/3
f 5238/2/1 5007/4/1 5008/3/1 5239/1/1
f 5239/2/3 5008/4/3 5241/3/3 5240/1/3
f 5008/2/3 5009/4/3 5242/3/3 5241/1/3
f 5243/1/4 5241/2/4 5242/4/4 5244/3/4
f 5010/1/5 5244/2/5 5242/4/5 5009/3/5
f 5011/3/2 5001/1/2 5230/2/2 5245/4/2
f 5012/1/5 5246/2/5 5231/4/5 5002/3/5
f 5013/3/2 5003/1/2 5232/2/2 5247/4/2
f 5014/1/5 5248/2/5 5233/4/5 5004/3/5
f 5016/2/1 5251/4/1 5235/3/1 5006/1/1
f 5016/1/6 5250/2/6 5252/4/6 5251/3/6
f 5251/2/1 5253/4/1 5238/3/1 5235/1/1
f 5251/1/6 5252/2/6 5254/4/6 5253/3/6
f 5253/2/1 5017/4/1 5007/3/1 5238/1/1
f 5253/1/6 5254/2/6 5255/4/6 5017/3/6
f 5024/1/5 5262/2/5 5248/4/5 5014/3/5
f 5023/1/6 5261/2/6 5262/4/6 5024/3/6
f 5025/3/2 5019/1/2 5257/2/2 5263/4/2
f 5026/1/5 5264/2/5 5259/4/5 5021/3/5
f 5025/1/6 5263/2/6 5264/4/6 5026/3/6
f 5039/2/3 5041/4/3 5279/3/3 5277/1/3
f 5045/2/3 5047/4/3 5285/3/3 5283/1/3
f 5048/1/5 5286/2/5 5285/4/5 5047/3/5
f 5049/3/2 5027/1/2 5265/2/2 5287/4/2
f 5050/1/5 5288/2/5 5269/4/5 5031/3/5
f 5051/3/2 5040/1/2 5278/2/2 5289/4/2
f 5052/1/5 5290/2/5 5281/4/5 5043/3/5
f 5053/3/2 5046/1/2 5284/2/2 5291/4/2
f 5054/1/5 5292/2/5 5286/4/5 5048/3/5
f 5055/3/2 5049/1/2 5287/2/2 5293/4/2
f 5056/1/5 5294/2/5 5288/4/5 5050/3/5
f 5057/3/2 5051/1/2 5289/2/2 5295/4/2
f 5058/1/5 5296/2/5 5290/4/5 5052/3/5
f 5059/3/2 5053/1/2 5291/2/2 5297/4/2
f 5060/1/5 5298/2/5 5292/4/5 5054/3/5
f 5061/3/2 5055/1/2 5293/2/2 5299/4/2
f 5062/1/5 5300/2/5 5294/4/5 5056/3/5
f 5063/3/2 5057/1/2 5295/2/2 5301/4/2
f 5064/1/5 5302/2/5 5296/4/5 5058/3/5
f 5065/3/2 5059/1/2 5297/2/2 5303/4/2
f 5066/1/5 5304/2/5 5298/4/5 5060/3/5
f 5067/3/2 5061/1/2 5299/2/2 5305/4/2
f 5068/1/5 5306/2/5 5300/4/5 5062/3/5
f 5069/3/2 5063/1/2 5301/2/2 5307/4/2
f 5070/1/5 5308/2/5 5302/4/5 5064/3/5
f 5071/3/2 5065/1/2 5303/2/2 5309/4/2
f 5072/1/5 5310/2/5 5304/4/5 5066/3/5
f 5073/3/2 5067/1/2 5305/2/2 5311/4/2
f 5074/1/5 5312/2/5 5306/4/5 5068/3/5
f 5075/3/2 5069/1/2 5307/2/2 5313/4/2
f 5076/1/5 5314/2/5 5308/4/5 5070/3/5
f 5077/3/2 5071/1/2 5309/2/2 5315/4/2
f 5078/1/5 5316/2/5 5310/4/5 5072/3/5
f 5079/3/2 5073/1/2 5311/2/2 5317/4/2
f 5080/1/5 5318/2/5 5312/4/5 5074/3/5
f 5081/3/2 5075/1/2 5313/2/2 5319/4/2
f 5082/1/5 5320/2/5 5314/4/5 5076/3/5
f 5083/3/2 5077/1/2 5315/2/2 5321/4/2
f 5084/1/5 5322/2/5 5316/4/5 5078/3/5
f 5085/3/2 5079/1/2 5317/2/2 5323/4/2
f 5086/1/5 5324/2/5 5318/4/5 5080/3/5
f 5087/3/2 5081/1/2 5319/2/2 5325/4/2
f 5088/1/5 5326/2/5 5320/4/5 5082/3/5
f 5089/3/2 5083/1/2 5321/2/2 5327/4/2
f 5090/1/5 5328/2/5 5322/4/5 5084/3/5
f 5091/3/2 5085/1/2 5323/2/2 5329/4/2
f 5092/1/5 5330/2/5 5324/4/5 5086/3/5
f 5093/3/2 5087/1/2 5325/2/2 5331/4/2
f 5094/1/5 5332/2/5 5326/4/5 5088/3/5
f 5095/3/2 5089/1/2 5327/2/2 5333/4/2
f 5096/1/5 5334/2/5 5328/4/5 5090/3/5
f 5097/3/2 5091/1/2 5329/2/2 5335/4/2
f 5098/1/5 5336/2/5 5330/4/5 5092/3/5
f 5099/3/2 5093/1/2 5331/2/2 5337/4/2
f 5100/1/5 5338/2/5 5332/4/5 5094/3/5
f 5101/3/2 5095/1/2 5333/2/2 5339/4/2
f 5102/1/5 5340/2/5 5334/4/5 5096/3/5
f 5103/3/2 5097/1/2 5335/2/2 5341/4/2
f 5104/1/5 5342/2/5 5336/4/5 5098/3/5
f 5105/3/2 5099/1/2 5337/2/2 5343/4/2
f 5106/1/5 5344/2/5 5338/4/5 5100/3/5
f 5107/3/2 5101/1/2 5339/2/2 5345/4/2
f 5108/1/5 5346/2/5 5340/4/5 5102/3/5
f 5109/3/2 5103/1/2 5341/2/2 5347/4/2
f 5110/1/5 5348/2/5 5342/4/5 5104/3/5
f 5111/3/2 5105/1/2 5343/2/2 5349/4/2
f 5112/1/5 5350/2/5 5344/4/5 5106/3/5
f 5113/3/2 5107/1/2 5345/2/2 5351/4/2
f 5114/1/5 5352/2/5 5346/4/5 5108/3/5
f 5115/3/2 5109/1/2 5347/2/2 5353/4/2
f 5116/1/5 5354/2/5 5348/4/5 5110/3/5
f 5117/3/2 5111/1/2 5349/2/2 5355/4/2
f 5118/1/5 5356/2/5 5350/4/5 5112/3/5
f 5119/3/2 5113/1/2 5351/2/2 5357/4/2
f 5120/1/5 5358/2/5 5352/4/5 5114/3/5
f 5121/3/2 5115/1/2 5353/2/2 5359/4/2
f 5122/1/5 5360/2/5 5354/4/5 5116/3/5
f 5123/3/2 5117/1/2 5355/2/2 5361/4/2
f 5124/1/5 5362/2/5 5356/4/5 5118/3/5
f 5125/3/2 5119/1/2 5357/2/2 5363/4/2
f 5126/1/5 5364/2/5 5358/4/5 5120/3/5
f 5127/3/2 5121/1/2 5359/2/2 5365/4/2
f 5122/2/3 5130/4/3 5366/3/3 5360/1/3
f 5367/1/4 5360/2/4 5366/4/4 5368/3/4
f 5130/2/3 5133/4/3 5369/3/3 5366/1/3
f 5368/1/4 5366/2/4 5369/4/4 5370/3/4
f 5133/2/3 5134/4/3 5371/3/3 5369/1/3
f 5370/1/4 5369/2/4 5371/4/4 5372/3/4
f 5136/1/5 5372/2/5 5371/4/5 5134/3/5
f 5138/3/2 5123/1/2 5361/2/2 5373/4/2
f 5139/1/5 5374/2/5 5362/4/5 5124/3/5
f 5140/3/2 5125/1/2 5363/2/2 5375/4/2
f 5141/1/5 5376/2/5 5364/4/5 5126/3/5
f 5155/1/5 5389/2/5 5376/4/5 5141/3/5
f 5156/3/2 5142/1/2 5377/2/2 5390/4/2
f 5157/1/5 5391/2/5 5378/4/5 5144/3/5
f 5158/3/2 5150/1/2 5384/2/2 5392/4/2
f 5159/1/5 5393/2/5 5386/4/5 5152/3/5
f 5160/3/2 5154/1/2 5388/2/2 5394/4/2
f 5161/1/5 5395/2/5 5389/4/5 5155/3/5
f 5162/3/2 5156/1/2 5390/2/2 5396/4/2
f 5163/1/5 5397/2/5 5391/4/5 5157/3/5
f 5164/3/2 5158/1/2 5392/2/2 5398/4/2
f 5165/1/5 5399/2/5 5393/4/5 5159/3/5
f 5166/3/2 5160/1/2 5394/2/2 5400/4/2
f 5167/1/5 5401/2/5 5395/4/5 5161/3/5
f 5168/3/2 5162/1/2 5396/2/2 5402/4/2
f 5169/1/5 5403/2/5 5397/4/5 5163/3/5
f 5170/3/2 5164/1/2 5398/2/2 5404/4/2
f 5171/1/5 5405/2/5 5399/4/5 5165/3/5
f 5172/3/2 5166/1/2 5400/2/2 5406/4/2
f 5173/1/5 5407/2/5 5401/4/5 5167/3/5
f 5174/3/2 5168/1/2 5402/2/2 5408/4/2
f 5175/1/5 5409/2/5 5403/4/5 5169/3/5
f 5176/3/2 5170/1/2 5404/2/2 5410/4/2
f 5177/1/5 5411/2/5 5405/4/5 5171/3/5
f 5178/3/2 5172/1/2 5406/2/2 5412/4/2
f 5179/1/5 5413/2/5 5407/4/5 5173/3/5
f 5180/3/2 5174/1/2 5408/2/2 5414/4/2
f 5181/1/5 5415/2/5 5409/4/5 5175/3/5
f 5182/3/2 5176/1/2 5410/2/2 5416/4/2
f 5183/1/5 5417/2/5 5411/4/5 5177/3/5
f 5184/3/2 5178/1/2 5412/2/2 5418/4/2
f 5185/1/5 5419/2/5 5413/4/5 5179/3/5
f 5186/3/2 5180/1/2 5414/2/2 5420/4/2
f 5187/1/5 5421/2/5 5415/4/5 5181/3/5
f 5188/3/2 5182/1/2 5416/2/2 5422/4/2
f 5189/1/5 5423/2/5 5417/4/5 5183/3/5
f 5190/3/2 5184/1/2 5418/2/2 5424/4/2
f 5191/1/5 5425/2/5 5419/4/5 5185/3/5
f 5192/3/2 5186/1/2 5420/2/2 5426/4/2
f 5193/1/5 5427/2/5 5421/4/5 5187/3/5
f 5194/3/2 5188/1/2 5422/2/2 5428/4/2
f 5195/1/5 5429/2/5 5423/4/5 5189/3/5
f 5196/3/2 5190/1/2 5424/2/2 5430/4/2
f 5197/1/5 5431/2/5 5425/4/5 5191/3/5
f 5198/3/2 5192/1/2 5426/2/2 5432/4/2
f 5199/1/5 5433/2/5 5427/4/5 5193/3/5
f 5200/3/2 5194/1/2 5428/2/2 5434/4/2
f 5201/1/5 5435/2/5 5429/4/5 5195/3/5
f 5202/3/2 5196/1/2 5430/2/2 5436/4/2
f 5203/1/5 5437/2/5 5431/4/5 5197/3/5
f 5204/3/2 5198/1/2 5432/2/2 5438/4/2
f 5205/1/5 5439/2/5 5433/4/5 5199/3/5
f 5206/3/2 5200/1/2 5434/2/2 5440/4/2
f 5207/1/5 5441/2/5 5435/4/5 5201/3/5
f 5208/3/2 5202/1/2 5436/2/2 5442/4/2
f 5209/1/5 5443/2/5 5437/4/5 5203/3/5
f 5210/3/2 5204/1/2 5438/2/2 5444/4/2
f 5211/1/5 5445/2/5 5439/4/5 5205/3/5
f 5212/3/2 5206/1/2 5440/2/2 5446/4/2
f 5213/1/5 5447/2/5 5441/4/5 5207/3/5
f 5214/3/2 5208/1/2 5442/2/2 5448/4/2
f 5215/1/5 5449/2/5 5443/4/5 5209/3/5
f 5216/3/2 5210/1/2 5444/2/2 5450/4/2
f 5217/1/5 5451/2/5 5445/4/5 5211/3/5
f 5218/3/2 5212/1/2 5446/2/2 5452/4/2
f 5219/1/5 5453/2/5 5447/4/5 5213/3/5
f 5220/3/2 5214/1/2 5448/2/2 5454/4/2
f 5221/1/5 5455/2/5 5449/4/5 5215/3/5
f 5222/3/2 5216/1/2 5450/2/2 5456/4/2
f 5223/1/5 5457/2/5 5451/4/5 5217/3/5
f 5224/3/2 5218/1/2 5452/2/2 5458/4/2
f 5225/1/5 5459/2/5 5453/4/5 5219/3/5
f 5226/3/2 5220/1/2 5454/2/2 5460/4/2
f 5227/1/5 5461/2/5 5455/4/5 5221/3/5
f 5228/3/2 5222/1/2 5456/2/2 5462/4/2
f 5229/1/5 5463/2/5 5457/4/5 5223/3/5
f 5230/3/2 5224/1/2 5458/2/2 5464/4/2
f 5231/1/5 5465/2/5 5459/4/5 5225/3/5
f 5232/3/2 5226/1/2 5460/2/2 5466/4/2
f 5233/1/5 5467/2/5 5461/4/5 5227/3/5
f 5234/3/2 5228/1/2 5462/2/2 5468/4/2
f 5229/2/3 5237/4/3 5469/3/3 5463/1/3
f 5470/1/4 5463/2/4 5469/4/4 5471/3/4
f 5237/2/3 5240/4/3 5472/3/3 5469/1/3
f 5471/1/4 5469/2/4 5472/4/4 5473/3/4
f 5240/2/3 5241/4/3 5474/3/3 5472/1/3
f 5473/1/4 5472/2/4 5474/4/4 5475/3/4
f 5243/1/5 5475/2/5 5474/4/5 5241/3/5
f 5245/3/2 5230/1/2 5464/2/2 5476/4/2
f 5246/1/5 5477/2/5 5465/4/5 5231/3/5
f 5247/3/2 5232/1/2 5466/2/2 5478/4/2
f 5248/1/5 5479/2/5 5467/4/5 5233/3/5
f 5262/1/5 5492/2/5 5479/4/5 5248/3/5
f 5261/1/6 5491/2/6 5492/4/6 5262/3/6
f 5263/3/2 5257/1/2 5487/2/2 5493/4/2
f 5264/1/5 5494/2/5 5489/4/5 5259/3/5
f 5263/1/6 5493/2/6 5494/4/6 5264/3/6
f 5277/2/3 5279/4/3 5509/3/3 5507/1/3
f 5283/2/3 5285/4/3 5515/3/3 5513/1/3
f 5286/1/5 5516/2/5 5515/4/5 5285/3/5
f 5287/3/2 5265/1/2 5495/2/2 5517/4/2
f 5288/1/5 5518/2/5 5499/4/5 5269/3/5
f 5289/3/2 5278/1/2 5508/2/2 5519/4/2
f 5290/1/5 5520/2/5 5511/4/5 5281/3/5
f 5291/3/2 5284/1/2 5514/2/2 5521/4/2
f 5292/1/5 5522/2/5 5516/4/5 5286/3/5
f 5293/3/2 5287/1/2 5517/2/2 5523/4/2
f 5294/1/5 5524/2/5 5518/4/5 5288/3/5
f 5295/3/2 5289/1/2 5519/2/2 5525/4/2
f 5296/1/5 5526/2/5 5520/4/5 5290/3/5
f 5297/3/2 5291/1/2 5521/2/2 5527/4/2
f 5298/1/5 5528/2/5 5522/4/5 5292/3/5
f 5299/3/2 5293/1/2 5523/2/2 5529/4/2
f 5300/1/5 5530/2/5 5524/4/5 5294/3/5
f 5301/3/2 5295/1/2 5525/2/2 5531/4/2
f 5302/1/5 5532/2/5 5526/4/5 5296/3/5
f 5303/3/2 5297/1/2 5527/2/2 5533/4/2
f 5304/1/5 5534/2/5 5528/4/5 5298/3/5
f 5305/3/2 5299/1/2 5529/2/2 5535/4/2
f 5306/1/5 5536/2/5 5530/4/5 5300/3/5
f 5307/3/2 5301/1/2 5531/2/2 5537/4/2
f 5308/1/5 5538/2/5 5532/4/5 5302/3/5
f 5309/3/2 5303/1/2 5533/2/2 5539/4/2
f 5310/1/5 5540/2/5 5534/4/5 5304/3/5
f 5311/3/2 5305/1/2 5535/2/2 5541/4/2
f 5312/1/5 5542/2/5 5536/4/5 5306/3/5
f 5313/3/2 5307/1/2 5537/2/2 5543/4/2
f 5314/1/5 5544/2/5 5538/4/5 5308/3/5
f 5315/3/2 5309/1/2 5539/2/2 5545/4/2
f 5316/1/5 5546/2/5 5540/4/5 5310/3/5
f 5317/3/2 5311/1/2 5541/2/2 5547/4/2
f 5318/1/5 5548/2/5 5542/4/5 5312/3/5
f 5319/3/2 5313/1/2 5543/2/2 5549/4/2
f 5320/1/5 5550/2/5 5544/4/5 5314/3/5
f 5321/3/2 5315/1/2 5545/2/2 5551/4/2
f 5322/1/5 5552/2/5 5546/4/5 5316/3/5
f 5323/3/2 5317/1/2 5547/2/2 5553/4/2
f 5324/1/5 5554/2/5 5548/4/5 5318/3/5
f 5325/3/2 5319/1/2 5549/2/2 5555/4/2
f 5326/1/5 5556/2/5 5550/4/5 5320/3/5
f 5327/3/2 5321/1/2 5551/2/2 5557/4/2
f 5328/1/5 5558/2/5 5552/4/5 5322/3/5
f 5329/3/2 5323/1/2 5553/2/2 5559/4/2
f 5330/1/5 5560/2/5 5554/4/5 5324/3/5
f 5331/3/2 5325/1/2 5555/2/2 5561/4/2
f 5332/1/5 5562/2/5 5556/4/5 5326/3/5
f 5333/3/2 5327/1/2 5557/2/2 5563/4/2
f 5334/1/5 5564/2/5 5558/4/5 5328/3/5
f 5335/3/2 5329/1/2 5559/2/2 5565/4/2
f 5336/1/5 5566/2/5 5560/4/5 5330/3/5
f 5337/3/2 5331/1/2 5561/2/2 5567/4/2
f 5338/1/5 5568/2/5 5562/4/5 5332/3/5
f 5339/3/2 5333/1/2 5563/2/2 5569/4/2
f 5340/1/5 5570/2/5 5564/4/5 5334/3/5
f 5341/3/2 5335/1/2 5565/2/2 5571/4/2
f 5342/1/5 5572/2/5 5566/4/5 5336/3/5
f 5343/3/2 5337/1/2 5567/2/2 5573/4/2
f 5344/1/5 5574/2/5 5568/4/5 5338/3/5
f 5345/3/2 5339/1/2 5569/2/2 5575/4/2
f 5346/1/5 5576/2/5 5570/4/5 5340/3/5
f 5347/3/2 5341/1/2 5571/2/2 5577/4/2
f 5348/1/5 5578/2/5 5572/4/5 5342/3/5
f 5349/3/2 5343/1/2 5573/2/2 5579/4/2
f 5350/1/5 5580/2/5 5574/4/5 5344/3/5
f 5351/3/2 5345/1/2 5575/2/2 5581/4/2
f 5352/1/5 5582/2/5 5576/4/5 5346/3/5
f 5353/3/2 5347/1/2 5577/2/2 5583/4/2
f 5354/1/5 5584/2/5 5578/4/5 5348/3/5
f 5355/3/2 5349/1/2 5579/2/2 5585/4/2
f 5356/1/5 5586/2/5 5580/4/5 5350/3/5
f 5357/3/2 5351/1/2 5581/2/2 5587/4/2
f 5358/1/5 5588/2/5 5582/4/5 5352/3/5
f 5359/3/2 5353/1/2 5583/2/2 5589/4/2
f 5360/1/5 5590/2/5 5584/4/5 5354/3/5
f 5361/3/2 5355/1/2 5585/2/2 5591/4/2
f 5362/1/5 5592/2/5 5586/4/5 5356/3/5
f 5363/3/2 5357/1/2 5587/2/2 5593/4/2
f 5364/1/5 5594/2/5 5588/4/5 5358/3/5
f 5365/3/2 5359/1/2 5589/2/2 5595/4/2
f 5367/1/5 5596/2/5 5590/4/5 5360/3/5
f 5373/3/2 5361/1/2 5591/2/2 5597/4/2
f 5374/1/5 5598/2/5 5592/4/5 5362/3/5
f 5375/3/2 5363/1/2 5593/2/2 5599/4/2
f 5376/1/5 5600/2/5 5594/4/5 5364/3/5
f 5389/1/5 5616/2/5 5600/4/5 5376/3/5
f 5390/3/2 5377/1/2 5601/2/2 5617/4/2
f 5391/1/5 5618/2/5 5603/4/5 5378/3/5
f 5392/3/2 5384/1/2 5611/2/2 5619/4/2
f 5393/1/5 5620/2/5 5613/4/5 5386/3/5
f 5394/3/2 5388/1/2 5615/2/2 5621/4/2
f 5395/1/5 5622/2/5 5616/4/5 5389/3/5
f 5396/3/2 5390/1/2 5617/2/2 5623/4/2
f 5397/1/5 5624/2/5 5618/4/5 5391/3/5
f 5398/3/2 5392/1/2 5619/2/2 5625/4/2
f 5399/1/5 5626/2/5 5620/4/5 5393/3/5
f 5400/3/2 5394/1/2 5621/2/2 5627/4/2
f 5401/1/5 5628/2/5 5622/4/5 5395/3/5
f 5402/3/2 5396/1/2 5623/2/2 5629/4/2
f 5403/1/5 5630/2/5 5624/4/5 5397/3/5
f 5404/3/2 5398/1/2 5625/2/2 5631/4/2
f 5405/1/5 5632/2/5 5626/4/5 5399/3/5
f 5406/3/2 5400/1/2 5627/2/2 5633/4/2
f 5407/1/5 5634/2/5 5628/4/5 5401/3/5
f 5408/3/2 5402/1/2 5629/2/2 5635/4/2
f 5409/1/5 5636/2/5 5630/4/5 5403/3/5
f 5410/3/2 5404/1/2 5631/2/2 5637/4/2
f 5411/1/5 5638/2/5 5632/4/5 5405/3/5
f 5412/3/2 5406/1/2 5633/2/2 5639/4/2
f 5413/1/5 5640/2/5 5634/4/5 5407/3/5
f 5414/3/2 5408/1/2 5635/2/2 5641/4/2
f 5415/1/5 5642/2/5 5636/4/5 5409/3/5
f 5416/3/2 5410/1/2 5637/2/2 5643/4/2
f 5417/1/5 5644/2/5 5638/4/5 5411/3/5
f 5418/3/2 5412/1/2 5639/2/2 5645/4/2
f 5419/1/5 5646/2/5 5640/4/5 5413/3/5
f 5420/3/2 5414/1/2 5641/2/2 5647/4/2
f 5421/1/5 5648/2/5 5642/4/5 5415/3/5
f 5422/3/2 5416/1/2 5643/2/2 5649/4/2
f 5423/1/5 5650/2/5 5644/4/5 5417/3/5
f 5424/3/2 5418/1/2 5645/2/2 5651/4/2
f 5425/1/5 5652/2/5 5646/4/5 5419/3/5
f 5426/3/2 5420/1/2 5647/2/2 5653/4/2
f 5427/1/5 5654/2/5 5648/4/5 5421/3/5
f 5428/3/2 5422/1/2 5649/2/2 5655/4/2
f 5429/1/5 5656/2/5 5650/4/5 5423/3/5
f 5430/3/2 5424/1/2 5651/2/2 5657/4/2
f 5431/1/5 5658/2/5 5652/4/5 5425/3/5
f 5432/3/2 5426/1/2 5653/2/2 5659/4/2
f 5433/1/5 5660/2/5 5654/4/5 5427/3/5
f 5434/3/2 5428/1/2 5655/2/2 5661/4/2
f 5435/1/5 5662/2/5 5656/4/5 5429/3/5
f 5436/3/2 5430/1/2 5657/2/2 5663/4/2
f 5437/1/5 5664/2/5 5658/4/5 5431/3/5
f 5438/3/2 5432/1/2 5659/2/2 5665/4/2
f 5439/1/5 5666/2/5 5660/4/5 5433/3/5
f 5440/3/2 5434/1/2 5661/2/2 5667/4/2
f 5441/1/5 5668/2/5 5662/4/5 5435/3/5
f 5442/3/2 5436/1/2 5663/2/2 5669/4/2
f 5443/1/5 5670/2/5 5664/4/5 5437/3/5
f 5444/3/2 5438/1/2 5665/2/2 5671/4/2
f 5445/1/5 5672/2/5 5666/4/5 5439/3/5
f 5446/3/2 5440/1/2 5667/2/2 5673/4/2
f 5447/1/5 5674/2/5 5668/4/5 5441/3/5
f 5448/3/2 5442/1/2 5669/2/2 5675/4/2
f 5449/1/5 5676/2/5 5670/4/5 5443/3/5
f 5450/3/2 5444/1/2 5671/2/2 5677/4/2
f 5451/1/5 5678/2/5 5672/4/5 5445/3/5
f 5452/3/2 5446/1/2 5673/2/2 5679/4/2
f 5453/1/5 5680/2/5 5674/4/5 5447/3/5
f 5454/3/2 5448/1/2 5675/2/2 5681/4/2
f 5455/1/5 5682/2/5 5676/4/5 5449/3/5
f 5456/3/2 5450/1/2 5677/2/2 5683/4/2
f 5457/1/5 5684/2/5 5678/4/5 5451/3/5
f 5458/3/2 5452/1/2 5679/2/2 5685/4/2
f 5459/1/5 5686/2/5 5680/4/5 5453/3/5
f 5460/3/2 5454/1/2 5681/2/2 5687/4/2
f 5461/1/5 5688/2/5 5682/4/5 5455/3/5
f 5462/3/2 5456/1/2 5683/2/2 5689/4/2
f 5463/1/5 5690/2/5 5684/4/5 5457/3/5
f 5464/3/2 5458/1/2 5685/2/2 5691/4/2
f 5465/1/5 5692/2/5 5686/4/5 5459/3/5
f 5466/3/2 5460/1/2 5687/2/2 5693/4/2
f 5467/1/5 5694/2/5 5688/4/5 5461/3/5
f 5468/3/2 5462/1/2 5689/2/2 5695/4/2
f 5470/1/5 5696/2/5 5690/4/5 5463/3/5
f 5476/3/2 5464/1/2 5691/2/2 5697/4/2
f 5477/1/5 5698/2/5 5692/4/5 5465/3/5
f 5478/3/2 5466/1/2 5693/2/2 5699/4/2
f 5479/1/5 5700/2/5 5694/4/5 5467/3/5
f 5492/1/5 5716/2/5 5700/4/5 5479/3/5
f 5491/1/6 5715/2/6 5716/4/6 5492/3/6
f 5493/3/2 5487/1/2 5711/2/2 5717/4/2
f 5494/1/5 5718/2/5 5713/4/5 5489/3/5
f 5493/1/6 5717/2/6 5718/4/6 5494/3/6
f 5507/2/3 5509/4/3 5733/3/3 5731/1/3
f 5513/2/3 5515/4/3 5739/3/3 5737/1/3
f 5516/1/5 5740/2/5 5739/4/5 5515/3/5
f 5517/3/2 5495/1/2 5719/2/2 5741/4/2
f 5518/1/5 5742/2/5 5723/4/5 5499/3/5
f 5519/3/2 5508/1/2 5732/2/2 5743/4/2
f 5520/1/5 5744/2/5 5735/4/5 5511/3/5
f 5521/3/2 5514/1/2 5738/2/2 5745/4/2
f 5522/1/5 5746/2/5 5740/4/5 5516/3/5
f 5523/3/2 5517/1/2 5741/2/2 5747/4/2
f 5524/1/5 5748/2/5 5742/4/5 5518/3/5
f 5525/3/2 5519/1/2 5743/2/2 5749/4/2
f 5526/1/5 5750/2/5 5744/4/5 5520/3/5
f 5527/3/2 5521/1/2 5745/2/2 5751/4/2
f 5528/1/5 5752/2/5 5746/4/5 5522/3/5
f 5529/3/2 5523/1/2 5747/2/2 5753/4/2
f 5530/1/5 5754/2/5 5748/4/5 5524/3/5
f 5531/3/2 5525/1/2 5749/2/2 5755/4/2
f 5532/1/5 5756/2/5 5750/4/5 5526/3/5
f 5533/3/2 5527/1/2 5751/2/2 5757/4/2
f 5534/1/5 5758/2/5 5752/4/5 5528/3/5
f 5535/3/2 5529/1/2 5753/2/2 5759/4/2
f 5536/1/5 5760/2/5 5754/4/5 5530/3/5
f 5537/3/2 5531/1/2 5755/2/2 5761/4/2
f 5538/1/5 5762/2/5 5756/4/5 5532/3/5
f 5539/3/2 5533/1/2 5757/2/2 5763/4/2
f 5540/1/5 5764/2/5 5758/4/5 5534/3/5
f 5541/3/2 5535/1/2 5759/2/2 5765/4/2
f 5542/1/5 5766/2/5 5760/4/5 5536/3/5
f 5543/3/2 5537/1/2 5761/2/2 5767/4/2
f 5544/1/5 5768/2/5 5762/4/5 5538/3/5
f 5545/3/2 5539/1/2 5763/2/2 5769/4/2
f 5546/1/5 5770/2/5 5764/4/5 5540/3/5
f 5547/3/2 5541/1/2 5765/2/2 5771/4/2
f 5548/1/5 5772/2/5 5766/4/5 5542/3/5
f 5549/3/2 5543/1/2 5767/2/2 5773/4/2
f 5550/1/5 5774/2/5 5768/4/5 5544/3/5
f 5551/3/2 5545/1/2 5769/2/2 5775/4/2
f 5552/1/5 5776/2/5 5770/4/5 5546/3/5
f 5553/3/2 5547/1/2 5771/2/2 5777/4/2
f 5554/1/5 5778/2/5 5772/4/5 5548/3/5
f 5555/3/2 5549/1/2 5773/2/2 5779/4/2
f 5556/1/5 5780/2/5 5774/4/5 5550/3/5
f 5557/3/2 5551/1/2 5775/2/2 5781/4/2
f 5558/1/5 5782/2/5 5776/4/5 5552/3/5
f 5559/3/2 5553/1/2 5777/2/2 5783/4/2
f 5560/1/5 5784/2/5 5778/4/5 5554/3/5
f 5561/3/2 5555/1/2 5779/2/2 5785/4/2
f 5562/1/5 5786/2/5 5780/4/5 5556/3/5
f 5563/3/2 5557/1/2 5781/2/2 5787/4/2
f 5564/1/5 5788/2/5 5782/4/5 5558/3/5
f 5565/3/2 5559/1/2 5783/2/2 5789/4/2
f 5566/1/5 5790/2/5 5784/4/5 5560/3/5
f 5567/3/2 5561/1/2 5785/2/2 5791/4/2
f 5568/1/5 5792/2/5 5786/4/5 5562/3/5
f 5569/3/2 5563/1/2 5787/2/2 5793/4/2
f 5570/1/5 5794/2/5 5788/4/5 5564/3/5
f 5571/3/2 5565/1/2 5789/2/2 5795/4/2
f 5572/1/5 5796/2/5 5790/4/5 5566/3/5
f 5573/3/2 5567/1/2 5791/2/2 5797/4/2
f 5574/1/5 5798/2/5 5792/4/5 5568/3/5
f 5575/3/2 5569/1/2 5793/2/2 5799/4/2
f 5576/1/5 5800/2/5 5794/4/5 5570/3/5
f 5577/3/2 5571/1/2 5795/2/2 5801/4/2
f 5578/1/5 5802/2/5 5796/4/5 5572/3/5
f 5579/3/2 5573/1/2 5797/2/2 5803/4/2
f 5580/1/5 5804/2/5 5798/4/5 5574/3/5
f 5581/3/2 5575/1/2 5799/2/2 5805/4/2
f 5582/1/5 5806/2/5 5800/4/5 5576/3/5
f 5583/3/2 5577/1/2 5801/2/2 5807/4/2
f 5584/1/5 5808/2/5 5802/4/5 5578/3/5
f 5585/3/2 5579/1/2 5803/2/2 5809/4/2
f 5586/1/5 5810/2/5 5804/4/5 5580/3/5
f 5587/3/2 5581/1/2 5805/2/2 5811/4/2
f 5588/1/5 5812/2/5 5806/4/5 5582/3/5
f 5589/3/2 5583/1/2 5807/2/2 5813/4/2
f 5590/1/5 5814/2/5 5808/4/5 5584/3/5
f 5591/3/2 5585/1/2 5809/2/2 5815/4/2
f 5592/1/5 5816/2/5 5810/4/5 5586/3/5
f 5593/3/2 5587/1/2 5811/2/2 5817/4/2
f 5594/1/5 5818/2/5 5812/4/5 5588/3/5
f 5595/3/2 5589/1/2 5813/2/2 5819/4/2
f 5596/1/5 5820/2/5 5814/4/5 5590/3/5
f 5597/3/2 5591/1/2 5815/2/2 5821/4/2
f 5598/1/5 5822/2/5 5816/4/5 5592/3/5
f 5599/3/2 5593/1/2 5817/2/2 5823/4/2
f 5600/1/5 5824/2/5 5818/4/5 5594/3/5
f 5616/1/5 5840/2/5 5824/4/5 5600/3/5
f 5617/3/2 5601/1/2 5825/2/2 5841/4/2
f 5618/1/5 5842/2/5 5827/4/5 5603/3/5
f 5619/3/2 5611/1/2 5835/2/2 5843/4/2
f 5620/1/5 5844/2/5 5837/4/5 5613/3/5
f 5621/3/2 5615/1/2 5839/2/2 5845/4/2
f 5622/1/5 5846/2/5 5840/4/5 5616/3/5
f 5623/3/2 5617/1/2 5841/2/2 5847/4/2
f 5624/1/5 5848/2/5 5842/4/5 5618/3/5
f 5625/3/2 5619/1/2 5843/2/2 5849/4/2
f 5626/1/5 5850/2/5 5844/4/5 5620/3/5
f 5627/3/2 5621/1/2 5845/2/2 5851/4/2
f 5628/1/5 5852/2/5 5846/4/5 5622/3/5
f 5629/3/2 5623/1/2 5847/2/2 5853/4/2
f 5630/1/5 5854/2/5 5848/4/5 5624/3/5
f 5631/3/2 5625/1/2 5849/2/2 5855/4/2
f 5632/1/5 5856/2/5 5850/4/5 5626/3/5
f 5633/3/2 5627/1/2 5851/2/2 5857/4/2
f 5634/1/5 5858/2/5 5852/4/5 5628/3/5
f 5635/3/2 5629/1/2 5853/2/2 5859/4/2
f 5636/1/5 5860/2/5 5854/4/5 5630/3/5
f 5637/3/2 5631/1/2 5855/2/2 5861/4/2
f 5638/1/5 5862/2/5 5856/4/5 5632/3/5
f 5639/3/2 5633/1/2 5857/2/2 5863/4/2
f 5640/1/5 5864/2/5 5858/4/5 5634/3/5
f 5641/3/2 5635/1/2 5859/2/2 5865/4/2
f 5642/1/5 5866/2/5 5860/4/5 5636/3/5
f 5643/3/2 5637/1/2 5861/2/2 5867/4/2
f 5644/1/5 5868/2/5 5862/4/5 5638/3/5
f 5645/3/2 5639/1/2 5863/2/2 5869/4/2
f 5646/1/5 5870/2/5 5864/4/5 5640/3/5
f 5647/3/2 5641/1/2 5865/2/2 5871/4/2
f 5648/1/5 5872/2/5 5866/4/5 5642/3/5
f 5649/3/2 5643/1/2 5867/2/2 5873/4/2
f 5650/1/5 5874/2/5 5868/4/5 5644/3/5
f 5651/3/2 5645/1/2 5869/2/2 5875/4/2
f 5652/1/5 5876/2/5 5870/4/5 5646/3/5
f 5653/3/2 5647/1/2 5871/2/2 5877/4/2
f 5654/1/5 5878/2/5 5872/4/5 5648/3/5
f 5655/3/2 5649/1/2 5873/2/2 5879/4/2
f 5656/1/5 5880/2/5 5874/4/5 5650/3/5
f 5657/3/2 5651/1/2 5875/2/2 5881/4/2
f 5658/1/5 5882/2/5 5876/4/5 5652/3/5
f 5659/3/2 5653/1/2 5877/2/2 5883/4/2
f 5660/1/5 5884/2/5 5878/4/5 5654/3/5
f 5661/3/2 5655/1/2 5879/2/2 5885/4/2
f 5662/1/5 5886/2/5 5880/4/5 5656/3/5
f 5663/3/2 5657/1/2 5881/2/2 5887/4/2
f 5664/1/5 5888/2/5 5882/4/5 5658/3/5
f 5665/3/2 5659/1/2 5883/2/2 5889/4/2
f 5666/1/5 5890/2/5 5884/4/5 5660/3/5
f 5667/3/2 5661/1/2 5885/2/2 5891/4/2
f 5668/1/5 5892/2/5 5886/4/5 5662/3/5
f 5669/3/2 5663/1/2 5887/2/2 5893/4/2
f 5670/1/5 5894/2/5 5888/4/5 5664/3/5
f 5671/3/2 5665/1/2 5889/2/2 5895/4/2
f 5672/1/5 5896/2/5 5890/4/5 5666/3/5
f 5673/3/2 5667/1/2 5891/2/2 5897/4/2
f 5674/1/5 5898/2/5 5892/4/5 5668/3/5
f 5675/3/2 5669/1/2 5893/2/2 5899/4/2
f 5676/1/5 5900/2/5 5894/4/5 5670/3/5
f 5677/3/2 5671/1/2 5895/2/2 5901/4/2
f 5678/1/5 5902/2/5 5896/4/5 5672/3/5
f 5679/3/2 5673/1/2 5897/2/2 5903/4/2
f 5680/1/5 5904/2/5 5898/4/5 5674/3/5
f 5681/3/2 5675/1/2 5899/2/2 5905/4/2
f 5682/1/5 5906/2/5 5900/4/5 5676/3/5
f 5683/3/2 5677/1/2 5901/2/2 5907/4/2
f 5684/1/5 5908/2/5 5902/4/5 5678/3/5
f 5685/3/2 5679/1/2 5903/2/2 5909/4/2
f 5686/1/5 5910/2/5 5904/4/5 5680/3/5
f 5687/3/2 5681/1/2 5905/2/2 5911/4/2
f 5688/1/5 5912/2/5 5906/4/5 5682/3/5
f 5689/3/2 5683/1/2 5907/2/2 5913/4/2
f 5690/1/5 5914/2/5 5908/4/5 5684/3/5
f 5691/3/2 5685/1/2 5909/2/2 5915/4/2
f 5692/1/5 5916/2/5 5910/4/5 5686/3/5
f 5693/3/2 5687/1/2 5911/2/2 5917/4/2
f 5694/1/5 5918/2/5 5912/4/5 5688/3/5
f 5695/3/2 5689/1/2 5913/2/2 5919/4/2
f 5696/1/5 5920/2/5 5914/4/5 5690/3/5
f 5697/3/2 5691/1/2 5915/2/2 5921/4/2
f 5698/1/5 5922/2/5 5916/4/5 5692/3/5
f 5699/3/2 5693/1/2 5917/2/2 5923/4/2
f 5700/1/5 5924/2/5 5918/4/5 5694/3/5
f 5716/1/5 5940/2/5 5924/4/5 5700/3/5
f 5715/1/6 5939/2/6 5940/4/6 5716/3/6
f 5717/3/2 5711/1/2 5935/2/2 5941/4/2
f 5718/1/5 5942/2/5 5937/4/5 5713/3/5
f 5717/1/6 5941/2/6 5942/4/6 5718/3/6
f 5731/2/3 5733/4/3 5957/3/3 5955/1/3
f 5737/2/3 5739/4/3 5963/3/3 5961/1/3
f 5740/1/5 5964/2/5 5963/4/5 5739/3/5
f 5741/3/2 5719/1/2 5943/2/2 5965/4/2
f 5742/1/5 5966/2/5 5947/4/5 5723/3/5
f 5743/3/2 5732/1/2 5956/2/2 5967/4/2
f 5744/1/5 5968/2/5 5959/4/5 5735/3/5
f 5745/3/2 5738/1/2 5962/2/2 5969/4/2
f 5746/1/5 5970/2/5 5964/4/5 5740/3/5
f 5747/3/2 5741/1/2 5965/2/2 5971/4/2
f 5748/1/5 5972/2/5 5966/4/5 5742/3/5
f 5749/3/2 5743/1/2 5967/2/2 5973/4/2
f 5750/1/5 5974/2/5 5968/4/5 5744/3/5
f 5751/3/2 5745/1/2 5969/2/2 5975/4/2
f 5752/1/5 5976/2/5 5970/4/5 5746/3/5
f 5753/3/2 5747/1/2 5971/2/2 5977/4/2
f 5754/1/5 5978/2/5 5972/4/5 5748/3/5
f 5755/3/2 5749/1/2 5973/2/2 5979/4/2
f 5756/1/5 5980/2/5 5974/4/5 5750/3/5
f 5757/3/2 5751/1/2 5975/2/2 5981/4/2
f 5758/1/5 5982/2/5 5976/4/5 5752/3/5
f 5759/3/2 5753/1/2 5977/2/2 5983/4/2
f 5760/1/5 5984/2/5 5978/4/5 5754/3/5
f 5761/3/2 5755/1/2 5979/2/2 5985/4/2
f 5762/1/5 5986/2/5 5980/4/5 5756/3/5
f 5763/3/2 5757/1/2 5981/2/2 5987/4/2
f 5764/1/5 5988/2/5 5982/4/5 5758/3/5
f 5765/3/2 5759/1/2 5983/2/2 5989/4/2
f 5766/1/5 5990/2/5 5984/4/5 5760/3/5
f 5767/3/2 5761/1/2 5985/2/2 5991/4/2
f 5768/1/5 5992/2/5 5986/4/5 5762/3/5
f 5769/3/2 5763/1/2 5987/2/2 5993/4/2
f 5770/1/5 5994/2/5 5988/4/5 5764/3/5
f 5771/3/2 5765/1/2 5989/2/2 5995/4/2
f 5772/1/5 5996/2/5 5990/4/5 5766/3/5
f 5773/3/2 5767/1/2 5991/2/2 5997/4/2
f 5774/1/5 5998/2/5 5992/4/5 5768/3/5
f 5775/3/2 5769/1/2 5993/2/2 5999/4/2
f 5776/1/5 6000/2/5 5994/4/5 5770/3/5
f 5777/3/2 5771/1/2 5995/2/2 6001/4/2
f 5778/1/5 6002/2/5 5996/4/5 5772/3/5
f 5779/3/2 5773/1/2 5997/2/2 6003/4/2
f 5780/1/5 6004/2/5 5998/4/5 5774/3/5
f 5781/3/2 5775/1/2 5999/2/2 6005/4/2
f 5782/1/5 6006/2/5 6000/4/5 5776/3/5
f 5783/3/2 5777/1/2 6001/2/2 6007/4/2
f 5784/1/5 6008/2/5 6002/4/5 5778/3/5
f 5785/3/2 5779/1/2 6003/2/2 6009/4/2
f 5786/1/5 6010/2/5 6004/4/5 5780/3/5
f 5787/3/2 5781/1/2 6005/2/2 6011/4/2
f 5788/1/5 6012/2/5 6006/4/5 5782/3/5
f 5789/3/2 5783/1/2 6007/2/2 6013/4/2
f 5790/1/5 6014/2/5 6008/4/5 5784/3/5
f 5791/3/2 5785/1/2 6009/2/2 6015/4/2
f 5792/1/5 6016/2/5 6010/4/5 5786/3/5
f 5793/3/2 5787/1/2 6011/2/2 6017/4/2
f 5794/1/5 6018/2/5 6012/4/5 5788/3/5
f 5795/3/2 5789/1/2 6013/2/2 6019/4/2
f 5796/1/5 6020/2/5 6014/4/5 5790/3/5
f 5797/3/2 5791/1/2 6015/2/2 6021/4/2
f 5798/1/5 6022/2/5 6016/4/5 5792/3/5
f 5799/3/2 5793/1/2 6017/2/2 6023/4/2
f 5800/1/5 6024/2/5 6018/4/5 5794/3/5
f 5801/3/2 5795/1/2 6019/2/2 6025/4/2
f 5802/1/5 6026/2/5 6020/4/5 5796/3/5
f 5803/3/2 5797/1/2 6021/2/2 6027/4/2
f 5804/1/5 6028/2/5 6022/4/5 5798/3/5
f 5805/3/2 5799/1/2 6023/2/2 6029/4/2
f 5806/1/5 6030/2/5 6024/4/5 5800/3/5
f 5807/3/2 5801/1/2 6025/2/2 6031/4/2
f 5808/1/5 6032/2/5 6026/4/5 5802/3/5
f 5809/3/2 5803/1/2 6027/2/2 6033/4/2
f 5810/1/5 6034/2/5 6028/4/5 5804/3/5
f 5811/3/2 5805/1/2 6029/2/2 6035/4/2
f 5812/1/5 6036/2/5 6030/4/5 5806/3/5
f 5813/3/2 5807/1/2 6031/2/2 6037/4/2
f 5814/1/5 6038/2/5 6032/4/5 5808/3/5
f 5815/3/2 5809/1/2 6033/2/2 6039/4/2
f 5816/1/5 6040/2/5 6034/4/5 5810/3/5
f 5817/3/2 5811/1/2 6035/2/2 6041/4/2
f 5818/1/5 6042/2/5 6036/4/5 5812/3/5
f 5819/3/2 5813/1/2 6037/2/2 6043/4/2
f 5820/1/5 6044/2/5 6038/4/5 5814/3/5
f 5821/3/2 5815/1/2 6039/2/2 6045/4/2
f 5822/1/5 6046/2/5 6040/4/5 5816/3/5
f 5823/3/2 5817/1/2 6041/2/2 6047/4/2
f 5824/1/5 6048/2/5 6042/4/5 5818/3/5
f 5840/1/5 6064/2/5 6048/4/5 5824/3/5
f 5841/3/2 5825/1/2 6049/2/2 6065/4/2
f 5842/1/5 6066/2/5 6051/4/5 5827/3/5
f 5843/3/2 5835/1/2 6059/2/2 6067/4/2
f 5844/1/5 6068/2/5 6061/4/5 5837/3/5
f 5845/3/2 5839/1/2 6063/2/2 6069/4/2
f 5846/1/5 6070/2/5 6064/4/5 5840/3/5
f 5847/3/2 5841/1/2 6065/2/2 6071/4/2
f 5848/1/5 6072/2/5 6066/4/5 5842/3/5
f 5849/3/2 5843/1/2 6067/2/2 6073/4/2
f 5850/1/5 6074/2/5 6068/4/5 5844/3/5
f 5851/3/2 5845/1/2 6069/2/2 6075/4/2
f 5852/1/5 6076/2/5 6070/4/5 5846/3/5
f 5853/3/2 5847/1/2 6071/2/2 6077/4/2
f 5854/1/5 6078/2/5 6072/4/5 5848/3/5
f 5855/3/2 5849/1/2 6073/2/2 6079/4/2
f 5856/1/5 6080/2/5 6074/4/5 5850/3/5
f 5857/3/2 5851/1/2 6075/2/2 6081/4/2
f 5858/1/5 6082/2/5 6076/4/5 5852/3/5
f 5859/3/2 5853/1/2 6077/2/2 6083/4/2
f 5860/1/5 6084/2/5 6078/4/5 5854/3/5
f 5861/3/2 5855/1/2 6079/2/2 6085/4/2
f 5862/1/5 6086/2/5 6080/4/5 5856/3/5
f 5863/3/2 5857/1/2 6081/2/2 6087/4/2
f 5864/1/5 6088/2/5 6082/4/5 5858/3/5
f 5865/3/2 5859/1/2 6083/2/2 6089/4/2
f 5866/1/5 6090/2/5 6084/4/5 5860/3/5
f 5867/3/2 5861/1/2 6085/2/2 6091/4/2
f 5868/1/5 6092/2/5 6086/4/5 5862/3/5
f 5869/3/2 5863/1/2 6087/2/2 6093/4/2
f 5870/1/5 6094/2/5 6088/4/5 5864/3/5
f 5871/3/2 5865/1/2 6089/2/2 6095/4/2
f 5872/1/5 6096/2/5 6090/4/5 5866/3/5
f 5873/3/2 5867/1/2 6091/2/2 6097/4/2
f 5874/1/5 6098/2/5 6092/4/5 5868/3/5
f 5875/3/2 5869/1/2 6093/2/2 6099/4/2
f 5876/1/5 6100/2/5 6094/4/5 5870/3/5
f 5877/3/2 5871/1/2 6095/2/2 6101/4/2
f 5878/1/5 6102/2/5 6096/4/5 5872/3/5
f 5879/3/2 5873/1/2 6097/2/2 6103/4/2
f 5880/1/5 6104/2/5 6098/4/5 5874/3/5
f 5881/3/2 5875/1/2 6099/2/2 6105/4/2
f 5882/1/5 6106/2/5 6100/4/5 5876/3/5
f 5883/3/2 5877/1/2 6101/2/2 6107/4/2
f 5884/1/5 6108/2/5 6102/4/5 5878/3/5
f 5885/3/2 5879/1/2 6103/2/2 6109/4/2
f 5886/1/5 6110/2/5 6104/4/5 5880/3/5
f 5887/3/2 5881/1/2 6105/2/2 6111/4/2
f 5888/1/5 6112/2/5 6106/4/5 5882/3/5
f 5889/3/2 5883/1/2 6107/2/2 6113/4/2
f 5890/1/5 6114/2/5 6108/4/5 5884/3/5
f 5891/3/2 5885/1/2 6109/2/2 6115/4/2
f 5892/1/5 6116/2/5 6110/4/5 5886/3/5
f 5893/3/2 5887/1/2 6111/2/2 6117/4/2
f 5894/1/5 6118/2/5 6112/4/5 5888/3/5
f 5895/3/2 5889/1/2 6113/2/2 6119/4/2
f 5896/1/5 6120/2/5 6114/4/5 5890/3/5
f 5897/3/2 5891/1/2 6115/2/2 6121/4/2
f 5898/1/5 6122/2/5 6116/4/5 5892/3/5
f 5899/3/2 5893/1/2 6117/2/2 6123/4/2
f 5900/1/5 6124/2/5 6118/4/5 5894/3/5
f 5901/3/2 5895/1/2 6119/2/2 6125/4/2
f 5902/1/5 6126/2/5 6120/4/5 5896/3/5
f 5903/3/2 5897/1/2 6121/2/2 6127/4/2
f 5904/1/5 6128/2/5 6122/4/5 5898/3/5
f 5905/3/2 5899/1/2 6123/2/2 6129/4/2
f 5906/1/5 6130/2/5 6124/4/5 5900/3/5
f 5907/3/2 5901/1/2 6125/2/2 6131/4/2
f 5908/1/5 6132/2/5 6126/4/5 5902/3/5
f 5909/3/2 5903/1/2 6127/2/2 6133/4/2
f 5910/1/5 6134/2/5 6128/4/5 5904/3/5
f 5911/3/2 5905/1/2 6129/2/2 6135/4/2
f 5912/1/5 6136/2/5 6130/4/5 5906/3/5
f 5913/3/2 5907/1/2 6131/2/2 6137/4/2
f 5914/1/5 6138/2/5 6132/4/5 5908/3/5
f 5915/3/2 5909/1/2 6133/2/2 6139/4/2
f 5916/1/5 6140/2/5 6134/4/5 5910/3/5
f 5917/3/2 5911/1/2 6135/2/2 6141/4/2
f 5918/1/5 6142/2/5 6136/4/5 5912/3/5
f 5919/3/2 5913/1/2 6137/2/2 6143/4/2
f 5920/1/5 6144/2/5 6138/4/5 5914/3/5
f 5921/3/2 5915/1/2 6139/2/2 6145/4/2
f 5922/1/5 6146/2/5 6140/4/5 5916/3/5
f 5923/3/2 5917/1/2 6141/2/2 6147/4/2
f 5924/1/5 6148/2/5 6142/4/5 5918/3/5
f 5940/1/5 6164/2/5 6148/4/5 5924/3/5
f 5939/1/6 6163/2/6 6164/4/6 5940/3/6
f 5941/3/2 5935/1/2 6159/2/2 6165/4/2
f 5942/1/5 6166/2/5 6161/4/5 5937/3/5
f 5941/1/6 6165/2/6 6166/4/6 5942/3/6
f 5955/2/3 5957/4/3 6181/3/3 6179/1/3
f 5961/2/3 5963/4/3 6187/3/3 6185/1/3
f 5964/1/5 6188/2/5 6187/4/5 5963/3/5
f 5965/3/2 5943/1/2 6167/2/2 6189/4/2
f 5966/1/5 6190/2/5 6171/4/5 5947/3/5
f 5967/3/2 5956/1/2 6180/2/2 6191/4/2
f 5968/1/5 6192/2/5 6183/4/5 5959/3/5
f 5969/3/2 5962/1/2 6186/2/2 6193/4/2
f 5970/1/5 6194/2/5 6188/4/5 5964/3/5
f 5971/3/2 5965/1/2 6189/2/2 6195/4/2
f 5972/1/5 6196/2/5 6190/4/5 5966/3/5
f 5973/3/2 5967/1/2 6191/2/2 6197/4/2
f 5974/1/5 6198/2/5 6192/4/5 5968/3/5
f 5975/3/2 5969/1/2 6193/2/2 6199/4/2
f 5976/1/5 6200/2/5 6194/4/5 5970/3/5
f 5977/3/2 5971/1/2 6195/2/2 6201/4/2
f 5978/1/5 6202/2/5 6196/4/5 5972/3/5
f 5979/3/2 5973/1/2 6197/2/2 6203/4/2
f 5980/1/5 6204/2/5 6198/4/5 5974/3/5
f 5981/3/2 5975/1/2 6199/2/2 6205/4/2
f 5982/1/5 6206/2/5 6200/4/5 5976/3/5
f 5983/3/2 5977/1/2 6201/2/2 6207/4/2
f 5984/1/5 6208/2/5 6202/4/5 5978/3/5
f 5985/3/2 5979/1/2 6203/2/2 6209/4/2
f 5986/1/5 6210/2/5 6204/4/5 5980/3/5
f 5987/3/2 5981/1/2 6205/2/2 6211/4/2
f 5988/1/5 6212/2/5 6206/4/5 5982/3/5
f 5989/3/2 5983/1/2 6207/2/2 6213/4/2
f 5990/1/5 6214/2/5 6208/4/5 5984/3/5
f 5991/3/2 5985/1/2 6209/2/2 6215/4/2
f 5992/1/5 6216/2/5 6210/4/5 5986/3/5
f 5993/3/2 5987/1/2 6211/2/2 6217/4/2
f 5994/1/5 6218/2/5 6212/4/5 5988/3/5
f 5995/3/2 5989/1/2 6213/2/2 6219/4/2
f 5996/1/5 6220/2/5 6214/4/5 5990/3/5
f 5997/3/2 5991/1/2 6215/2/2 6221/4/2
f 5998/1/5 6222/2/5 6216/4/5 5992/3/5
f 5999/3/2 5993/1/2 6217/2/2 6223/4/2
f 6000/1/5 6224/2/5 6218/4/5 5994/3/5
f 6001/3/2 5995/1/2 6219/2/2 6225/4/2
f 6002/1/5 6226/2/5 6220/4/5 5996/3/5
f 6003/3/2 5997/1/2 6221/2/2 6227/4/2
f 6004/1/5 6228/2/5 6222/4/5 5998/3/5
f 6005/3/2 5999/1/2 6223/2/2 6229/4/2
f 6006/1/5 6230/2/5 6224/4/5 6000/3/5
f 6007/3/2 6001/1/2 6225/2/2 6231/4/2
f 6008/1/5 6232/2/5 6226/4/5 6002/3/5
f 6009/3/2 6003/1/2 6227/2/2 6233/4/2
f 6010/1/5 6234/2/5 6228/4/5 6004/3/5
f 6011/3/2 6005/1/2 6229/2/2 6235/4/2
f 6012/1/5 6236/2/5 6230/4/5 6006/3/5
f 6013/3/2 6007/1/2 6231/2/2 6237/4/2
f 6014/1/5 6238/2/5 6232/4/5 6008/3/5
f 6015/3/2 6009/1/2 6233/2/2 6239/4/2
f 6016/1/5 6240/2/5 6234/4/5 6010/3/5
f 6017/3/2 6011/1/2 6235/2/2 6241/4/2
f 6018/1/5 6242/2/5 6236/4/5 6012/3/5
f 6019/3/2 6013/1/2 6237/2/2 6243/4/2
f 6020/1/5 6244/2/5 6238/4/5 6014/3/5
f 6021/3/2 6015/1/2 6239/2/2 6245/4/2
f 6022/1/5 6246/2/5 6240/4/5 6016/3/5
f 6023/3/2 6017/1/2 6241/2/2 6247/4/2
f 6024/1/5 6248/2/5 6242/4/5 6018/3/5
f 6025/3/2 6019/1/2 6243/2/2 6249/4/2
f 6026/1/5 6250/2/5 6244/4/5 6020/3/5
f 6027/3/2 6021/1/2 6245/2/2 6251/4/2
f 6028/1/5 6252/2/5 6246/4/5 6022/3/5
f 6029/3/2 6023/1/2 6247/2/2 6253/4/2
f 6030/1/5 6254/2/5 6248/4/5 6024/3/5
f 6031/3/2 6025/1/2 6249/2/2 6255/4/2
f 6032/1/5 6256/2/5 6250/4/5 6026/3/5
f 6033/3/2 6027/1/2 6251/2/2 6257/4/2
f 6034/1/5 6258/2/5 6252/4/5 6028/3/5
f 6035/3/2 6029/1/2 6253/2/2 6259/4/2
f 6036/1/5 6260/2/5 6254/4/5 6030/3/5
f 6037/3/2 6031/1/2 6255/2/2 6261/4/2
f 6038/1/5 6262/2/5 6256/4/5 6032/3/5
f 6039/3/2 6033/1/2 6257/2/2 6263/4/2
f 6040/1/5 6264/2/5 6258/4/5 6034/3/5
f 6041/3/2 6035/1/2 6259/2/2 6265/4/2
f 6042/1/5 6266/2/5 6260/4/5 6036/3/5
f 6043/3/2 6037/1/2 6261/2/2 6267/4/2
f 6044/1/5 6268/2/5 6262/4/5 6038/3/5
f 6045/3/2 6039/1/2 6263/2/2 6269/4/2
f 6046/1/5 6270/2/5 6264/4/5 6040/3/5
f 6047/3/2 6041/1/2 6265/2/2 6271/4/2
f 6048/1/5 6272/2/5 6266/4/5 6042/3/5
f 6064/1/5 6288/2/5 6272/4/5 6048/3/5
f 6065/3/2 6049/1/2 6273/2/2 6289/4/2
f 6066/1/5 6290/2/5 6275/4/5 6051/3/5
f 6067/3/2 6059/1/2 6283/2/2 6291/4/2
f 6068/1/5 6292/2/5 6285/4/5 6061/3/5
f 6069/3/2 6063/1/2 6287/2/2 6293/4/2
f 6070/1/5 6294/2/5 6288/4/5 6064/3/5
f 6071/3/2 6065/1/2 6289/2/2 6295/4/2
f 6072/1/5 6296/2/5 6290/4/5 6066/3/5
f 6073/3/2 6067/1/2 6291/2/2 6297/4/2
f 6074/1/5 6298/2/5 6292/4/5 6068/3/5
f 6075/3/2 6069/1/2 6293/2/2 6299/4/2
f 6076/1/5 6300/2/5 6294/4/5 6070/3/5
f 6077/3/2 6071/1/2 6295/2/2 6301/4/2
f 6078/1/5 6302/2/5 6296/4/5 6072/3/5
f 6079/3/2 6073/1/2 6297/2/2 6303/4/2
f 6080/1/5 6304/2/5 6298/4/5 6074/3/5
f 6081/3/2 6075/1/2 6299/2/2 6305/4/2
f 6082/1/5 6306/2/5 6300/4/5 6076/3/5
f 6083/3/2 6077/1/2 6301/2/2 6307/4/2
f 6084/1/5 6308/2/5 6302/4/5 6078/3/5
f 6085/3/2 6079/1/2 6303/2/2 6309/4/2
f 6086/1/5 6310/2/5 6304/4/5 6080/3/5
f 6087/3/2 6081/1/2 6305/2/2 6311/4/2
f 6088/1/5 6312/2/5 6306/4/5 6082/3/5
f 6089/3/2 6083/1/2 6307/2/2 6313/4/2
f 6090/1/5 6314/2/5 6308/4/5 6084/3/5
f 6091/3/2 6085/1/2 6309/2/2 6315/4/2
f 6092/1/5 6316/2/5 6310/4/5 6086/3/5
f 6093/3/2 6087/1/2 6311/2/2 6317/4/2
f 6094/1/5 6318/2/5 6312/4/5 6088/3/5
f 6095/3/2 6089/1/2 6313/2/2 6319/4/2
f 6096/1/5 6320/2/5 6314/4/5 6090/3/5
f 6097/3/2 6091/1/2 6315/2/2 6321/4/2
f 6098/1/5 6322/2/5 6316/4/5 6092/3/5
f 6099/3/2 6093/1/2 6317/2/2 6323/4/2
f 6100/1/5 6324/2/5 6318/4/5 6094/3/5
f 6101/3/2 6095/1/2 6319/2/2 6325/4/2
f 6102/1/5 6326/2/5 6320/4/5 6096/3/5
f 6103/3/2 6097/1/2 6321/2/2 6327/4/2
f 6104/1/5 6328/2/5 6322/4/5 6098/3/5
f 6105/3/2 6099/1/2 6323/2/2 6329/4/2
f 6106/1/5 6330/2/5 6324/4/5 6100/3/5
f 6107/3/2 6101/1/2 6325/2/2 6331/4/2
f 6108/1/5 6332/2/5 6326/4/5 6102/3/5
f 6109/3/2 6103/1/2 6327/2/2 6333/4/2
f 6110/1/5 6334/2/5 6328/4/5 6104/3/5
f 6111/3/2 6105/1/2 6329/2/2 6335/4/2
f 6112/1/5 6336/2/5 6330/4/5 6106/3/5
f 6113/3/2 6107/1/2 6331/2/2 6337/4/2
f 6114/1/5 6338/2/5 6332/4/5 6108/3/5
f 6115/3/2 6109/1/2 6333/2/2 6339/4/2
f 6116/1/5 6340/2/5 6334/4/5 6110/3/5
f 6117/3/2 6111/1/2 6335/2/2 6341/4/2
f 6118/1/5 6342/2/5 6336/4/5 6112/3/5
f 6119/3/2 6113/1/2 6337/2/2 6343/4/2
f 6120/1/5 6344/2/5 6338/4/5 6114/3/5
f 6121/3/2 6115/1/2 6339/2/2 6345/4/2
f 6122/1/5 6346/2/5 6340/4/5 6116/3/5
f 6123/3/2 6117/1/2 6341/2/2 6347/4/2
f 6124/1/5 6348/2/5 6342/4/5 6118/3/5
f 6125/3/2 6119/1/2 6343/2/2 6349/4/2
f 6126/1/5 6350/2/5 6344/4/5 6120/3/5
f 6127/3/2 6121/1/2 6345/2/2 6351/4/2
f 6128/1/5 6352/2/5 6346/4/5 6122/3/5
f 6129/3/2 6123/1/2 6347/2/2 6353/4/2
f 6130/1/5 6354/2/5 6348/4/5 6124/3/5
f 6131/3/2 6125/1/2 6349/2/2 6355/4/2
f 6132/1/5 6356/2/5 6350/4/5 6126/3/5
f 6133/3/2 6127/1/2 6351/2/2 6357/4/2
f 6134/1/5 6358/2/5 6352/4/5 6128/3/5
f 6135/3/2 6129/1/2 6353/2/2 6359/4/2
f 6136/1/5 6360/2/5 6354/4/5 6130/3/5
f 6137/3/2 6131/1/2 6355/2/2 6361/4/2
f 6138/1/5 6362/2/5 6356/4/5 6132/3/5
f 6139/3/2 6133/1/2 6357/2/2 6363/4/2
f 6140/1/5 6364/2/5 6358/4/5 6134/3/5
f 6141/3/2 6135/1/2 6359/2/2 6365/4/2
f 6142/1/5 6366/2/5 6360/4/5 6136/3/5
f 6143/3/2 6137/1/2 6361/2/2 6367/4/2
f 6144/1/5 6368/2/5 6362/4/5 6138/3/5
f 6145/3/2 6139/1/2 6363/2/2 6369/4/2
f 6146/1/5 6370/2/5 6364/4/5 6140/3/5
f 6147/3/2 6141/1/2 6365/2/2 6371/4/2
f 6148/1/5 6372/2/5 6366/4/5 6142/3/5
f 6164/1/5 6388/2/5 6372/4/5 6148/3/5
f 6163/1/6 6387/2/6 6388/4/6 6164/3/6
f 6165/3/2 6159/1/2 6383/2/2 6389/4/2
f 6166/1/5 6390/2/5 6385/4/5 6161/3/5
f 6165/1/6 6389/2/6 6390/4/6 6166/3/6
f 6179/2/3 6181/4/3 6405/3/3 6403/1/3
f 6185/2/3 6187/4/3 6411/3/3 6409/1/3
f 6410/1/4 6409/2/4 6411/4/4 6412/3/4
f 6188/1/5 6412/2/5 6411/4/5 6187/3/5
f 6427/1/4 6410/2/4 6412/4/4 6428/3/4
f 6194/1/5 6428/2/5 6412/4/5 6188/3/5
f 6443/1/4 6427/2/4 6428/4/4 6444/3/4
f 6200/1/5 6444/2/5 6428/4/5 6194/3/5
f 6459/1/4 6443/2/4 6444/4/4 6460/3/4
f 6206/1/5 6460/2/5 6444/4/5 6200/3/5
f 6475/1/4 6459/2/4 6460/4/4 6476/3/4
f 6212/1/5 6476/2/5 6460/4/5 6206/3/5
f 6491/1/4 6475/2/4 6476/4/4 6492/3/4
f 6218/1/5 6492/2/5 6476/4/5 6212/3/5
f 6507/1/4 6491/2/4 6492/4/4 6508/3/4
f 6224/1/5 6508/2/5 6492/4/5 6218/3/5
f 6523/1/4 6507/2/4 6508/4/4 6524/3/4
f 6230/1/5 6524/2/5 6508/4/5 6224/3/5
f 6539/1/4 6523/2/4 6524/4/4 6540/3/4
f 6236/1/5 6540/2/5 6524/4/5 6230/3/5
f 6555/1/4 6539/2/4 6540/4/4 6556/3/4
f 6242/1/5 6556/2/5 6540/4/5 6236/3/5
f 6571/1/4 6555/2/4 6556/4/4 6572/3/4
f 6248/1/5 6572/2/5 6556/4/5 6242/3/5
f 6587/1/4 6571/2/4 6572/4/4 6588/3/4
f 6254/1/5 6588/2/5 6572/4/5 6248/3/5
f 6603/1/4 6587/2/4 6588/4/4 6604/3/4
f 6260/1/5 6604/2/5 6588/4/5 6254/3/5
f 6619/1/4 6603/2/4 6604/4/4 6620/3/4
f 6266/1/5 6620/2/5 6604/4/5 6260/3/5
f 6630/1/4 6619/2/4 6620/4/4 6631/3/4
f 6272/1/5 6631/2/5 6620/4/5 6266/3/5
f 6288/1/5 6633/2/5 6631/4/5 6272/3/5
f 6294/1/5 6658/2/5 6633/4/5 6288/3/5
f 6300/1/5 6674/2/5 6658/4/5 6294/3/5
f 6306/1/5 6690/2/5 6674/4/5 6300/3/5
f 6312/1/5 6706/2/5 6690/4/5 6306/3/5
f 6318/1/5 6719/2/5 6706/4/5 6312/3/5
f 6320/2/1 6721/4/1 6708/3/1 6314/1/1
f 6320/1/6 6722/2/6 6723/4/6 6721/3/6
f 6721/2/1 6724/4/1 6709/3/1 6708/1/1
f 6721/1/6 6723/2/6 6725/4/6 6724/3/6
f 6724/2/1 6726/4/1 6710/3/1 6709/1/1
f 6724/1/6 6725/2/6 6727/4/6 6726/3/6
f 6324/1/5 6735/2/5 6719/4/5 6318/3/5
f 6325/3/2 6319/1/2 6720/2/2 6736/4/2
f 6326/1/5 6737/2/5 6722/4/5 6320/3/5
f 6738/2/1 6739/4/1 6728/3/1 6726/1/1
f 6738/3/2 6726/1/2 6727/2/2 6740/4/2
f 6330/1/5 6747/2/5 6735/4/5 6324/3/5
f 6331/3/2 6325/1/2 6736/2/2 6748/4/2
f 6332/1/5 6749/2/5 6737/4/5 6326/3/5
f 6750/2/1 6751/4/1 6739/3/1 6738/1/1
f 6750/3/2 6738/1/2 6740/2/2 6752/4/2
f 6336/1/5 6759/2/5 6747/4/5 6330/3/5
f 6338/2/1 6761/4/1 6762/3/1 6332/1/1
f 6332/2/3 6762/4/3 6763/3/3 6749/1/3
f 6761/2/1 6764/4/1 6765/3/1 6762/1/1
f 6762/2/3 6765/4/3 6766/3/3 6763/1/3
f 6764/2/1 6767/4/1 6750/3/1 6765/1/1
f 6765/2/3 6750/4/3 6752/3/3 6766/1/3
f 6342/1/5 6775/2/5 6759/4/5 6336/3/5
f 6348/1/5 6789/2/5 6775/4/5 6342/3/5
f 6354/1/5 6808/2/5 6789/4/5 6348/3/5
f 6360/1/5 6824/2/5 6808/4/5 6354/3/5
f 6366/1/5 6840/2/5 6824/4/5 6360/3/5
f 6372/1/5 6851/2/5 6840/4/5 6366/3/5
f 6388/1/5 6862/2/5 6851/4/5 6372/3/5
f 6387/1/6 6861/2/6 6862/4/6 6388/3/6
f 6389/3/2 6383/1/2 6858/2/2 6863/4/2
f 6390/1/5 6864/2/5 6859/4/5 6385/3/5
f 6389/1/6 6863/2/6 6864/4/6 6390/3/6
f 6404/3/2 6403/1/2 6866/2/2 6865/4/2
f 6403/2/3 6405/4/3 6867/3/3 6866/1/3
f 6407/1/5 6868/2/5 6867/4/5 6405/3/5
f 6423/3/2 6404/1/2 6865/2/2 6869/4/2
f 6425/1/5 6870/2/5 6868/4/5 6407/3/5
f 6439/3/2 6423/1/2 6869/2/2 6871/4/2
f 6441/1/5 6872/2/5 6870/4/5 6425/3/5
f 6455/3/2 6439/1/2 6871/2/2 6873/4/2
f 6457/1/5 6874/2/5 6872/4/5 6441/3/5
f 6471/3/2 6455/1/2 6873/2/2 6875/4/2
f 6473/1/5 6876/2/5 6874/4/5 6457/3/5
f 6487/3/2 6471/1/2 6875/2/2 6877/4/2
f 6489/1/5 6878/2/5 6876/4/5 6473/3/5
f 6503/3/2 6487/1/2 6877/2/2 6879/4/2
f 6505/1/5 6880/2/5 6878/4/5 6489/3/5
f 6519/3/2 6503/1/2 6879/2/2 6881/4/2
f 6521/1/5 6882/2/5 6880/4/5 6505/3/5
f 6535/3/2 6519/1/2 6881/2/2 6883/4/2
f 6537/1/5 6884/2/5 6882/4/5 6521/3/5
f 6551/3/2 6535/1/2 6883/2/2 6885/4/2
f 6553/1/5 6886/2/5 6884/4/5 6537/3/5
f 6567/3/2 6551/1/2 6885/2/2 6887/4/2
f 6569/1/5 6888/2/5 6886/4/5 6553/3/5
f 6583/3/2 6567/1/2 6887/2/2 6889/4/2
f 6585/1/5 6890/2/5 6888/4/5 6569/3/5
f 6599/3/2 6583/1/2 6889/2/2 6891/4/2
f 6601/1/5 6892/2/5 6890/4/5 6585/3/5
f 6615/3/2 6599/1/2 6891/2/2 6893/4/2
f 6617/1/5 6894/2/5 6892/4/5 6601/3/5
f 6627/3/2 6615/1/2 6893/2/2 6895/4/2
f 6628/1/5 6896/2/5 6894/4/5 6617/3/5
f 6630/2/3 6631/4/3 6915/3/3 6913/1/3
f 6633/1/5 6916/2/5 6915/4/5 6631/3/5
f 6634/3/2 6632/1/2 6897/2/2 6917/4/2
f 6636/1/5 6918/2/5 6901/4/5 6637/3/5
f 6650/3/2 6649/1/2 6909/2/2 6919/4/2
f 6652/1/5 6920/2/5 6911/4/5 6653/3/5
f 6657/3/2 6656/1/2 6914/2/2 6921/4/2
f 6658/1/5 6922/2/5 6916/4/5 6633/3/5
f 6659/3/2 6634/1/2 6917/2/2 6923/4/2
f 6661/1/5 6924/2/5 6918/4/5 6636/3/5
f 6669/3/2 6650/1/2 6919/2/2 6925/4/2
f 6671/1/5 6926/2/5 6920/4/5 6652/3/5
f 6673/3/2 6657/1/2 6921/2/2 6927/4/2
f 6674/1/5 6928/2/5 6922/4/5 6658/3/5
f 6675/3/2 6659/1/2 6923/2/2 6929/4/2
f 6677/1/5 6930/2/5 6924/4/5 6661/3/5
f 6685/3/2 6669/1/2 6925/2/2 6931/4/2
f 6687/1/5 6932/2/5 6926/4/5 6671/3/5
f 6689/3/2 6673/1/2 6927/2/2 6933/4/2
f 6690/1/5 6934/2/5 6928/4/5 6674/3/5
f 6691/3/2 6675/1/2 6929/2/2 6935/4/2
f 6693/1/5 6936/2/5 6930/4/5 6677/3/5
f 6701/3/2 6685/1/2 6931/2/2 6937/4/2
f 6703/1/5 6938/2/5 6932/4/5 6687/3/5
f 6705/3/2 6689/1/2 6933/2/2 6939/4/2
f 6706/1/5 6940/2/5 6934/4/5 6690/3/5
f 6707/3/2 6691/1/2 6935/2/2 6941/4/2
f 6693/2/3 6694/4/3 6942/3/3 6936/1/3
f 6943/1/4 6936/2/4 6942/4/4 6944/3/4
f 6694/2/3 6696/4/3 6945/3/3 6942/1/3
f 6944/1/4 6942/2/4 6945/4/4 6946/3/4
f 6696/2/3 6698/4/3 6947/3/3 6945/1/3
f 6946/1/4 6945/2/4 6947/4/4 6948/3/4
f 6712/1/5 6948/2/5 6947/4/5 6698/3/5
f 6714/3/2 6701/1/2 6937/2/2 6949/4/2
f 6716/1/5 6950/2/5 6938/4/5 6703/3/5
f 6718/3/2 6705/1/2 6939/2/2 6951/4/2
f 6719/1/5 6952/2/5 6940/4/5 6706/3/5
f 6720/3/2 6707/1/2 6941/2/2 6953/4/2
f 6954/1/4 6943/2/4 6944/4/4 6955/3/4
f 6722/1/6 6954/2/6 6955/4/6 6723/3/6
f 6955/1/4 6944/2/4 6946/4/4 6956/3/4
f 6723/1/6 6955/2/6 6956/4/6 6725/3/6
f 6956/1/4 6946/2/4 6948/4/4 6957/3/4
f 6725/1/6 6956/2/6 6957/4/6 6727/3/6
f 6712/2/3 6713/4/3 6958/3/3 6948/1/3
f 6957/1/4 6948/2/4 6958/4/4 6959/3/4
f 6729/1/5 6959/2/5 6958/4/5 6713/3/5
f 6730/3/2 6714/1/2 6949/2/2 6960/4/2
f 6732/1/5 6961/2/5 6950/4/5 6716/3/5
f 6734/3/2 6718/1/2 6951/2/2 6962/4/2
f 6735/1/5 6963/2/5 6952/4/5 6719/3/5
f 6736/3/2 6720/1/2 6953/2/2 6964/4/2
f 6737/1/5 6965/2/5 6954/4/5 6722/3/5
f 6740/3/2 6727/1/2 6957/2/2 6966/4/2
f 6966/1/4 6957/2/4 6959/4/4 6967/3/4
f 6741/1/5 6967/2/5 6959/4/5 6729/3/5
f 6742/3/2 6730/1/2 6960/2/2 6968/4/2
f 6744/1/5 6969/2/5 6961/4/5 6732/3/5
f 6746/3/2 6734/1/2 6962/2/2 6970/4/2
f 6747/1/5 6971/2/5 6963/4/5 6735/3/5
f 6748/3/2 6736/1/2 6964/2/2 6972/4/2
f 6749/1/5 6973/2/5 6965/4/5 6737/3/5
f 6752/3/2 6740/1/2 6966/2/2 6974/4/2
f 6974/1/4 6966/2/4 6967/4/4 6975/3/4
f 6753/1/5 6975/2/5 6967/4/5 6741/3/5
f 6754/3/2 6742/1/2 6968/2/2 6976/4/2
f 6756/1/5 6977/2/5 6969/4/5 6744/3/5
f 6758/3/2 6746/1/2 6970/2/2 6978/4/2
f 6759/1/5 6979/2/5 6971/4/5 6747/3/5
f 6760/3/2 6748/1/2 6972/2/2 6980/4/2
f 6749/2/3 6763/4/3 6981/3/3 6973/1/3
f 6982/1/4 6973/2/4 6981/4/4 6983/3/4
f 6763/2/3 6766/4/3 6984/3/3 6981/1/3
f 6983/1/4 6981/2/4 6984/4/4 6985/3/4
f 6766/2/3 6752/4/3 6974/3/3 6984/1/3
f 6985/1/4 6984/2/4 6974/4/4 6986/3/4
f 6986/1/4 6974/2/4 6975/4/4 6987/3/4
f 6769/1/5 6987/2/5 6975/4/5 6753/3/5
f 6782/1/6 6986/2/6 6987/4/6 6769/3/6
f 6770/3/2 6754/1/2 6976/2/2 6988/4/2
f 6772/1/5 6989/2/5 6977/4/5 6756/3/5
f 6774/3/2 6758/1/2 6978/2/2 6990/4/2
f 6775/1/5 6991/2/5 6979/4/5 6759/3/5
f 6776/3/2 6760/1/2 6980/2/2 6992/4/2
f 6993/1/4 6982/2/4 6983/4/4 6994/3/4
f 6793/1/6 6993/2/6 6994/4/6 6794/3/6
f 6994/1/4 6983/2/4 6985/4/4 6995/3/4
f 6794/1/6 6994/2/6 6995/4/6 6797/3/6
f 6995/1/4 6985/2/4 6986/4/4 6996/3/4
f 6781/1/5 6996/2/5 6986/4/5 6782/3/5
f 6797/1/6 6995/2/6 6996/4/6 6781/3/6
f 6784/3/2 6770/1/2 6988/2/2 6997/4/2
f 6786/1/5 6998/2/5 6989/4/5 6772/3/5
f 6788/3/2 6774/1/2 6990/2/2 6999/4/2
f 6789/1/5 7000/2/5 6991/4/5 6775/3/5
f 6790/3/2 6776/1/2 6992/2/2 7001/4/2
f 6792/1/5 7002/2/5 6993/4/5 6793/3/5
f 6803/3/2 6784/1/2 6997/2/2 7003/4/2
f 6805/1/5 7004/2/5 6998/4/5 6786/3/5
f 6807/3/2 6788/1/2 6999/2/2 7005/4/2
f 6808/1/5 7006/2/5 7000/4/5 6789/3/5
f 6809/3/2 6790/1/2 7001/2/2 7007/4/2
f 6811/1/5 7008/2/5 7002/4/5 6792/3/5
f 6819/3/2 6803/1/2 7003/2/2 7009/4/2
f 6821/1/5 7010/2/5 7004/4/5 6805/3/5
f 6823/3/2 6807/1/2 7005/2/2 7011/4/2
f 6824/1/5 7012/2/5 7006/4/5 6808/3/5
f 6825/3/2 6809/1/2 7007/2/2 7013/4/2
f 6827/1/5 7014/2/5 7008/4/5 6811/3/5
f 6835/3/2 6819/1/2 7009/2/2 7015/4/2
f 6837/1/5 7016/2/5 7010/4/5 6821/3/5
f 6839/3/2 6823/1/2 7011/2/2 7017/4/2
f 6840/1/5 7018/2/5 7012/4/5 6824/3/5
f 6841/3/2 6825/1/2 7013/2/2 7019/4/2
f 6842/1/5 7020/2/5 7014/4/5 6827/3/5
f 6847/3/2 6835/1/2 7015/2/2 7021/4/2
f 6848/1/5 7022/2/5 7016/4/5 6837/3/5
f 6850/3/2 6839/1/2 7017/2/2 7023/4/2
f 6851/1/5 7024/2/5 7018/4/5 6840/3/5
f 6862/1/5 7040/2/5 7024/4/5 6851/3/5
f 6861/1/6 7039/2/6 7040/4/6 6862/3/6
f 6863/3/2 6858/1/2 7035/2/2 7041/4/2
f 6864/1/5 7042/2/5 7037/4/5 6859/3/5
f 6863/1/6 7041/2/6 7042/4/6 6864/3/6
f 6865/3/2 6866/1/2 7044/2/2 7043/4/2
f 6866/2/3 6867/4/3 7045/3/3 7044/1/3
f 6868/1/5 7046/2/5 7045/4/5 6867/3/5
f 6869/3/2 6865/1/2 7043/2/2 7047/4/2
f 6870/1/5 7048/2/5 7046/4/5 6868/3/5
f 6871/3/2 6869/1/2 7047/2/2 7049/4/2
f 6872/1/5 7050/2/5 7048/4/5 6870/3/5
f 6873/3/2 6871/1/2 7049/2/2 7051/4/2
f 6874/1/5 7052/2/5 7050/4/5 6872/3/5
f 6875/3/2 6873/1/2 7051/2/2 7053/4/2
f 6876/1/5 7054/2/5 7052/4/5 6874/3/5
f 6877/3/2 6875/1/2 7053/2/2 7055/4/2
f 6878/1/5 7056/2/5 7054/4/5 6876/3/5
f 6879/3/2 6877/1/2 7055/2/2 7057/4/2
f 6880/1/5 7058/2/5 7056/4/5 6878/3/5
f 6881/3/2 6879/1/2 7057/2/2 7059/4/2
f 6882/1/5 7060/2/5 7058/4/5 6880/3/5
f 6883/3/2 6881/1/2 7059/2/2 7061/4/2
f 6884/1/5 7062/2/5 7060/4/5 6882/3/5
f 6885/3/2 6883/1/2 7061/2/2 7063/4/2
f 6886/1/5 7064/2/5 7062/4/5 6884/3/5
f 6887/3/2 6885/1/2 7063/2/2 7065/4/2
f 6888/1/5 7066/2/5 7064/4/5 6886/3/5
f 6889/3/2 6887/1/2 7065/2/2 7067/4/2
f 6890/1/5 7068/2/5 7066/4/5 6888/3/5
f 6891/3/2 6889/1/2 7067/2/2 7069/4/2
f 6892/1/5 7070/2/5 7068/4/5 6890/3/5
f 6893/3/2 6891/1/2 7069/2/2 7071/4/2
f 6894/1/5 7072/2/5 7070/4/5 6892/3/5
f 6895/3/2 6893/1/2 7071/2/2 7073/4/2
f 6896/1/5 7074/2/5 7072/4/5 6894/3/5
f 6913/2/3 6915/4/3 7093/3/3 7091/1/3
f 6916/1/5 7094/2/5 7093/4/5 6915/3/5
f 6917/3/2 6897/1/2 7075/2/2 7095/4/2
f 6918/1/5 7096/2/5 7079/4/5 6901/3/5
f 6919/3/2 6909/1/2 7087/2/2 7097/4/2
f 6920/1/5 7098/2/5 7089/4/5 6911/3/5
f 6921/3/2 6914/1/2 7092/2/2 7099/4/2
f 6922/1/5 7100/2/5 7094/4/5 6916/3/5
f 6923/3/2 6917/1/2 7095/2/2 7101/4/2
f 6924/1/5 7102/2/5 7096/4/5 6918/3/5
f 6925/3/2 6919/1/2 7097/2/2 7103/4/2
f 6926/1/5 7104/2/5 7098/4/5 6920/3/5
f 6927/3/2 6921/1/2 7099/2/2 7105/4/2
f 6928/1/5 7106/2/5 7100/4/5 6922/3/5
f 6929/3/2 6923/1/2 7101/2/2 7107/4/2
f 6930/1/5 7108/2/5 7102/4/5 6924/3/5
f 6931/3/2 6925/1/2 7103/2/2 7109/4/2
f 6932/1/5 7110/2/5 7104/4/5 6926/3/5
f 6933/3/2 6927/1/2 7105/2/2 7111/4/2
f 6934/1/5 7112/2/5 7106/4/5 6928/3/5
f 6935/3/2 6929/1/2 7107/2/2 7113/4/2
f 6936/1/5 7114/2/5 7108/4/5 6930/3/5
f 6937/3/2 6931/1/2 7109/2/2 7115/4/2
f 6938/1/5 7116/2/5 7110/4/5 6932/3/5
f 6939/3/2 6933/1/2 7111/2/2 7117/4/2
f 6940/1/5 7118/2/5 7112/4/5 6934/3/5
f 6941/3/2 6935/1/2 7113/2/2 7119/4/2
f 6943/1/5 7120/2/5 7114/4/5 6936/3/5
f 6949/3/2 6937/1/2 7115/2/2 7121/4/2
f 6950/1/5 7122/2/5 7116/4/5 6938/3/5
f 6951/3/2 6939/1/2 7117/2/2 7123/4/2
f 6952/1/5 7124/2/5 7118/4/5 6940/3/5
f 6953/3/2 6941/1/2 7119/2/2 7125/4/2
f 6954/1/5 7126/2/5 7120/4/5 6943/3/5
f 6960/3/2 6949/1/2 7121/2/2 7127/4/2
f 6961/1/5 7128/2/5 7122/4/5 6950/3/5
f 6962/3/2 6951/1/2 7123/2/2 7129/4/2
f 6963/1/5 7130/2/5 7124/4/5 6952/3/5
f 6964/3/2 6953/1/2 7125/2/2 7131/4/2
f 6965/1/5 7132/2/5 7126/4/5 6954/3/5
f 6968/3/2 6960/1/2 7127/2/2 7133/4/2
f 6969/1/5 7134/2/5 7128/4/5 6961/3/5
f 6970/3/2 6962/1/2 7129/2/2 7135/4/2
f 6971/1/5 7136/2/5 7130/4/5 6963/3/5
f 6972/3/2 6964/1/2 7131/2/2 7137/4/2
f 6973/1/5 7138/2/5 7132/4/5 6965/3/5
f 6976/3/2 6968/1/2 7133/2/2 7139/4/2
f 6977/1/5 7140/2/5 7134/4/5 6969/3/5
f 6978/3/2 6970/1/2 7135/2/2 7141/4/2
f 6979/1/5 7142/2/5 7136/4/5 6971/3/5
f 6980/3/2 6972/1/2 7137/2/2 7143/4/2
f 6982/1/5 7144/2/5 7138/4/5 6973/3/5
f 6988/3/2 6976/1/2 7139/2/2 7145/4/2
f 6989/1/5 7146/2/5 7140/4/5 6977/3/5
f 6990/3/2 6978/1/2 7141/2/2 7147/4/2
f 6991/1/5 7148/2/5 7142/4/5 6979/3/5
f 6992/3/2 6980/1/2 7143/2/2 7149/4/2
f 6993/1/5 7150/2/5 7144/4/5 6982/3/5
f 6997/3/2 6988/1/2 7145/2/2 7151/4/2
f 6998/1/5 7152/2/5 7146/4/5 6989/3/5
f 6999/3/2 6990/1/2 7147/2/2 7153/4/2
f 7000/1/5 7154/2/5 7148/4/5 6991/3/5
f 7001/3/2 6992/1/2 7149/2/2 7155/4/2
f 7002/1/5 7156/2/5 7150/4/5 6993/3/5
f 7003/3/2 6997/1/2 7151/2/2 7157/4/2
f 7004/1/5 7158/2/5 7152/4/5 6998/3/5
f 7005/3/2 6999/1/2 7153/2/2 7159/4/2
f 7006/1/5 7160/2/5 7154/4/5 7000/3/5
f 7007/3/2 7001/1/2 7155/2/2 7161/4/2
f 7008/1/5 7162/2/5 7156/4/5 7002/3/5
f 7009/3/2 7003/1/2 7157/2/2 7163/4/2
f 7010/1/5 7164/2/5 7158/4/5 7004/3/5
f 7011/3/2 7005/1/2 7159/2/2 7165/4/2
f 7012/1/5 7166/2/5 7160/4/5 7006/3/5
f 7013/3/2 7007/1/2 7161/2/2 7167/4/2
f 7014/1/5 7168/2/5 7162/4/5 7008/3/5
f 7015/3/2 7009/1/2 7163/2/2 7169/4/2
f 7016/1/5 7170/2/5 7164/4/5 7010/3/5
f 7017/3/2 7011/1/2 7165/2/2 7171/4/2
f 7018/1/5 7172/2/5 7166/4/5 7012/3/5
f 7019/3/2 7013/1/2 7167/2/2 7173/4/2
f 7020/1/5 7174/2/5 7168/4/5 7014/3/5
f 7021/3/2 7015/1/2 7169/2/2 7175/4/2
f 7022/1/5 7176/2/5 7170/4/5 7016/3/5
f 7023/3/2 7017/1/2 7171/2/2 7177/4/2
f 7024/1/5 7178/2/5 7172/4/5 7018/3/5
f 7040/1/5 7194/2/5 7178/4/5 7024/3/5
f 7039/1/6 7193/2/6 7194/4/6 7040/3/6
f 7041/3/2 7035/1/2 7189/2/2 7195/4/2
f 7042/1/5 7196/2/5 7191/4/5 7037/3/5
f 7041/1/6 7195/2/6 7196/4/6 7042/3/6
f 7043/3/2 7044/1/2 7198/2/2 7197/4/2
f 7044/2/3 7045/4/3 7199/3/3 7198/1/3
f 7046/1/5 7200/2/5 7199/4/5 7045/3/5
f 7047/3/2 7043/1/2 7197/2/2 7201/4/2
f 7048/1/5 7202/2/5 7200/4/5 7046/3/5
f 7049/3/2 7047/1/2 7201/2/2 7203/4/2
f 7050/1/5 7204/2/5 7202/4/5 7048/3/5
f 7051/3/2 7049/1/2 7203/2/2 7205/4/2
f 7052/1/5 7206/2/5 7204/4/5 7050/3/5
f 7053/3/2 7051/1/2 7205/2/2 7207/4/2
f 7054/1/5 7208/2/5 7206/4/5 7052/3/5
f 7055/3/2 7053/1/2 7207/2/2 7209/4/2
f 7056/1/5 7210/2/5 7208/4/5 7054/3/5
f 7057/3/2 7055/1/2 7209/2/2 7211/4/2
f 7058/1/5 7212/2/5 7210/4/5 7056/3/5
f 7059/3/2 7057/1/2 7211/2/2 7213/4/2
f 7060/1/5 7214/2/5 7212/4/5 7058/3/5
f 7061/3/2 7059/1/2 7213/2/2 7215/4/2
f 7062/1/5 7216/2/5 7214/4/5 7060/3/5
f 7063/3/2 7061/1/2 7215/2/2 7217/4/2
f 7064/1/5 7218/2/5 7216/4/5 7062/3/5
f 7065/3/2 7063/1/2 7217/2/2 7219/4/2
f 7066/1/5 7220/2/5 7218/4/5 7064/3/5
f 7067/3/2 7065/1/2 7219/2/2 7221/4/2
f 7068/1/5 7222/2/5 7220/4/5 7066/3/5
f 7069/3/2 7067/1/2 7221/2/2 7223/4/2
f 7070/1/5 7224/2/5 7222/4/5 7068/3/5
f 7071/3/2 7069/1/2 7223/2/2 7225/4/2
f 7072/1/5 7226/2/5 7224/4/5 7070/3/5
f 7073/3/2 7071/1/2 7225/2/2 7227/4/2
f 7074/1/5 7228/2/5 7226/4/5 7072/3/5
f 7091/2/3 7093/4/3 7247/3/3 7245/1/3
f 7094/1/5 7248/2/5 7247/4/5 7093/3/5
f 7095/3/2 7075/1/2 7229/2/2 7249/4/2
f 7096/1/5 7250/2/5 7233/4/5 7079/3/5
f 7097/3/2 7087/1/2 7241/2/2 7251/4/2
f 7098/1/5 7252/2/5 7243/4/5 7089/3/5
f 7099/3/2 7092/1/2 7246/2/2 7253/4/2
f 7100/1/5 7254/2/5 7248/4/5 7094/3/5
f 7101/3/2 7095/1/2 7249/2/2 7255/4/2
f 7102/1/5 7256/2/5 7250/4/5 7096/3/5
f 7103/3/2 7097/1/2 7251/2/2 7257/4/2
f 7104/1/5 7258/2/5 7252/4/5 7098/3/5
f 7105/3/2 7099/1/2 7253/2/2 7259/4/2
f 7106/1/5 7260/2/5 7254/4/5 7100/3/5
f 7107/3/2 7101/1/2 7255/2/2 7261/4/2
f 7108/1/5 7262/2/5 7256/4/5 7102/3/5
f 7109/3/2 7103/1/2 7257/2/2 7263/4/2
f 7110/1/5 7264/2/5 7258/4/5 7104/3/5
f 7111/3/2 7105/1/2 7259/2/2 7265/4/2
f 7112/1/5 7266/2/5 7260/4/5 7106/3/5
f 7113/3/2 7107/1/2 7261/2/2 7267/4/2
f 7114/1/5 7268/2/5 7262/4/5 7108/3/5
f 7115/3/2 7109/1/2 7263/2/2 7269/4/2
f 7116/1/5 7270/2/5 7264/4/5 7110/3/5
f 7117/3/2 7111/1/2 7265/2/2 7271/4/2
f 7118/1/5 7272/2/5 7266/4/5 7112/3/5
f 7119/3/2 7113/1/2 7267/2/2 7273/4/2
f 7120/1/5 7274/2/5 7268/4/5 7114/3/5
f 7121/3/2 7115/1/2 7269/2/2 7275/4/2
f 7122/1/5 7276/2/5 7270/4/5 7116/3/5
f 7123/3/2 7117/1/2 7271/2/2 7277/4/2
f 7124/1/5 7278/2/5 7272/4/5 7118/3/5
f 7125/3/2 7119/1/2 7273/2/2 7279/4/2
f 7126/1/5 7280/2/5 7274/4/5 7120/3/5
f 7127/3/2 7121/1/2 7275/2/2 7281/4/2
f 7128/1/5 7282/2/5 7276/4/5 7122/3/5
f 7129/3/2 7123/1/2 7277/2/2 7283/4/2
f 7130/1/5 7284/2/5 7278/4/5 7124/3/5
f 7131/3/2 7125/1/2 7279/2/2 7285/4/2
f 7132/1/5 7286/2/5 7280/4/5 7126/3/5
f 7133/3/2 7127/1/2 7281/2/2 7287/4/2
f 7134/1/5 7288/2/5 7282/4/5 7128/3/5
f 7135/3/2 7129/1/2 7283/2/2 7289/4/2
f 7136/1/5 7290/2/5 7284/4/5 7130/3/5
f 7137/3/2 7131/1/2 7285/2/2 7291/4/2
f 7138/1/5 7292/2/5 7286/4/5 7132/3/5
f 7139/3/2 7133/1/2 7287/2/2 7293/4/2
f 7140/1/5 7294/2/5 7288/4/5 7134/3/5
f 7141/3/2 7135/1/2 7289/2/2 7295/4/2
f 7142/1/5 7296/2/5 7290/4/5 7136/3/5
f 7143/3/2 7137/1/2 7291/2/2 7297/4/2
f 7144/1/5 7298/2/5 7292/4/5 7138/3/5
f 7145/3/2 7139/1/2 7293/2/2 7299/4/2
f 7146/1/5 7300/2/5 7294/4/5 7140/3/5
f 7147/3/2 7141/1/2 7295/2/2 7301/4/2
f 7148/1/5 7302/2/5 7296/4/5 7142/3/5
f 7149/3/2 7143/1/2 7297/2/2 7303/4/2
f 7150/1/5 7304/2/5 7298/4/5 7144/3/5
f 7151/3/2 7145/1/2 7299/2/2 7305/4/2
f 7152/1/5 7306/2/5 7300/4/5 7146/3/5
f 7153/3/2 7147/1/2 7301/2/2 7307/4/2
f 7154/1/5 7308/2/5 7302/4/5 7148/3/5
f 7155/3/2 7149/1/2 7303/2/2 7309/4/2
f 7156/1/5 7310/2/5 7304/4/5 7150/3/5
f 7157/3/2 7151/1/2 7305/2/2 7311/4/2
f 7158/1/5 7312/2/5 7306/4/5 7152/3/5
f 7159/3/2 7153/1/2 7307/2/2 7313/4/2
f 7160/1/5 7314/2/5 7308/4/5 7154/3/5
f 7161/3/2 7155/1/2 7309/2/2 7315/4/2
f 7162/1/5 7316/2/5 7310/4/5 7156/3/5
f 7163/3/2 7157/1/2 7311/2/2 7317/4/2
f 7164/1/5 7318/2/5 7312/4/5 7158/3/5
f 7165/3/2 7159/1/2 7313/2/2 7319/4/2
f 7166/1/5 7320/2/5 7314/4/5 7160/3/5
f 7167/3/2 7161/1/2 7315/2/2 7321/4/2
f 7168/1/5 7322/2/5 7316/4/5 7162/3/5
f 7169/3/2 7163/1/2 7317/2/2 7323/4/2
f 7170/1/5 7324/2/5 7318/4/5 7164/3/5
f 7171/3/2 7165/1/2 7319/2/2 7325/4/2
f 7172/1/5 7326/2/5 7320/4/5 7166/3/5
f 7173/3/2 7167/1/2 7321/2/2 7327/4/2
f 7174/1/5 7328/2/5 7322/4/5 7168/3/5
f 7175/3/2 7169/1/2 7323/2/2 7329/4/2
f 7176/1/5 7330/2/5 7324/4/5 7170/3/5
f 7177/3/2 7171/1/2 7325/2/2 7331/4/2
f 7178/1/5 7332/2/5 7326/4/5 7172/3/5
f 7194/1/5 7348/2/5 7332/4/5 7178/3/5
f 7193/1/6 7347/2/6 7348/4/6 7194/3/6
f 7195/3/2 7189/1/2 7343/2/2 7349/4/2
f 7196/1/5 7350/2/5 7345/4/5 7191/3/5
f 7195/1/6 7349/2/6 7350/4/6 7196/3/6
f 7197/3/2 7198/1/2 7352/2/2 7351/4/2
f 7198/2/3 7199/4/3 7353/3/3 7352/1/3
f 7200/1/5 7354/2/5 7353/4/5 7199/3/5
f 7201/3/2 7197/1/2 7351/2/2 7355/4/2
f 7202/1/5 7356/2/5 7354/4/5 7200/3/5
f 7203/3/2 7201/1/2 7355/2/2 7357/4/2
f 7204/1/5 7358/2/5 7356/4/5 7202/3/5
f 7205/3/2 7203/1/2 7357/2/2 7359/4/2
f 7206/1/5 7360/2/5 7358/4/5 7204/3/5
f 7207/3/2 7205/1/2 7359/2/2 7361/4/2
f 7208/1/5 7362/2/5 7360/4/5 7206/3/5
f 7209/3/2 7207/1/2 7361/2/2 7363/4/2
f 7210/1/5 7364/2/5 7362/4/5 7208/3/5
f 7211/3/2 7209/1/2 7363/2/2 7365/4/2
f 7212/1/5 7366/2/5 7364/4/5 7210/3/5
f 7213/3/2 7211/1/2 7365/2/2 7367/4/2
f 7214/1/5 7368/2/5 7366/4/5 7212/3/5
f 7215/3/2 7213/1/2 7367/2/2 7369/4/2
f 7216/1/5 7370/2/5 7368/4/5 7214/3/5
f 7217/3/2 7215/1/2 7369/2/2 7371/4/2
f 7218/1/5 7372/2/5 7370/4/5 7216/3/5
f 7219/3/2 7217/1/2 7371/2/2 7373/4/2
f 7220/1/5 7374/2/5 7372/4/5 7218/3/5
f 7221/3/2 7219/1/2 7373/2/2 7375/4/2
f 7222/1/5 7376/2/5 7374/4/5 7220/3/5
f 7223/3/2 7221/1/2 7375/2/2 7377/4/2
f 7224/1/5 7378/2/5 7376/4/5 7222/3/5
f 7225/3/2 7223/1/2 7377/2/2 7379/4/2
f 7226/1/5 7380/2/5 7378/4/5 7224/3/5
f 7227/3/2 7225/1/2 7379/2/2 7381/4/2
f 7228/1/5 7382/2/5 7380/4/5 7226/3/5
f 7245/2/3 7247/4/3 7401/3/3 7399/1/3
f 7248/1/5 7402/2/5 7401/4/5 7247/3/5
f 7249/3/2 7229/1/2 7383/2/2 7403/4/2
f 7250/1/5 7404/2/5 7387/4/5 7233/3/5
f 7251/3/2 7241/1/2 7395/2/2 7405/4/2
f 7252/1/5 7406/2/5 7397/4/5 7243/3/5
f 7253/3/2 7246/1/2 7400/2/2 7407/4/2
f 7254/1/5 7408/2/5 7402/4/5 7248/3/5
f 7255/3/2 7249/1/2 7403/2/2 7409/4/2
f 7256/1/5 7410/2/5 7404/4/5 7250/3/5
f 7257/3/2 7251/1/2 7405/2/2 7411/4/2
f 7258/1/5 7412/2/5 7406/4/5 7252/3/5
f 7259/3/2 7253/1/2 7407/2/2 7413/4/2
f 7260/1/5 7414/2/5 7408/4/5 7254/3/5
f 7261/3/2 7255/1/2 7409/2/2 7415/4/2
f 7262/1/5 7416/2/5 7410/4/5 7256/3/5
f 7263/3/2 7257/1/2 7411/2/2 7417/4/2
f 7264/1/5 7418/2/5 7412/4/5 7258/3/5
f 7265/3/2 7259/1/2 7413/2/2 7419/4/2
f 7266/1/5 7420/2/5 7414/4/5 7260/3/5
f 7267/3/2 7261/1/2 7415/2/2 7421/4/2
f 7268/1/5 7422/2/5 7416/4/5 7262/3/5
f 7269/3/2 7263/1/2 7417/2/2 7423/4/2
f 7270/1/5 7424/2/5 7418/4/5 7264/3/5
f 7271/3/2 7265/1/2 7419/2/2 7425/4/2
f 7272/1/5 7426/2/5 7420/4/5 7266/3/5
f 7273/3/2 7267/1/2 7421/2/2 7427/4/2
f 7274/1/5 7428/2/5 7422/4/5 7268/3/5
f 7275/3/2 7269/1/2 7423/2/2 7429/4/2
f 7276/1/5 7430/2/5 7424/4/5 7270/3/5
f 7277/3/2 7271/1/2 7425/2/2 7431/4/2
f 7278/1/5 7432/2/5 7426/4/5 7272/3/5
f 7279/3/2 7273/1/2 7427/2/2 7433/4/2
f 7280/1/5 7434/2/5 7428/4/5 7274/3/5
f 7281/3/2 7275/1/2 7429/2/2 7435/4/2
f 7282/1/5 7436/2/5 7430/4/5 7276/3/5
f 7283/3/2 7277/1/2 7431/2/2 7437/4/2
f 7284/1/5 7438/2/5 7432/4/5 7278/3/5
f 7285/3/2 7279/1/2 7433/2/2 7439/4/2
f 7286/1/5 7440/2/5 7434/4/5 7280/3/5
f 7287/3/2 7281/1/2 7435/2/2 7441/4/2
f 7288/1/5 7442/2/5 7436/4/5 7282/3/5
f 7289/3/2 7283/1/2 7437/2/2 7443/4/2
f 7290/1/5 7444/2/5 7438/4/5 7284/3/5
f 7291/3/2 7285/1/2 7439/2/2 7445/4/2
f 7292/1/5 7446/2/5 7440/4/5 7286/3/5
f 7293/3/2 7287/1/2 7441/2/2 7447/4/2
f 7294/1/5 7448/2/5 7442/4/5 7288/3/5
f 7295/3/2 7289/1/2 7443/2/2 7449/4/2
f 7296/1/5 7450/2/5 7444/4/5 7290/3/5
f 7297/3/2 7291/1/2 7445/2/2 7451/4/2
f 7298/1/5 7452/2/5 7446/4/5 7292/3/5
f 7299/3/2 7293/1/2 7447/2/2 7453/4/2
f 7300/1/5 7454/2/5 7448/4/5 7294/3/5
f 7301/3/2 7295/1/2 7449/2/2 7455/4/2
f 7302/1/5 7456/2/5 7450/4/5 7296/3/5
f 7303/3/2 7297/1/2 7451/2/2 7457/4/2
f 7304/1/5 7458/2/5 7452/4/5 7298/3/5
f 7305/3/2 7299/1/2 7453/2/2 7459/4/2
f 7306/1/5 7460/2/5 7454/4/5 7300/3/5
f 7307/3/2 7301/1/2 7455/2/2 7461/4/2
f 7308/1/5 7462/2/5 7456/4/5 7302/3/5
f 7309/3/2 7303/1/2 7457/2/2 7463/4/2
f 7310/1/5 7464/2/5 7458/4/5 7304/3/5
f 7311/3/2 7305/1/2 7459/2/2 7465/4/2
f 7312/1/5 7466/2/5 7460/4/5 7306/3/5
f 7313/3/2 7307/1/2 7461/2/2 7467/4/2
f 7314/1/5 7468/2/5 7462/4/5 7308/3/5
f 7315/3/2 7309/1/2 7463/2/2 7469/4/2
f 7316/1/5 7470/2/5 7464/4/5 7310/3/5
f 7317/3/2 7311/1/2 7465/2/2 7471/4/2
f 7318/1/5 7472/2/5 7466/4/5 7312/3/5
f 7319/3/2 7313/1/2 7467/2/2 7473/4/2
f 7320/1/5 7474/2/5 7468/4/5 7314/3/5
f 7321/3/2 7315/1/2 7469/2/2 7475/4/2
f 7322/1/5 7476/2/5 7470/4/5 7316/3/5
f 7323/3/2 7317/1/2 7471/2/2 7477/4/2
f 7324/1/5 7478/2/5 7472/4/5 7318/3/5
f 7325/3/2 7319/1/2 7473/2/2 7479/4/2
f 7326/1/5 7480/2/5 7474/4/5 7320/3/5
f 7327/3/2 7321/1/2 7475/2/2 7481/4/2
f 7328/1/5 7482/2/5 7476/4/5 7322/3/5
f 7329/3/2 7323/1/2 7477/2/2 7483/4/2
f 7330/1/5 7484/2/5 7478/4/5 7324/3/5
f 7331/3/2 7325/1/2 7479/2/2 7485/4/2
f 7332/1/5 7486/2/5 7480/4/5 7326/3/5
f 7348/1/5 7502/2/5 7486/4/5 7332/3/5
f 7347/1/6 7501/2/6 7502/4/6 7348/3/6
f 7349/3/2 7343/1/2 7497/2/2 7503/4/2
f 7350/1/5 7504/2/5 7499/4/5 7345/3/5
f 7349/1/6 7503/2/6 7504/4/6 7350/3/6
f 7351/3/2 7352/1/2 7506/2/2 7505/4/2
f 7352/2/3 7353/4/3 7507/3/3 7506/1/3
f 7354/1/5 7508/2/5 7507/4/5 7353/3/5
f 7355/3/2 7351/1/2 7505/2/2 7509/4/2
f 7356/1/5 7510/2/5 7508/4/5 7354/3/5
f 7357/3/2 7355/1/2 7509/2/2 7511/4/2
f 7358/1/5 7512/2/5 7510/4/5 7356/3/5
f 7359/3/2 7357/1/2 7511/2/2 7513/4/2
f 7360/1/5 7514/2/5 7512/4/5 7358/3/5
f 7361/3/2 7359/1/2 7513/2/2 7515/4/2
f 7362/1/5 7516/2/5 7514/4/5 7360/3/5
f 7363/3/2 7361/1/2 7515/2/2 7517/4/2
f 7364/1/5 7518/2/5 7516/4/5 7362/3/5
f 7365/3/2 7363/1/2 7517/2/2 7519/4/2
f 7366/1/5 7520/2/5 7518/4/5 7364/3/5
f 7367/3/2 7365/1/2 7519/2/2 7521/4/2
f 7368/1/5 7522/2/5 7520/4/5 7366/3/5
f 7369/3/2 7367/1/2 7521/2/2 7523/4/2
f 7370/1/5 7524/2/5 7522/4/5 7368/3/5
f 7371/3/2 7369/1/2 7523/2/2 7525/4/2
f 7372/1/5 7526/2/5 7524/4/5 7370/3/5
f 7373/3/2 7371/1/2 7525/2/2 7527/4/2
f 7374/1/5 7528/2/5 7526/4/5 7372/3/5
f 7375/3/2 7373/1/2 7527/2/2 7529/4/2
f 7376/1/5 7530/2/5 7528/4/5 7374/3/5
f 7377/3/2 7375/1/2 7529/2/2 7531/4/2
f 7378/1/5 7532/2/5 7530/4/5 7376/3/5
f 7379/3/2 7377/1/2 7531/2/2 7533/4/2
f 7380/1/5 7534/2/5 7532/4/5 7378/3/5
f 7381/3/2 7379/1/2 7533/2/2 7535/4/2
f 7382/1/5 7536/2/5 7534/4/5 7380/3/5
f 7399/2/3 7401/4/3 7555/3/3 7553/1/3
f 7402/1/5 7556/2/5 7555/4/5 7401/3/5
f 7403/3/2 7383/1/2 7537/2/2 7557/4/2
f 7404/1/5 7558/2/5 7541/4/5 7387/3/5
f 7405/3/2 7395/1/2 7549/2/2 7559/4/2
f 7406/1/5 7560/2/5 7551/4/5 7397/3/5
f 7407/3/2 7400/1/2 7554/2/2 7561/4/2
f 7408/1/5 7562/2/5 7556/4/5 7402/3/5
f 7409/3/2 7403/1/2 7557/2/2 7563/4/2
f 7410/1/5 7564/2/5 7558/4/5 7404/3/5
f 7411/3/2 7405/1/2 7559/2/2 7565/4/2
f 7412/1/5 7566/2/5 7560/4/5 7406/3/5
f 7413/3/2 7407/1/2 7561/2/2 7567/4/2
f 7414/1/5 7568/2/5 7562/4/5 7408/3/5
f 7415/3/2 7409/1/2 7563/2/2 7569/4/2
f 7416/1/5 7570/2/5 7564/4/5 7410/3/5
f 7417/3/2 7411/1/2 7565/2/2 7571/4/2
f 7418/1/5 7572/2/5 7566/4/5 7412/3/5
f 7419/3/2 7413/1/2 7567/2/2 7573/4/2
f 7420/1/5 7574/2/5 7568/4/5 7414/3/5
f 7421/3/2 7415/1/2 7569/2/2 7575/4/2
f 7422/1/5 7576/2/5 7570/4/5 7416/3/5
f 7423/3/2 7417/1/2 7571/2/2 7577/4/2
f 7424/1/5 7578/2/5 7572/4/5 7418/3/5
f 7425/3/2 7419/1/2 7573/2/2 7579/4/2
f 7426/1/5 7580/2/5 7574/4/5 7420/3/5
f 7427/3/2 7421/1/2 7575/2/2 7581/4/2
f 7428/1/5 7582/2/5 7576/4/5 7422/3/5
f 7429/3/2 7423/1/2 7577/2/2 7583/4/2
f 7430/1/5 7584/2/5 7578/4/5 7424/3/5
f 7431/3/2 7425/1/2 7579/2/2 7585/4/2
f 7432/1/5 7586/2/5 7580/4/5 7426/3/5
f 7433/3/2 7427/1/2 7581/2/2 7587/4/2
f 7434/1/5 7588/2/5 7582/4/5 7428/3/5
f 7435/3/2 7429/1/2 7583/2/2 7589/4/2
f 7436/1/5 7590/2/5 7584/4/5 7430/3/5
f 7437/3/2 7431/1/2 7585/2/2 7591/4/2
f 7438/1/5 7592/2/5 7586/4/5 7432/3/5
f 7439/3/2 7433/1/2 7587/2/2 7593/4/2
f 7440/1/5 7594/2/5 7588/4/5 7434/3/5
f 7441/3/2 7435/1/2 7589/2/2 7595/4/2
f 7442/1/5 7596/2/5 7590/4/5 7436/3/5
f 7443/3/2 7437/1/2 7591/2/2 7597/4/2
f 7444/1/5 7598/2/5 7592/4/5 7438/3/5
f 7445/3/2 7439/1/2 7593/2/2 7599/4/2
f 7446/1/5 7600/2/5 7594/4/5 7440/3/5
f 7447/3/2 7441/1/2 7595/2/2 7601/4/2
f 7448/1/5 7602/2/5 7596/4/5 7442/3/5
f 7449/3/2 7443/1/2 7597/2/2 7603/4/2
f 7450/1/5 7604/2/5 7598/4/5 7444/3/5
f 7451/3/2 7445/1/2 7599/2/2 7605/4/2
f 7452/1/5 7606/2/5 7600/4/5 7446/3/5
f 7453/3/2 7447/1/2 7601/2/2 7607/4/2
f 7454/1/5 7608/2/5 7602/4/5 7448/3/5
f 7455/3/2 7449/1/2 7603/2/2 7609/4/2
f 7456/1/5 7610/2/5 7604/4/5 7450/3/5
f 7457/3/2 7451/1/2 7605/2/2 7611/4/2
f 7458/1/5 7612/2/5 7606/4/5 7452/3/5
f 7459/3/2 7453/1/2 7607/2/2 7613/4/2
f 7460/1/5 7614/2/5 7608/4/5 7454/3/5
f 7461/3/2 7455/1/2 7609/2/2 7615/4/2
f 7462/1/5 7616/2/5 7610/4/5 7456/3/5
f 7463/3/2 7457/1/2 7611/2/2 7617/4/2
f 7464/1/5 7618/2/5 7612/4/5 7458/3/5
f 7465/3/2 7459/1/2 7613/2/2 7619/4/2
f 7466/1/5 7620/2/5 7614/4/5 7460/3/5
f 7467/3/2 7461/1/2 7615/2/2 7621/4/2
f 7468/1/5 7622/2/5 7616/4/5 7462/3/5
f 7469/3/2 7463/1/2 7617/2/2 7623/4/2
f 7470/1/5 7624/2/5 7618/4/5 7464/3/5
f 7471/3/2 7465/1/2 7619/2/2 7625/4/2
f 7472/1/5 7626/2/5 7620/4/5 7466/3/5
f 7473/3/2 7467/1/2 7621/2/2 7627/4/2
f 7474/1/5 7628/2/5 7622/4/5 7468/3/5
f 7475/3/2 7469/1/2 7623/2/2 7629/4/2
f 7476/1/5 7630/2/5 7624/4/5 7470/3/5
f 7477/3/2 7471/1/2 7625/2/2 7631/4/2
f 7478/1/5 7632/2/5 7626/4/5 7472/3/5
f 7479/3/2 7473/1/2 7627/2/2 7633/4/2
f 7480/1/5 7634/2/5 7628/4/5 7474/3/5
f 7481/3/2 7475/1/2 7629/2/2 7635/4/2
f 7482/1/5 7636/2/5 7630/4/5 7476/3/5
f 7483/3/2 7477/1/2 7631/2/2 7637/4/2
f 7484/1/5 7638/2/5 7632/4/5 7478/3/5
f 7485/3/2 7479/1/2 7633/2/2 7639/4/2
f 7486/1/5 7640/2/5 7634/4/5 7480/3/5
f 7502/1/5 7656/2/5 7640/4/5 7486/3/5
f 7501/1/6 7655/2/6 7656/4/6 7502/3/6
f 7503/3/2 7497/1/2 7651/2/2 7657/4/2
f 7504/1/5 7658/2/5 7653/4/5 7499/3/5
f 7503/1/6 7657/2/6 7658/4/6 7504/3/6
f 7505/3/2 7506/1/2 7660/2/2 7659/4/2
f 7506/2/3 7507/4/3 7661/3/3 7660/1/3
f 7508/1/5 7662/2/5 7661/4/5 7507/3/5
f 7509/3/2 7505/1/2 7659/2/2 7663/4/2
f 7510/1/5 7664/2/5 7662/4/5 7508/3/5
f 7511/3/2 7509/1/2 7663/2/2 7665/4/2
f 7512/1/5 7666/2/5 7664/4/5 7510/3/5
f 7513/3/2 7511/1/2 7665/2/2 7667/4/2
f 7514/1/5 7668/2/5 7666/4/5 7512/3/5
f 7515/3/2 7513/1/2 7667/2/2 7669/4/2
f 7516/1/5 7670/2/5 7668/4/5 7514/3/5
f 7517/3/2 7515/1/2 7669/2/2 7671/4/2
f 7518/1/5 7672/2/5 7670/4/5 7516/3/5
f 7519/3/2 7517/1/2 7671/2/2 7673/4/2
f 7520/1/5 7674/2/5 7672/4/5 7518/3/5
f 7521/3/2 7519/1/2 7673/2/2 7675/4/2
f 7522/1/5 7676/2/5 7674/4/5 7520/3/5
f 7523/3/2 7521/1/2 7675/2/2 7677/4/2
f 7524/1/5 7678/2/5 7676/4/5 7522/3/5
f 7525/3/2 7523/1/2 7677/2/2 7679/4/2
f 7526/1/5 7680/2/5 7678/4/5 7524/3/5
f 7527/3/2 7525/1/2 7679/2/2 7681/4/2
f 7528/1/5 7682/2/5 7680/4/5 7526/3/5
f 7529/3/2 7527/1/2 7681/2/2 7683/4/2
f 7530/1/5 7684/2/5 7682/4/5 7528/3/5
f 7531/3/2 7529/1/2 7683/2/2 7685/4/2
f 7532/1/5 7686/2/5 7684/4/5 7530/3/5
f 7533/3/2 7531/1/2 7685/2/2 7687/4/2
f 7534/1/5 7688/2/5 7686/4/5 7532/3/5
f 7535/3/2 7533/1/2 7687/2/2 7689/4/2
f 7536/1/5 7690/2/5 7688/4/5 7534/3/5
f 7553/2/3 7555/4/3 7709/3/3 7707/1/3
f 7556/1/5 7710/2/5 7709/4/5 7555/3/5
f 7557/3/2 7537/1/2 7691/2/2 7711/4/2
f 7558/1/5 7712/2/5 7695/4/5 7541/3/5
f 7559/3/2 7549/1/2 7703/2/2 7713/4/2
f 7560/1/5 7714/2/5 7705/4/5 7551/3/5
f 7561/3/2 7554/1/2 7708/2/2 7715/4/2
f 7562/1/5 7716/2/5 7710/4/5 7556/3/5
f 7563/3/2 7557/1/2 7711/2/2 7717/4/2
f 7564/1/5 7718/2/5 7712/4/5 7558/3/5
f 7565/3/2 7559/1/2 7713/2/2 7719/4/2
f 7566/1/5 7720/2/5 7714/4/5 7560/3/5
f 7567/3/2 7561/1/2 7715/2/2 7721/4/2
f 7568/1/5 7722/2/5 7716/4/5 7562/3/5
f 7569/3/2 7563/1/2 7717/2/2 7723/4/2
f 7570/1/5 7724/2/5 7718/4/5 7564/3/5
f 7571/3/2 7565/1/2 7719/2/2 7725/4/2
f 7572/1/5 7726/2/5 7720/4/5 7566/3/5
f 7573/3/2 7567/1/2 7721/2/2 7727/4/2
f 7574/1/5 7728/2/5 7722/4/5 7568/3/5
f 7575/3/2 7569/1/2 7723/2/2 7729/4/2
f 7576/1/5 7730/2/5 7724/4/5 7570/3/5
f 7577/3/2 7571/1/2 7725/2/2 7731/4/2
f 7578/1/5 7732/2/5 7726/4/5 7572/3/5
f 7579/3/2 7573/1/2 7727/2/2 7733/4/2
f 7580/1/5 7734/2/5 7728/4/5 7574/3/5
f 7581/3/2 7575/1/2 7729/2/2 7735/4/2
f 7582/1/5 7736/2/5 7730/4/5 7576/3/5
f 7583/3/2 7577/1/2 7731/2/2 7737/4/2
f 7584/1/5 7738/2/5 7732/4/5 7578/3/5
f 7585/3/2 7579/1/2 7733/2/2 7739/4/2
f 7586/1/5 7740/2/5 7734/4/5 7580/3/5
f 7587/3/2 7581/1/2 7735/2/2 7741/4/2
f 7588/1/5 7742/2/5 7736/4/5 7582/3/5
f 7589/3/2 7583/1/2 7737/2/2 7743/4/2
f 7590/1/5 7744/2/5 7738/4/5 7584/3/5
f 7591/3/2 7585/1/2 7739/2/2 7745/4/2
f 7592/1/5 7746/2/5 7740/4/5 7586/3/5
f 7593/3/2 7587/1/2 7741/2/2 7747/4/2
f 7594/1/5 7748/2/5 7742/4/5 7588/3/5
f 7595/3/2 7589/1/2 7743/2/2 7749/4/2
f 7596/1/5 7750/2/5 7744/4/5 7590/3/5
f 7597/3/2 7591/1/2 7745/2/2 7751/4/2
f 7598/1/5 7752/2/5 7746/4/5 7592/3/5
f 7599/3/2 7593/1/2 7747/2/2 7753/4/2
f 7600/1/5 7754/2/5 7748/4/5 7594/3/5
f 7601/3/2 7595/1/2 7749/2/2 7755/4/2
f 7602/1/5 7756/2/5 7750/4/5 7596/3/5
f 7603/3/2 7597/1/2 7751/2/2 7757/4/2
f 7604/1/5 7758/2/5 7752/4/5 7598/3/5
f 7605/3/2 7599/1/2 7753/2/2 7759/4/2
f 7606/1/5 7760/2/5 7754/4/5 7600/3/5
f 7607/3/2 7601/1/2 7755/2/2 7761/4/2
f 7608/1/5 7762/2/5 7756/4/5 7602/3/5
f 7609/3/2 7603/1/2 7757/2/2 7763/4/2
f 7610/1/5 7764/2/5 7758/4/5 7604/3/5
f 7611/3/2 7605/1/2 7759/2/2 7765/4/2
f 7612/1/5 7766/2/5 7760/4/5 7606/3/5
f 7613/3/2 7607/1/2 7761/2/2 7767/4/2
f 7614/1/5 7768/2/5 7762/4/5 7608/3/5
f 7615/3/2 7609/1/2 7763/2/2 7769/4/2
f 7616/1/5 7770/2/5 7764/4/5 7610/3/5
f 7617/3/2 7611/1/2 7765/2/2 7771/4/2
f 7618/1/5 7772/2/5 7766/4/5 7612/3/5
f 7619/3/2 7613/1/2 7767/2/2 7773/4/2
f 7620/1/5 7774/2/5 7768/4/5 7614/3/5
f 7621/3/2 7615/1/2 7769/2/2 7775/4/2
f 7622/1/5 7776/2/5 7770/4/5 7616/3/5
f 7623/3/2 7617/1/2 7771/2/2 7777/4/2
f 7624/1/5 7778/2/5 7772/4/5 7618/3/5
f 7625/3/2 7619/1/2 7773/2/2 7779/4/2
f 7626/1/5 7780/2/5 7774/4/5 7620/3/5
f 7627/3/2 7621/1/2 7775/2/2 7781/4/2
f 7628/1/5 7782/2/5 7776/4/5 7622/3/5
f 7629/3/2 7623/1/2 7777/2/2 7783/4/2
f 7630/1/5 7784/2/5 7778/4/5 7624/3/5
f 7631/3/2 7625/1/2 7779/2/2 7785/4/2
f 7632/1/5 7786/2/5 7780/4/5 7626/3/5
f 7633/3/2 7627/1/2 7781/2/2 7787/4/2
f 7634/1/5 7788/2/5 7782/4/5 7628/3/5
f 7635/3/2 7629/1/2 7783/2/2 7789/4/2
f 7636/1/5 7790/2/5 7784/4/5 7630/3/5
f 7637/3/2 7631/1/2 7785/2/2 7791/4/2
f 7638/1/5 7792/2/5 7786/4/5 7632/3/5
f 7639/3/2 7633/1/2 7787/2/2 7793/4/2
f 7640/1/5 7794/2/5 7788/4/5 7634/3/5
f 7656/1/5 7810/2/5 7794/4/5 7640/3/5
f 7655/1/6 7809/2/6 7810/4/6 7656/3/6
f 7657/3/2 7651/1/2 7805/2/2 7811/4/2
f 7658/1/5 7812/2/5 7807/4/5 7653/3/5
f 7657/1/6 7811/2/6 7812/4/6 7658/3/6
f 7659/3/2 7660/1/2 7814/2/2 7813/4/2
f 7660/2/3 7661/4/3 7815/3/3 7814/1/3
f 7662/1/5 7816/2/5 7815/4/5 7661/3/5
f 7663/3/2 7659/1/2 7813/2/2 7817/4/2
f 7664/1/5 7818/2/5 7816/4/5 7662/3/5
f 7665/3/2 7663/1/2 7817/2/2 7819/4/2
f 7666/1/5 7820/2/5 7818/4/5 7664/3/5
f 7667/3/2 7665/1/2 7819/2/2 7821/4/2
f 7668/1/5 7822/2/5 7820/4/5 7666/3/5
f 7669/3/2 7667/1/2 7821/2/2 7823/4/2
f 7670/1/5 7824/2/5 7822/4/5 7668/3/5
f 7671/3/2 7669/1/2 7823/2/2 7825/4/2
f 7672/1/5 7826/2/5 7824/4/5 7670/3/5
f 7673/3/2 7671/1/2 7825/2/2 7827/4/2
f 7674/1/5 7828/2/5 7826/4/5 7672/3/5
f 7675/3/2 7673/1/2 7827/2/2 7829/4/2
f 7676/1/5 7830/2/5 7828/4/5 7674/3/5
f 7677/3/2 7675/1/2 7829/2/2 7831/4/2
f 7678/1/5 7832/2/5 7830/4/5 7676/3/5
f 7679/3/2 7677/1/2 7831/2/2 7833/4/2
f 7680/1/5 7834/2/5 7832/4/5 7678/3/5
f 7681/3/2 7679/1/2 7833/2/2 7835/4/2
f 7682/1/5 7836/2/5 7834/4/5 7680/3/5
f 7683/3/2 7681/1/2 7835/2/2 7837/4/2
f 7684/1/5 7838/2/5 7836/4/5 7682/3/5
f 7685/3/2 7683/1/2 7837/2/2 7839/4/2
f 7686/1/5 7840/2/5 7838/4/5 7684/3/5
f 7687/3/2 7685/1/2 7839/2/2 7841/4/2
f 7688/1/5 7842/2/5 7840/4/5 7686/3/5
f 7689/3/2 7687/1/2 7841/2/2 7843/4/2
f 7690/1/5 7844/2/5 7842/4/5 7688/3/5
f 7707/2/3 7709/4/3 7863/3/3 7861/1/3
f 7710/1/5 7864/2/5 7863/4/5 7709/3/5
f 7711/3/2 7691/1/2 7845/2/2 7865/4/2
f 7712/1/5 7866/2/5 7849/4/5 7695/3/5
f 7713/3/2 7703/1/2 7857/2/2 7867/4/2
f 7714/1/5 7868/2/5 7859/4/5 7705/3/5
f 7715/3/2 7708/1/2 7862/2/2 7869/4/2
f 7716/1/5 7870/2/5 7864/4/5 7710/3/5
f 7717/3/2 7711/1/2 7865/2/2 7871/4/2
f 7718/1/5 7872/2/5 7866/4/5 7712/3/5
f 7719/3/2 7713/1/2 7867/2/2 7873/4/2
f 7720/1/5 7874/2/5 7868/4/5 7714/3/5
f 7721/3/2 7715/1/2 7869/2/2 7875/4/2
f 7722/1/5 7876/2/5 7870/4/5 7716/3/5
f 7723/3/2 7717/1/2 7871/2/2 7877/4/2
f 7724/1/5 7878/2/5 7872/4/5 7718/3/5
f 7725/3/2 7719/1/2 7873/2/2 7879/4/2
f 7726/1/5 7880/2/5 7874/4/5 7720/3/5
f 7727/3/2 7721/1/2 7875/2/2 7881/4/2
f 7728/1/5 7882/2/5 7876/4/5 7722/3/5
f 7729/3/2 7723/1/2 7877/2/2 7883/4/2
f 7730/1/5 7884/2/5 7878/4/5 7724/3/5
f 7731/3/2 7725/1/2 7879/2/2 7885/4/2
f 7732/1/5 7886/2/5 7880/4/5 7726/3/5
f 7733/3/2 7727/1/2 7881/2/2 7887/4/2
f 7734/1/5 7888/2/5 7882/4/5 7728/3/5
f 7735/3/2 7729/1/2 7883/2/2 7889/4/2
f 7736/1/5 7890/2/5 7884/4/5 7730/3/5
f 7737/3/2 7731/1/2 7885/2/2 7891/4/2
f 7738/1/5 7892/2/5 7886/4/5 7732/3/5
f 7739/3/2 7733/1/2 7887/2/2 7893/4/2
f 7740/1/5 7894/2/5 7888/4/5 7734/3/5
f 7741/3/2 7735/1/2 7889/2/2 7895/4/2
f 7742/1/5 7896/2/5 7890/4/5 7736/3/5
f 7743/3/2 7737/1/2 7891/2/2 7897/4/2
f 7744/1/5 7898/2/5 7892/4/5 7738/3/5
f 7745/3/2 7739/1/2 7893/2/2 7899/4/2
f 7746/1/5 7900/2/5 7894/4/5 7740/3/5
f 7747/3/2 7741/1/2 7895/2/2 7901/4/2
f 7748/1/5 7902/2/5 7896/4/5 7742/3/5
f 7749/3/2 7743/1/2 7897/2/2 7903/4/2
f 7750/1/5 7904/2/5 7898/4/5 7744/3/5
f 7751/3/2 7745/1/2 7899/2/2 7905/4/2
f 7752/1/5 7906/2/5 7900/4/5 7746/3/5
f 7753/3/2 7747/1/2 7901/2/2 7907/4/2
f 7754/1/5 7908/2/5 7902/4/5 7748/3/5
f 7755/3/2 7749/1/2 7903/2/2 7909/4/2
f 7756/1/5 7910/2/5 7904/4/5 7750/3/5
f 7757/3/2 7751/1/2 7905/2/2 7911/4/2
f 7758/1/5 7912/2/5 7906/4/5 7752/3/5
f 7759/3/2 7753/1/2 7907/2/2 7913/4/2
f 7760/1/5 7914/2/5 7908/4/5 7754/3/5
f 7761/3/2 7755/1/2 7909/2/2 7915/4/2
f 7762/1/5 7916/2/5 7910/4/5 7756/3/5
f 7763/3/2 7757/1/2 7911/2/2 7917/4/2
f 7764/1/5 7918/2/5 7912/4/5 7758/3/5
f 7765/3/2 7759/1/2 7913/2/2 7919/4/2
f 7766/1/5 7920/2/5 7914/4/5 7760/3/5
f 7767/3/2 7761/1/2 7915/2/2 7921/4/2
f 7768/1/5 7922/2/5 7916/4/5 7762/3/5
f 7769/3/2 7763/1/2 7917/2/2 7923/4/2
f 7770/1/5 7924/2/5 7918/4/5 7764/3/5
f 7771/3/2 7765/1/2 7919/2/2 7925/4/2
f 7772/1/5 7926/2/5 7920/4/5 7766/3/5
f 7773/3/2 7767/1/2 7921/2/2 7927/4/2
f 7774/1/5 7928/2/5 7922/4/5 7768/3/5
f 7775/3/2 7769/1/2 7923/2/2 7929/4/2
f 7776/1/5 7930/2/5 7924/4/5 7770/3/5
f 7777/3/2 7771/1/2 7925/2/2 7931/4/2
f 7778/1/5 7932/2/5 7926/4/5 7772/3/5
f 7779/3/2 7773/1/2 7927/2/2 7933/4/2
f 7780/1/5 7934/2/5 7928/4/5 7774/3/5
f 7781/3/2 7775/1/2 7929/2/2 7935/4/2
f 7782/1/5 7936/2/5 7930/4/5 7776/3/5
f 7783/3/2 7777/1/2 7931/2/2 7937/4/2
f 7784/1/5 7938/2/5 7932/4/5 7778/3/5
f 7785/3/2 7779/1/2 7933/2/2 7939/4/2
f 7786/1/5 7940/2/5 7934/4/5 7780/3/5
f 7787/3/2 7781/1/2 7935/2/2 7941/4/2
f 7788/1/5 7942/2/5 7936/4/5 7782/3/5
f 7789/3/2 7783/1/2 7937/2/2 7943/4/2
f 7790/1/5 7944/2/5 7938/4/5 7784/3/5
f 7791/3/2 7785/1/2 7939/2/2 7945/4/2
f 7792/1/5 7946/2/5 7940/4/5 7786/3/5
f 7793/3/2 7787/1/2 7941/2/2 7947/4/2
f 7794/1/5 7948/2/5 7942/4/5 7788/3/5
f 7810/1/5 7964/2/5 7948/4/5 7794/3/5
f 7809/1/6 7963/2/6 7964/4/6 7810/3/6
f 7811/3/2 7805/1/2 7959/2/2 7965/4/2
f 7812/1/5 7966/2/5 7961/4/5 7807/3/5
f 7811/1/6 7965/2/6 7966/4/6 7812/3/6
f 7813/3/2 7814/1/2 7968/2/2 7967/4/2
f 7814/2/3 7815/4/3 7969/3/3 7968/1/3
f 7816/1/5 7970/2/5 7969/4/5 7815/3/5
f 7817/3/2 7813/1/2 7967/2/2 7971/4/2
f 7818/1/5 7972/2/5 7970/4/5 7816/3/5
f 7819/3/2 7817/1/2 7971/2/2 7973/4/2
f 7820/1/5 7974/2/5 7972/4/5 7818/3/5
f 7821/3/2 7819/1/2 7973/2/2 7975/4/2
f 7822/1/5 7976/2/5 7974/4/5 7820/3/5
f 7823/3/2 7821/1/2 7975/2/2 7977/4/2
f 7824/1/5 7978/2/5 7976/4/5 7822/3/5
f 7825/3/2 7823/1/2 7977/2/2 7979/4/2
f 7826/1/5 7980/2/5 7978/4/5 7824/3/5
f 7827/3/2 7825/1/2 7979/2/2 7981/4/2
f 7828/1/5 7982/2/5 7980/4/5 7826/3/5
f 7829/3/2 7827/1/2 7981/2/2 7983/4/2
f 7830/1/5 7984/2/5 7982/4/5 7828/3/5
f 7831/3/2 7829/1/2 7983/2/2 7985/4/2
f 7832/1/5 7986/2/5 7984/4/5 7830/3/5
f 7833/3/2 7831/1/2 7985/2/2 7987/4/2
f 7834/1/5 7988/2/5 7986/4/5 7832/3/5
f 7835/3/2 7833/1/2 7987/2/2 7989/4/2
f 7836/1/5 7990/2/5 7988/4/5 7834/3/5
f 7837/3/2 7835/1/2 7989/2/2 7991/4/2
f 7838/1/5 7992/2/5 7990/4/5 7836/3/5
f 7839/3/2 7837/1/2 7991/2/2 7993/4/2
f 7840/1/5 7994/2/5 7992/4/5 7838/3/5
f 7841/3/2 7839/1/2 7993/2/2 7995/4/2
f 7842/1/5 7996/2/5 7994/4/5 7840/3/5
f 7843/3/2 7841/1/2 7995/2/2 7997/4/2
f 7844/1/5 7998/2/5 7996/4/5 7842/3/5
f 7861/2/3 7863/4/3 8017/3/3 8015/1/3
f 7864/1/5 8018/2/5 8017/4/5 7863/3/5
f 7865/3/2 7845/1/2 7999/2/2 8019/4/2
f 7866/1/5 8020/2/5 8003/4/5 7849/3/5
f 7867/3/2 7857/1/2 8011/2/2 8021/4/2
f 7868/1/5 8022/2/5 8013/4/5 7859/3/5
f 7869/3/2 7862/1/2 8016/2/2 8023/4/2
f 7870/1/5 8024/2/5 8018/4/5 7864/3/5
f 7871/3/2 7865/1/2 8019/2/2 8025/4/2
f 7872/1/5 8026/2/5 8020/4/5 7866/3/5
f 7873/3/2 7867/1/2 8021/2/2 8027/4/2
f 7874/1/5 8028/2/5 8022/4/5 7868/3/5
f 7875/3/2 7869/1/2 8023/2/2 8029/4/2
f 7876/1/5 8030/2/5 8024/4/5 7870/3/5
f 7877/3/2 7871/1/2 8025/2/2 8031/4/2
f 7878/1/5 8032/2/5 8026/4/5 7872/3/5
f 7879/3/2 7873/1/2 8027/2/2 8033/4/2
f 7880/1/5 8034/2/5 8028/4/5 7874/3/5
f 7881/3/2 7875/1/2 8029/2/2 8035/4/2
f 7882/1/5 8036/2/5 8030/4/5 7876/3/5
f 7883/3/2 7877/1/2 8031/2/2 8037/4/2
f 7884/1/5 8038/2/5 8032/4/5 7878/3/5
f 7885/3/2 7879/1/2 8033/2/2 8039/4/2
f 7886/1/5 8040/2/5 8034/4/5 7880/3/5
f 7887/3/2 7881/1/2 8035/2/2 8041/4/2
f 7888/1/5 8042/2/5 8036/4/5 7882/3/5
f 7889/3/2 7883/1/2 8037/2/2 8043/4/2
f 7890/1/5 8044/2/5 8038/4/5 7884/3/5
f 7891/3/2 7885/1/2 8039/2/2 8045/4/2
f 7892/1/5 8046/2/5 8040/4/5 7886/3/5
f 7893/3/2 7887/1/2 8041/2/2 8047/4/2
f 7894/1/5 8048/2/5 8042/4/5 7888/3/5
f 7895/3/2 7889/1/2 8043/2/2 8049/4/2
f 7896/1/5 8050/2/5 8044/4/5 7890/3/5
f 7897/3/2 7891/1/2 8045/2/2 8051/4/2
f 7898/1/5 8052/2/5 8046/4/5 7892/3/5
f 7899/3/2 7893/1/2 8047/2/2 8053/4/2
f 7900/1/5 8054/2/5 8048/4/5 7894/3/5
f 7901/3/2 7895/1/2 8049/2/2 8055/4/2
f 7902/1/5 8056/2/5 8050/4/5 7896/3/5
f 7903/3/2 7897/1/2 8051/2/2 8057/4/2
f 7904/1/5 8058/2/5 8052/4/5 7898/3/5
f 7905/3/2 7899/1/2 8053/2/2 8059/4/2
f 7906/1/5 8060/2/5 8054/4/5 7900/3/5
f 7907/3/2 7901/1/2 8055/2/2 8061/4/2
f 7908/1/5 8062/2/5 8056/4/5 7902/3/5
f 7909/3/2 7903/1/2 8057/2/2 8063/4/2
f 7910/1/5 8064/2/5 8058/4/5 7904/3/5
f 7911/3/2 7905/1/2 8059/2/2 8065/4/2
f 7912/1/5 8066/2/5 8060/4/5 7906/3/5
f 7913/3/2 7907/1/2 8061/2/2 8067/4/2
f 7914/1/5 8068/2/5 8062/4/5 7908/3/5
f 7915/3/2 7909/1/2 8063/2/2 8069/4/2
f 7916/1/5 8070/2/5 8064/4/5 7910/3/5
f 7917/3/2 7911/1/2 8065/2/2 8071/4/2
f 7918/1/5 8072/2/5 8066/4/5 7912/3/5
f 7919/3/2 7913/1/2 8067/2/2 8073/4/2
f 7920/1/5 8074/2/5 8068/4/5 7914/3/5
f 7921/3/2 7915/1/2 8069/2/2 8075/4/2
f 7922/1/5 8076/2/5 8070/4/5 7916/3/5
f 7923/3/2 7917/1/2 8071/2/2 8077/4/2
f 7924/1/5 8078/2/5 8072/4/5 7918/3/5
f 7925/3/2 7919/1/2 8073/2/2 8079/4/2
f 7926/1/5 8080/2/5 8074/4/5 7920/3/5
f 7927/3/2 7921/1/2 8075/2/2 8081/4/2
f 7928/1/5 8082/2/5 8076/4/5 7922/3/5
f 7929/3/2 7923/1/2 8077/2/2 8083/4/2
f 7930/1/5 8084/2/5 8078/4/5 7924/3/5
f 7931/3/2 7925/1/2 8079/2/2 8085/4/2
f 7932/1/5 8086/2/5 8080/4/5 7926/3/5
f 7933/3/2 7927/1/2 8081/2/2 8087/4/2
f 7934/1/5 8088/2/5 8082/4/5 7928/3/5
f 7935/3/2 7929/1/2 8083/2/2 8089/4/2
f 7936/1/5 8090/2/5 8084/4/5 7930/3/5
f 7937/3/2 7931/1/2 8085/2/2 8091/4/2
f 7938/1/5 8092/2/5 8086/4/5 7932/3/5
f 7939/3/2 7933/1/2 8087/2/2 8093/4/2
f 7940/1/5 8094/2/5 8088/4/5 7934/3/5
f 7941/3/2 7935/1/2 8089/2/2 8095/4/2
f 7942/1/5 8096/2/5 8090/4/5 7936/3/5
f 7943/3/2 7937/1/2 8091/2/2 8097/4/2
f 7944/1/5 8098/2/5 8092/4/5 7938/3/5
f 7945/3/2 7939/1/2 8093/2/2 8099/4/2
f 7946/1/5 8100/2/5 8094/4/5 7940/3/5
f 7947/3/2 7941/1/2 8095/2/2 8101/4/2
f 7948/1/5 8102/2/5 8096/4/5 7942/3/5
f 7964/1/5 8118/2/5 8102/4/5 7948/3/5
f 7963/1/6 8117/2/6 8118/4/6 7964/3/6
f 7965/3/2 7959/1/2 8113/2/2 8119/4/2
f 7966/1/5 8120/2/5 8115/4/5 7961/3/5
f 7965/1/6 8119/2/6 8120/4/6 7966/3/6
f 7967/3/2 7968/1/2 8122/2/2 8121/4/2
f 7968/2/3 7969/4/3 8123/3/3 8122/1/3
f 7970/1/5 8124/2/5 8123/4/5 7969/3/5
f 7971/3/2 7967/1/2 8121/2/2 8125/4/2
f 7972/1/5 8126/2/5 8124/4/5 7970/3/5
f 7973/3/2 7971/1/2 8125/2/2 8127/4/2
f 7974/1/5 8128/2/5 8126/4/5 7972/3/5
f 7975/3/2 7973/1/2 8127/2/2 8129/4/2
f 7976/1/5 8130/2/5 8128/4/5 7974/3/5
f 7977/3/2 7975/1/2 8129/2/2 8131/4/2
f 7978/1/5 8132/2/5 8130/4/5 7976/3/5
f 7979/3/2 7977/1/2 8131/2/2 8133/4/2
f 7980/1/5 8134/2/5 8132/4/5 7978/3/5
f 7981/3/2 7979/1/2 8133/2/2 8135/4/2
f 7982/1/5 8136/2/5 8134/4/5 7980/3/5
f 7983/3/2 7981/1/2 8135/2/2 8137/4/2
f 7984/1/5 8138/2/5 8136/4/5 7982/3/5
f 7985/3/2 7983/1/2 8137/2/2 8139/4/2
f 7986/1/5 8140/2/5 8138/4/5 7984/3/5
f 7987/3/2 7985/1/2 8139/2/2 8141/4/2
f 7988/1/5 8142/2/5 8140/4/5 7986/3/5
f 7989/3/2 7987/1/2 8141/2/2 8143/4/2
f 7990/1/5 8144/2/5 8142/4/5 7988/3/5
f 7991/3/2 7989/1/2 8143/2/2 8145/4/2
f 7992/1/5 8146/2/5 8144/4/5 7990/3/5
f 7993/3/2 7991/1/2 8145/2/2 8147/4/2
f 7994/1/5 8148/2/5 8146/4/5 7992/3/5
f 7995/3/2 7993/1/2 8147/2/2 8149/4/2
f 7996/1/5 8150/2/5 8148/4/5 7994/3/5
f 7997/3/2 7995/1/2 8149/2/2 8151/4/2
f 7998/1/5 8152/2/5 8150/4/5 7996/3/5
f 8015/2/3 8017/4/3 8171/3/3 8169/1/3
f 8018/1/5 8172/2/5 8171/4/5 8017/3/5
f 8019/3/2 7999/1/2 8153/2/2 8173/4/2
f 8020/1/5 8174/2/5 8157/4/5 8003/3/5
f 8021/3/2 8011/1/2 8165/2/2 8175/4/2
f 8022/1/5 8176/2/5 8167/4/5 8013/3/5
f 8023/3/2 8016/1/2 8170/2/2 8177/4/2
f 8024/1/5 8178/2/5 8172/4/5 8018/3/5
f 8025/3/2 8019/1/2 8173/2/2 8179/4/2
f 8026/1/5 8180/2/5 8174/4/5 8020/3/5
f 8027/3/2 8021/1/2 8175/2/2 8181/4/2
f 8028/1/5 8182/2/5 8176/4/5 8022/3/5
f 8029/3/2 8023/1/2 8177/2/2 8183/4/2
f 8030/1/5 8184/2/5 8178/4/5 8024/3/5
f 8031/3/2 8025/1/2 8179/2/2 8185/4/2
f 8032/1/5 8186/2/5 8180/4/5 8026/3/5
f 8033/3/2 8027/1/2 8181/2/2 8187/4/2
f 8034/1/5 8188/2/5 8182/4/5 8028/3/5
f 8035/3/2 8029/1/2 8183/2/2 8189/4/2
f 8036/1/5 8190/2/5 8184/4/5 8030/3/5
f 8037/3/2 8031/1/2 8185/2/2 8191/4/2
f 8038/1/5 8192/2/5 8186/4/5 8032/3/5
f 8039/3/2 8033/1/2 8187/2/2 8193/4/2
f 8040/1/5 8194/2/5 8188/4/5 8034/3/5
f 8041/3/2 8035/1/2 8189/2/2 8195/4/2
f 8042/1/5 8196/2/5 8190/4/5 8036/3/5
f 8043/3/2 8037/1/2 8191/2/2 8197/4/2
f 8044/1/5 8198/2/5 8192/4/5 8038/3/5
f 8045/3/2 8039/1/2 8193/2/2 8199/4/2
f 8046/1/5 8200/2/5 8194/4/5 8040/3/5
f 8047/3/2 8041/1/2 8195/2/2 8201/4/2
f 8048/1/5 8202/2/5 8196/4/5 8042/3/5
f 8049/3/2 8043/1/2 8197/2/2 8203/4/2
f 8050/1/5 8204/2/5 8198/4/5 8044/3/5
f 8051/3/2 8045/1/2 8199/2/2 8205/4/2
f 8052/1/5 8206/2/5 8200/4/5 8046/3/5
f 8053/3/2 8047/1/2 8201/2/2 8207/4/2
f 8054/1/5 8208/2/5 8202/4/5 8048/3/5
f 8055/3/2 8049/1/2 8203/2/2 8209/4/2
f 8056/1/5 8210/2/5 8204/4/5 8050/3/5
f 8057/3/2 8051/1/2 8205/2/2 8211/4/2
f 8058/1/5 8212/2/5 8206/4/5 8052/3/5
f 8059/3/2 8053/1/2 8207/2/2 8213/4/2
f 8060/1/5 8214/2/5 8208/4/5 8054/3/5
f 8061/3/2 8055/1/2 8209/2/2 8215/4/2
f 8062/1/5 8216/2/5 8210/4/5 8056/3/5
f 8063/3/2 8057/1/2 8211/2/2 8217/4/2
f 8064/1/5 8218/2/5 8212/4/5 8058/3/5
f 8065/3/2 8059/1/2 8213/2/2 8219/4/2
f 8066/1/5 8220/2/5 8214/4/5 8060/3/5
f 8067/3/2 8061/1/2 8215/2/2 8221/4/2
f 8068/1/5 8222/2/5 8216/4/5 8062/3/5
f 8069/3/2 8063/1/2 8217/2/2 8223/4/2
f 8070/1/5 8224/2/5 8218/4/5 8064/3/5
f 8071/3/2 8065/1/2 8219/2/2 8225/4/2
f 8072/1/5 8226/2/5 8220/4/5 8066/3/5
f 8073/3/2 8067/1/2 8221/2/2 8227/4/2
f 8074/1/5 8228/2/5 8222/4/5 8068/3/5
f 8075/3/2 8069/1/2 8223/2/2 8229/4/2
f 8076/1/5 8230/2/5 8224/4/5 8070/3/5
f 8077/3/2 8071/1/2 8225/2/2 8231/4/2
f 8078/1/5 8232/2/5 8226/4/5 8072/3/5
f 8079/3/2 8073/1/2 8227/2/2 8233/4/2
f 8080/1/5 8234/2/5 8228/4/5 8074/3/5
f 8081/3/2 8075/1/2 8229/2/2 8235/4/2
f 8082/1/5 8236/2/5 8230/4/5 8076/3/5
f 8083/3/2 8077/1/2 8231/2/2 8237/4/2
f 8084/1/5 8238/2/5 8232/4/5 8078/3/5
f 8085/3/2 8079/1/2 8233/2/2 8239/4/2
f 8086/1/5 8240/2/5 8234/4/5 8080/3/5
f 8087/3/2 8081/1/2 8235/2/2 8241/4/2
f 8088/1/5 8242/2/5 8236/4/5 8082/3/5
f 8089/3/2 8083/1/2 8237/2/2 8243/4/2
f 8090/1/5 8244/2/5 8238/4/5 8084/3/5
f 8091/3/2 8085/1/2 8239/2/2 8245/4/2
f 8092/1/5 8246/2/5 8240/4/5 8086/3/5
f 8093/3/2 8087/1/2 8241/2/2 8247/4/2
f 8094/1/5 8248/2/5 8242/4/5 8088/3/5
f 8095/3/2 8089/1/2 8243/2/2 8249/4/2
f 8096/1/5 8250/2/5 8244/4/5 8090/3/5
f 8097/3/2 8091/1/2 8245/2/2 8251/4/2
f 8098/1/5 8252/2/5 8246/4/5 8092/3/5
f 8099/3/2 8093/1/2 8247/2/2 8253/4/2
f 8100/1/5 8254/2/5 8248/4/5 8094/3/5
f 8101/3/2 8095/1/2 8249/2/2 8255/4/2
f 8102/1/5 8256/2/5 8250/4/5 8096/3/5
f 8118/1/5 8272/2/5 8256/4/5 8102/3/5
f 8117/1/6 8271/2/6 8272/4/6 8118/3/6
f 8119/3/2 8113/1/2 8267/2/2 8273/4/2
f 8120/1/5 8274/2/5 8269/4/5 8115/3/5
f 8119/1/6 8273/2/6 8274/4/6 8120/3/6
f 8121/3/2 8122/1/2 8276/2/2 8275/4/2
f 8122/2/3 8123/4/3 8277/3/3 8276/1/3
f 8124/1/5 8278/2/5 8277/4/5 8123/3/5
f 8125/3/2 8121/1/2 8275/2/2 8279/4/2
f 8126/1/5 8280/2/5 8278/4/5 8124/3/5
f 8127/3/2 8125/1/2 8279/2/2 8281/4/2
f 8128/1/5 8282/2/5 8280/4/5 8126/3/5
f 8129/3/2 8127/1/2 8281/2/2 8283/4/2
f 8130/1/5 8284/2/5 8282/4/5 8128/3/5
f 8131/3/2 8129/1/2 8283/2/2 8285/4/2
f 8132/1/5 8286/2/5 8284/4/5 8130/3/5
f 8133/3/2 8131/1/2 8285/2/2 8287/4/2
f 8134/1/5 8288/2/5 8286/4/5 8132/3/5
f 8135/3/2 8133/1/2 8287/2/2 8289/4/2
f 8136/1/5 8290/2/5 8288/4/5 8134/3/5
f 8137/3/2 8135/1/2 8289/2/2 8291/4/2
f 8138/1/5 8292/2/5 8290/4/5 8136/3/5
f 8139/3/2 8137/1/2 8291/2/2 8293/4/2
f 8140/1/5 8294/2/5 8292/4/5 8138/3/5
f 8141/3/2 8139/1/2 8293/2/2 8295/4/2
f 8142/1/5 8296/2/5 8294/4/5 8140/3/5
f 8143/3/2 8141/1/2 8295/2/2 8297/4/2
f 8144/1/5 8298/2/5 8296/4/5 8142/3/5
f 8145/3/2 8143/1/2 8297/2/2 8299/4/2
f 8146/1/5 8300/2/5 8298/4/5 8144/3/5
f 8147/3/2 8145/1/2 8299/2/2 8301/4/2
f 8148/1/5 8302/2/5 8300/4/5 8146/3/5
f 8149/3/2 8147/1/2 8301/2/2 8303/4/2
f 8150/1/5 8304/2/5 8302/4/5 8148/3/5
f 8151/3/2 8149/1/2 8303/2/2 8305/4/2
f 8152/1/5 8306/2/5 8304/4/5 8150/3/5
f 8169/2/3 8171/4/3 8325/3/3 8323/1/3
f 8172/1/5 8326/2/5 8325/4/5 8171/3/5
f 8173/3/2 8153/1/2 8307/2/2 8327/4/2
f 8174/1/5 8328/2/5 8311/4/5 8157/3/5
f 8175/3/2 8165/1/2 8319/2/2 8329/4/2
f 8176/1/5 8330/2/5 8321/4/5 8167/3/5
f 8177/3/2 8170/1/2 8324/2/2 8331/4/2
f 8178/1/5 8332/2/5 8326/4/5 8172/3/5
f 8179/3/2 8173/1/2 8327/2/2 8333/4/2
f 8180/1/5 8334/2/5 8328/4/5 8174/3/5
f 8181/3/2 8175/1/2 8329/2/2 8335/4/2
f 8182/1/5 8336/2/5 8330/4/5 8176/3/5
f 8183/3/2 8177/1/2 8331/2/2 8337/4/2
f 8184/1/5 8338/2/5 8332/4/5 8178/3/5
f 8185/3/2 8179/1/2 8333/2/2 8339/4/2
f 8186/1/5 8340/2/5 8334/4/5 8180/3/5
f 8187/3/2 8181/1/2 8335/2/2 8341/4/2
f 8188/1/5 8342/2/5 8336/4/5 8182/3/5
f 8189/3/2 8183/1/2 8337/2/2 8343/4/2
f 8190/1/5 8344/2/5 8338/4/5 8184/3/5
f 8191/3/2 8185/1/2 8339/2/2 8345/4/2
f 8192/1/5 8346/2/5 8340/4/5 8186/3/5
f 8193/3/2 8187/1/2 8341/2/2 8347/4/2
f 8194/1/5 8348/2/5 8342/4/5 8188/3/5
f 8195/3/2 8189/1/2 8343/2/2 8349/4/2
f 8196/1/5 8350/2/5 8344/4/5 8190/3/5
f 8197/3/2 8191/1/2 8345/2/2 8351/4/2
f 8198/1/5 8352/2/5 8346/4/5 8192/3/5
f 8199/3/2 8193/1/2 8347/2/2 8353/4/2
f 8200/1/5 8354/2/5 8348/4/5 8194/3/5
f 8201/3/2 8195/1/2 8349/2/2 8355/4/2
f 8202/1/5 8356/2/5 8350/4/5 8196/3/5
f 8203/3/2 8197/1/2 8351/2/2 8357/4/2
f 8204/1/5 8358/2/5 8352/4/5 8198/3/5
f 8205/3/2 8199/1/2 8353/2/2 8359/4/2
f 8206/1/5 8360/2/5 8354/4/5 8200/3/5
f 8207/3/2 8201/1/2 8355/2/2 8361/4/2
f 8208/1/5 8362/2/5 8356/4/5 8202/3/5
f 8209/3/2 8203/1/2 8357/2/2 8363/4/2
f 8210/1/5 8364/2/5 8358/4/5 8204/3/5
f 8211/3/2 8205/1/2 8359/2/2 8365/4/2
f 8212/1/5 8366/2/5 8360/4/5 8206/3/5
f 8213/3/2 8207/1/2 8361/2/2 8367/4/2
f 8214/1/5 8368/2/5 8362/4/5 8208/3/5
f 8215/3/2 8209/1/2 8363/2/2 8369/4/2
f 8216/1/5 8370/2/5 8364/4/5 8210/3/5
f 8217/3/2 8211/1/2 8365/2/2 8371/4/2
f 8218/1/5 8372/2/5 8366/4/5 8212/3/5
f 8219/3/2 8213/1/2 8367/2/2 8373/4/2
f 8220/1/5 8374/2/5 8368/4/5 8214/3/5
f 8221/3/2 8215/1/2 8369/2/2 8375/4/2
f 8222/1/5 8376/2/5 8370/4/5 8216/3/5
f 8223/3/2 8217/1/2 8371/2/2 8377/4/2
f 8224/1/5 8378/2/5 8372/4/5 8218/3/5
f 8225/3/2 8219/1/2 8373/2/2 8379/4/2
f 8226/1/5 8380/2/5 8374/4/5 8220/3/5
f 8227/3/2 8221/1/2 8375/2/2 8381/4/2
f 8228/1/5 8382/2/5 8376/4/5 8222/3/5
f 8229/3/2 8223/1/2 8377/2/2 8383/4/2
f 8230/1/5 8384/2/5 8378/4/5 8224/3/5
f 8231/3/2 8225/1/2 8379/2/2 8385/4/2
f 8232/1/5 8386/2/5 8380/4/5 8226/3/5
f 8233/3/2 8227/1/2 8381/2/2 8387/4/2
f 8234/1/5 8388/2/5 8382/4/5 8228/3/5
f 8235/3/2 8229/1/2 8383/2/2 8389/4/2
f 8236/1/5 8390/2/5 8384/4/5 8230/3/5
f 8237/3/2 8231/1/2 8385/2/2 8391/4/2
f 8238/1/5 8392/2/5 8386/4/5 8232/3/5
f 8239/3/2 8233/1/2 8387/2/2 8393/4/2
f 8240/1/5 8394/2/5 8388/4/5 8234/3/5
f 8241/3/2 8235/1/2 8389/2/2 8395/4/2
f 8242/1/5 8396/2/5 8390/4/5 8236/3/5
f 8243/3/2 8237/1/2 8391/2/2 8397/4/2
f 8244/1/5 8398/2/5 8392/4/5 8238/3/5
f 8245/3/2 8239/1/2 8393/2/2 8399/4/2
f 8246/1/5 8400/2/5 8394/4/5 8240/3/5
f 8247/3/2 8241/1/2 8395/2/2 8401/4/2
f 8248/1/5 8402/2/5 8396/4/5 8242/3/5
f 8249/3/2 8243/1/2 8397/2/2 8403/4/2
f 8250/1/5 8404/2/5 8398/4/5 8244/3/5
f 8251/3/2 8245/1/2 8399/2/2 8405/4/2
f 8252/1/5 8406/2/5 8400/4/5 8246/3/5
f 8253/3/2 8247/1/2 8401/2/2 8407/4/2
f 8254/1/5 8408/2/5 8402/4/5 8248/3/5
f 8255/3/2 8249/1/2 8403/2/2 8409/4/2
f 8256/1/5 8410/2/5 8404/4/5 8250/3/5
f 8272/1/5 8426/2/5 8410/4/5 8256/3/5
f 8271/1/6 8425/2/6 8426/4/6 8272/3/6
f 8273/3/2 8267/1/2 8421/2/2 8427/4/2
f 8274/1/5 8428/2/5 8423/4/5 8269/3/5
f 8273/1/6 8427/2/6 8428/4/6 8274/3/6
f 8275/3/2 8276/1/2 8430/2/2 8429/4/2
f 8276/2/3 8277/4/3 8431/3/3 8430/1/3
f 8278/1/5 8432/2/5 8431/4/5 8277/3/5
f 8279/3/2 8275/1/2 8429/2/2 8433/4/2
f 8280/1/5 8434/2/5 8432/4/5 8278/3/5
f 8281/3/2 8279/1/2 8433/2/2 8435/4/2
f 8282/1/5 8436/2/5 8434/4/5 8280/3/5
f 8283/3/2 8281/1/2 8435/2/2 8437/4/2
f 8284/1/5 8438/2/5 8436/4/5 8282/3/5
f 8285/3/2 8283/1/2 8437/2/2 8439/4/2
f 8286/1/5 8440/2/5 8438/4/5 8284/3/5
f 8287/3/2 8285/1/2 8439/2/2 8441/4/2
f 8288/1/5 8442/2/5 8440/4/5 8286/3/5
f 8289/3/2 8287/1/2 8441/2/2 8443/4/2
f 8290/1/5 8444/2/5 8442/4/5 8288/3/5
f 8291/3/2 8289/1/2 8443/2/2 8445/4/2
f 8292/1/5 8446/2/5 8444/4/5 8290/3/5
f 8293/3/2 8291/1/2 8445/2/2 8447/4/2
f 8294/1/5 8448/2/5 8446/4/5 8292/3/5
f 8295/3/2 8293/1/2 8447/2/2 8449/4/2
f 8296/1/5 8450/2/5 8448/4/5 8294/3/5
f 8297/3/2 8295/1/2 8449/2/2 8451/4/2
f 8298/1/5 8452/2/5 8450/4/5 8296/3/5
f 8299/3/2 8297/1/2 8451/2/2 8453/4/2
f 8300/1/5 8454/2/5 8452/4/5 8298/3/5
f 8301/3/2 8299/1/2 8453/2/2 8455/4/2
f 8302/1/5 8456/2/5 8454/4/5 8300/3/5
f 8303/3/2 8301/1/2 8455/2/2 8457/4/2
f 8304/1/5 8458/2/5 8456/4/5 8302/3/5
f 8305/3/2 8303/1/2 8457/2/2 8459/4/2
f 8306/1/5 8460/2/5 8458/4/5 8304/3/5
f 8323/2/3 8325/4/3 8479/3/3 8477/1/3
f 8326/1/5 8480/2/5 8479/4/5 8325/3/5
f 8327/3/2 8307/1/2 8461/2/2 8481/4/2
f 8328/1/5 8482/2/5 8465/4/5 8311/3/5
f 8329/3/2 8319/1/2 8473/2/2 8483/4/2
f 8330/1/5 8484/2/5 8475/4/5 8321/3/5
f 8331/3/2 8324/1/2 8478/2/2 8485/4/2
f 8332/1/5 8486/2/5 8480/4/5 8326/3/5
f 8333/3/2 8327/1/2 8481/2/2 8487/4/2
f 8334/1/5 8488/2/5 8482/4/5 8328/3/5
f 8335/3/2 8329/1/2 8483/2/2 8489/4/2
f 8336/1/5 8490/2/5 8484/4/5 8330/3/5
f 8337/3/2 8331/1/2 8485/2/2 8491/4/2
f 8338/1/5 8492/2/5 8486/4/5 8332/3/5
f 8339/3/2 8333/1/2 8487/2/2 8493/4/2
f 8340/1/5 8494/2/5 8488/4/5 8334/3/5
f 8341/3/2 8335/1/2 8489/2/2 8495/4/2
f 8342/1/5 8496/2/5 8490/4/5 8336/3/5
f 8343/3/2 8337/1/2 8491/2/2 8497/4/2
f 8344/1/5 8498/2/5 8492/4/5 8338/3/5
f 8345/3/2 8339/1/2 8493/2/2 8499/4/2
f 8346/1/5 8500/2/5 8494/4/5 8340/3/5
f 8347/3/2 8341/1/2 8495/2/2 8501/4/2
f 8348/1/5 8502/2/5 8496/4/5 8342/3/5
f 8349/3/2 8343/1/2 8497/2/2 8503/4/2
f 8350/1/5 8504/2/5 8498/4/5 8344/3/5
f 8351/3/2 8345/1/2 8499/2/2 8505/4/2
f 8352/1/5 8506/2/5 8500/4/5 8346/3/5
f 8353/3/2 8347/1/2 8501/2/2 8507/4/2
f 8354/1/5 8508/2/5 8502/4/5 8348/3/5
f 8355/3/2 8349/1/2 8503/2/2 8509/4/2
f 8356/1/5 8510/2/5 8504/4/5 8350/3/5
f 8357/3/2 8351/1/2 8505/2/2 8511/4/2
f 8358/1/5 8512/2/5 8506/4/5 8352/3/5
f 8359/3/2 8353/1/2 8507/2/2 8513/4/2
f 8360/1/5 8514/2/5 8508/4/5 8354/3/5
f 8361/3/2 8355/1/2 8509/2/2 8515/4/2
f 8362/1/5 8516/2/5 8510/4/5 8356/3/5
f 8363/3/2 8357/1/2 8511/2/2 8517/4/2
f 8364/1/5 8518/2/5 8512/4/5 8358/3/5
f 8365/3/2 8359/1/2 8513/2/2 8519/4/2
f 8366/1/5 8520/2/5 8514/4/5 8360/3/5
f 8367/3/2 8361/1/2 8515/2/2 8521/4/2
f 8368/1/5 8522/2/5 8516/4/5 8362/3/5
f 8369/3/2 8363/1/2 8517/2/2 8523/4/2
f 8370/1/5 8524/2/5 8518/4/5 8364/3/5
f 8371/3/2 8365/1/2 8519/2/2 8525/4/2
f 8372/1/5 8526/2/5 8520/4/5 8366/3/5
f 8373/3/2 8367/1/2 8521/2/2 8527/4/2
f 8374/1/5 8528/2/5 8522/4/5 8368/3/5
f 8375/3/2 8369/1/2 8523/2/2 8529/4/2
f 8376/1/5 8530/2/5 8524/4/5 8370/3/5
f 8377/3/2 8371/1/2 8525/2/2 8531/4/2
f 8378/1/5 8532/2/5 8526/4/5 8372/3/5
f 8379/3/2 8373/1/2 8527/2/2 8533/4/2
f 8380/1/5 8534/2/5 8528/4/5 8374/3/5
f 8381/3/2 8375/1/2 8529/2/2 8535/4/2
f 8382/1/5 8536/2/5 8530/4/5 8376/3/5
f 8383/3/2 8377/1/2 8531/2/2 8537/4/2
f 8384/1/5 8538/2/5 8532/4/5 8378/3/5
f 8385/3/2 8379/1/2 8533/2/2 8539/4/2
f 8386/1/5 8540/2/5 8534/4/5 8380/3/5
f 8387/3/2 8381/1/2 8535/2/2 8541/4/2
f 8388/1/5 8542/2/5 8536/4/5 8382/3/5
f 8389/3/2 8383/1/2 8537/2/2 8543/4/2
f 8390/1/5 8544/2/5 8538/4/5 8384/3/5
f 8391/3/2 8385/1/2 8539/2/2 8545/4/2
f 8392/1/5 8546/2/5 8540/4/5 8386/3/5
f 8393/3/2 8387/1/2 8541/2/2 8547/4/2
f 8394/1/5 8548/2/5 8542/4/5 8388/3/5
f 8395/3/2 8389/1/2 8543/2/2 8549/4/2
f 8396/1/5 8550/2/5 8544/4/5 8390/3/5
f 8397/3/2 8391/1/2 8545/2/2 8551/4/2
f 8398/1/5 8552/2/5 8546/4/5 8392/3/5
f 8399/3/2 8393/1/2 8547/2/2 8553/4/2
f 8400/1/5 8554/2/5 8548/4/5 8394/3/5
f 8401/3/2 8395/1/2 8549/2/2 8555/4/2
f 8402/1/5 8556/2/5 8550/4/5 8396/3/5
f 8403/3/2 8397/1/2 8551/2/2 8557/4/2
f 8404/1/5 8558/2/5 8552/4/5 8398/3/5
f 8405/3/2 8399/1/2 8553/2/2 8559/4/2
f 8406/1/5 8560/2/5 8554/4/5 8400/3/5
f 8407/3/2 8401/1/2 8555/2/2 8561/4/2
f 8408/1/5 8562/2/5 8556/4/5 8402/3/5
f 8409/3/2 8403/1/2 8557/2/2 8563/4/2
f 8410/1/5 8564/2/5 8558/4/5 8404/3/5
f 8426/1/5 8580/2/5 8564/4/5 8410/3/5
f 8425/1/6 8579/2/6 8580/4/6 8426/3/6
f 8427/3/2 8421/1/2 8575/2/2 8581/4/2
f 8428/1/5 8582/2/5 8577/4/5 8423/3/5
f 8427/1/6 8581/2/6 8582/4/6 8428/3/6
f 8429/3/2 8430/1/2 8584/2/2 8583/4/2
f 8430/2/3 8431/4/3 8585/3/3 8584/1/3
f 8432/1/5 8586/2/5 8585/4/5 8431/3/5
f 8433/3/2 8429/1/2 8583/2/2 8587/4/2
f 8434/1/5 8588/2/5 8586/4/5 8432/3/5
f 8435/3/2 8433/1/2 8587/2/2 8589/4/2
f 8436/1/5 8590/2/5 8588/4/5 8434/3/5
f 8437/3/2 8435/1/2 8589/2/2 8591/4/2
f 8438/1/5 8592/2/5 8590/4/5 8436/3/5
f 8439/3/2 8437/1/2 8591/2/2 8593/4/2
f 8440/1/5 8594/2/5 8592/4/5 8438/3/5
f 8441/3/2 8439/1/2 8593/2/2 8595/4/2
f 8442/1/5 8596/2/5 8594/4/5 8440/3/5
f 8443/3/2 8441/1/2 8595/2/2 8597/4/2
f 8444/1/5 8598/2/5 8596/4/5 8442/3/5
f 8445/3/2 8443/1/2 8597/2/2 8599/4/2
f 8446/1/5 8600/2/5 8598/4/5 8444/3/5
f 8447/3/2 8445/1/2 8599/2/2 8601/4/2
f 8448/1/5 8602/2/5 8600/4/5 8446/3/5
f 8449/3/2 8447/1/2 8601/2/2 8603/4/2
f 8450/1/5 8604/2/5 8602/4/5 8448/3/5
f 8451/3/2 8449/1/2 8603/2/2 8605/4/2
f 8452/1/5 8606/2/5 8604/4/5 8450/3/5
f 8453/3/2 8451/1/2 8605/2/2 8607/4/2
f 8454/1/5 8608/2/5 8606/4/5 8452/3/5
f 8455/3/2 8453/1/2 8607/2/2 8609/4/2
f 8456/1/5 8610/2/5 8608/4/5 8454/3/5
f 8457/3/2 8455/1/2 8609/2/2 8611/4/2
f 8458/1/5 8612/2/5 8610/4/5 8456/3/5
f 8459/3/2 8457/1/2 8611/2/2 8613/4/2
f 8460/1/5 8614/2/5 8612/4/5 8458/3/5
f 8477/2/3 8479/4/3 8633/3/3 8631/1/3
f 8480/1/5 8634/2/5 8633/4/5 8479/3/5
f 8481/3/2 8461/1/2 8615/2/2 8635/4/2
f 8482/1/5 8636/2/5 8619/4/5 8465/3/5
f 8483/3/2 8473/1/2 8627/2/2 8637/4/2
f 8484/1/5 8638/2/5 8629/4/5 8475/3/5
f 8485/3/2 8478/1/2 8632/2/2 8639/4/2
f 8486/1/5 8640/2/5 8634/4/5 8480/3/5
f 8487/3/2 8481/1/2 8635/2/2 8641/4/2
f 8488/1/5 8642/2/5 8636/4/5 8482/3/5
f 8489/3/2 8483/1/2 8637/2/2 8643/4/2
f 8490/1/5 8644/2/5 8638/4/5 8484/3/5
f 8491/3/2 8485/1/2 8639/2/2 8645/4/2
f 8492/1/5 8646/2/5 8640/4/5 8486/3/5
f 8493/3/2 8487/1/2 8641/2/2 8647/4/2
f 8494/1/5 8648/2/5 8642/4/5 8488/3/5
f 8495/3/2 8489/1/2 8643/2/2 8649/4/2
f 8496/1/5 8650/2/5 8644/4/5 8490/3/5
f 8497/3/2 8491/1/2 8645/2/2 8651/4/2
f 8498/1/5 8652/2/5 8646/4/5 8492/3/5
f 8499/3/2 8493/1/2 8647/2/2 8653/4/2
f 8500/1/5 8654/2/5 8648/4/5 8494/3/5
f 8501/3/2 8495/1/2 8649/2/2 8655/4/2
f 8502/1/5 8656/2/5 8650/4/5 8496/3/5
f 8503/3/2 8497/1/2 8651/2/2 8657/4/2
f 8504/1/5 8658/2/5 8652/4/5 8498/3/5
f 8505/3/2 8499/1/2 8653/2/2 8659/4/2
f 8506/1/5 8660/2/5 8654/4/5 8500/3/5
f 8507/3/2 8501/1/2 8655/2/2 8661/4/2
f 8508/1/5 8662/2/5 8656/4/5 8502/3/5
f 8509/3/2 8503/1/2 8657/2/2 8663/4/2
f 8510/1/5 8664/2/5 8658/4/5 8504/3/5
f 8511/3/2 8505/1/2 8659/2/2 8665/4/2
f 8512/1/5 8666/2/5 8660/4/5 8506/3/5
f 8513/3/2 8507/1/2 8661/2/2 8667/4/2
f 8514/1/5 8668/2/5 8662/4/5 8508/3/5
f 8515/3/2 8509/1/2 8663/2/2 8669/4/2
f 8516/1/5 8670/2/5 8664/4/5 8510/3/5
f 8517/3/2 8511/1/2 8665/2/2 8671/4/2
f 8518/1/5 8672/2/5 8666/4/5 8512/3/5
f 8519/3/2 8513/1/2 8667/2/2 8673/4/2
f 8520/1/5 8674/2/5 8668/4/5 8514/3/5
f 8521/3/2 8515/1/2 8669/2/2 8675/4/2
f 8522/1/5 8676/2/5 8670/4/5 8516/3/5
f 8523/3/2 8517/1/2 8671/2/2 8677/4/2
f 8524/1/5 8678/2/5 8672/4/5 8518/3/5
f 8525/3/2 8519/1/2 8673/2/2 8679/4/2
f 8526/1/5 8680/2/5 8674/4/5 8520/3/5
f 8527/3/2 8521/1/2 8675/2/2 8681/4/2
f 8528/1/5 8682/2/5 8676/4/5 8522/3/5
f 8529/3/2 8523/1/2 8677/2/2 8683/4/2
f 8530/1/5 8684/2/5 8678/4/5 8524/3/5
f 8531/3/2 8525/1/2 8679/2/2 8685/4/2
f 8532/1/5 8686/2/5 8680/4/5 8526/3/5
f 8533/3/2 8527/1/2 8681/2/2 8687/4/2
f 8534/1/5 8688/2/5 8682/4/5 8528/3/5
f 8535/3/2 8529/1/2 8683/2/2 8689/4/2
f 8536/1/5 8690/2/5 8684/4/5 8530/3/5
f 8537/3/2 8531/1/2 8685/2/2 8691/4/2
f 8538/1/5 8692/2/5 8686/4/5 8532/3/5
f 8539/3/2 8533/1/2 8687/2/2 8693/4/2
f 8540/1/5 8694/2/5 8688/4/5 8534/3/5
f 8541/3/2 8535/1/2 8689/2/2 8695/4/2
f 8542/1/5 8696/2/5 8690/4/5 8536/3/5
f 8543/3/2 8537/1/2 8691/2/2 8697/4/2
f 8544/1/5 8698/2/5 8692/4/5 8538/3/5
f 8545/3/2 8539/1/2 8693/2/2 8699/4/2
f 8546/1/5 8700/2/5 8694/4/5 8540/3/5
f 8547/3/2 8541/1/2 8695/2/2 8701/4/2
f 8548/1/5 8702/2/5 8696/4/5 8542/3/5
f 8549/3/2 8543/1/2 8697/2/2 8703/4/2
f 8550/1/5 8704/2/5 8698/4/5 8544/3/5
f 8551/3/2 8545/1/2 8699/2/2 8705/4/2
f 8552/1/5 8706/2/5 8700/4/5 8546/3/5
f 8553/3/2 8547/1/2 8701/2/2 8707/4/2
f 8554/1/5 8708/2/5 8702/4/5 8548/3/5
f 8555/3/2 8549/1/2 8703/2/2 8709/4/2
f 8556/1/5 8710/2/5 8704/4/5 8550/3/5
f 8557/3/2 8551/1/2 8705/2/2 8711/4/2
f 8558/1/5 8712/2/5 8706/4/5 8552/3/5
f 8559/3/2 8553/1/2 8707/2/2 8713/4/2
f 8560/1/5 8714/2/5 8708/4/5 8554/3/5
f 8561/3/2 8555/1/2 8709/2/2 8715/4/2
f 8562/1/5 8716/2/5 8710/4/5 8556/3/5
f 8563/3/2 8557/1/2 8711/2/2 8717/4/2
f 8564/1/5 8718/2/5 8712/4/5 8558/3/5
f 8580/1/5 8734/2/5 8718/4/5 8564/3/5
f 8579/1/6 8733/2/6 8734/4/6 8580/3/6
f 8581/3/2 8575/1/2 8729/2/2 8735/4/2
f 8582/1/5 8736/2/5 8731/4/5 8577/3/5
f 8581/1/6 8735/2/6 8736/4/6 8582/3/6
f 8583/3/2 8584/1/2 8738/2/2 8737/4/2
f 8584/2/3 8585/4/3 8739/3/3 8738/1/3
f 8586/1/5 8740/2/5 8739/4/5 8585/3/5
f 8587/3/2 8583/1/2 8737/2/2 8741/4/2
f 8588/1/5 8742/2/5 8740/4/5 8586/3/5
f 8589/3/2 8587/1/2 8741/2/2 8743/4/2
f 8590/1/5 8744/2/5 8742/4/5 8588/3/5
f 8591/3/2 8589/1/2 8743/2/2 8745/4/2
f 8592/1/5 8746/2/5 8744/4/5 8590/3/5
f 8593/3/2 8591/1/2 8745/2/2 8747/4/2
f 8594/1/5 8748/2/5 8746/4/5 8592/3/5
f 8595/3/2 8593/1/2 8747/2/2 8749/4/2
f 8596/1/5 8750/2/5 8748/4/5 8594/3/5
f 8597/3/2 8595/1/2 8749/2/2 8751/4/2
f 8598/1/5 8752/2/5 8750/4/5 8596/3/5
f 8599/3/2 8597/1/2 8751/2/2 8753/4/2
f 8600/1/5 8754/2/5 8752/4/5 8598/3/5
f 8601/3/2 8599/1/2 8753/2/2 8755/4/2
f 8602/1/5 8756/2/5 8754/4/5 8600/3/5
f 8603/3/2 8601/1/2 8755/2/2 8757/4/2
f 8604/1/5 8758/2/5 8756/4/5 8602/3/5
f 8605/3/2 8603/1/2 8757/2/2 8759/4/2
f 8606/1/5 8760/2/5 8758/4/5 8604/3/5
f 8607/3/2 8605/1/2 8759/2/2 8761/4/2
f 8608/1/5 8762/2/5 8760/4/5 8606/3/5
f 8609/3/2 8607/1/2 8761/2/2 8763/4/2
f 8610/1/5 8764/2/5 8762/4/5 8608/3/5
f 8611/3/2 8609/1/2 8763/2/2 8765/4/2
f 8612/1/5 8766/2/5 8764/4/5 8610/3/5
f 8613/3/2 8611/1/2 8765/2/2 8767/4/2
f 8614/1/5 8768/2/5 8766/4/5 8612/3/5
f 8631/2/3 8633/4/3 8787/3/3 8785/1/3
f 8634/1/5 8788/2/5 8787/4/5 8633/3/5
f 8635/3/2 8615/1/2 8769/2/2 8789/4/2
f 8636/1/5 8790/2/5 8773/4/5 8619/3/5
f 8637/3/2 8627/1/2 8781/2/2 8791/4/2
f 8638/1/5 8792/2/5 8783/4/5 8629/3/5
f 8639/3/2 8632/1/2 8786/2/2 8793/4/2
f 8640/1/5 8794/2/5 8788/4/5 8634/3/5
f 8641/3/2 8635/1/2 8789/2/2 8795/4/2
f 8642/1/5 8796/2/5 8790/4/5 8636/3/5
f 8643/3/2 8637/1/2 8791/2/2 8797/4/2
f 8644/1/5 8798/2/5 8792/4/5 8638/3/5
f 8645/3/2 8639/1/2 8793/2/2 8799/4/2
f 8646/1/5 8800/2/5 8794/4/5 8640/3/5
f 8647/3/2 8641/1/2 8795/2/2 8801/4/2
f 8648/1/5 8802/2/5 8796/4/5 8642/3/5
f 8649/3/2 8643/1/2 8797/2/2 8803/4/2
f 8650/1/5 8804/2/5 8798/4/5 8644/3/5
f 8651/3/2 8645/1/2 8799/2/2 8805/4/2
f 8652/1/5 8806/2/5 8800/4/5 8646/3/5
f 8653/3/2 8647/1/2 8801/2/2 8807/4/2
f 8654/1/5 8808/2/5 8802/4/5 8648/3/5
f 8655/3/2 8649/1/2 8803/2/2 8809/4/2
f 8656/1/5 8810/2/5 8804/4/5 8650/3/5
f 8657/3/2 8651/1/2 8805/2/2 8811/4/2
f 8658/1/5 8812/2/5 8806/4/5 8652/3/5
f 8659/3/2 8653/1/2 8807/2/2 8813/4/2
f 8660/1/5 8814/2/5 8808/4/5 8654/3/5
f 8661/3/2 8655/1/2 8809/2/2 8815/4/2
f 8662/1/5 8816/2/5 8810/4/5 8656/3/5
f 8663/3/2 8657/1/2 8811/2/2 8817/4/2
f 8664/1/5 8818/2/5 8812/4/5 8658/3/5
f 8665/3/2 8659/1/2 8813/2/2 8819/4/2
f 8666/1/5 8820/2/5 8814/4/5 8660/3/5
f 8667/3/2 8661/1/2 8815/2/2 8821/4/2
f 8668/1/5 8822/2/5 8816/4/5 8662/3/5
f 8669/3/2 8663/1/2 8817/2/2 8823/4/2
f 8670/1/5 8824/2/5 8818/4/5 8664/3/5
f 8671/3/2 8665/1/2 8819/2/2 8825/4/2
f 8672/1/5 8826/2/5 8820/4/5 8666/3/5
f 8673/3/2 8667/1/2 8821/2/2 8827/4/2
f 8674/1/5 8828/2/5 8822/4/5 8668/3/5
f 8675/3/2 8669/1/2 8823/2/2 8829/4/2
f 8676/1/5 8830/2/5 8824/4/5 8670/3/5
f 8677/3/2 8671/1/2 8825/2/2 8831/4/2
f 8678/1/5 8832/2/5 8826/4/5 8672/3/5
f 8679/3/2 8673/1/2 8827/2/2 8833/4/2
f 8680/1/5 8834/2/5 8828/4/5 8674/3/5
f 8681/3/2 8675/1/2 8829/2/2 8835/4/2
f 8682/1/5 8836/2/5 8830/4/5 8676/3/5
f 8683/3/2 8677/1/2 8831/2/2 8837/4/2
f 8684/1/5 8838/2/5 8832/4/5 8678/3/5
f 8685/3/2 8679/1/2 8833/2/2 8839/4/2
f 8686/1/5 8840/2/5 8834/4/5 8680/3/5
f 8687/3/2 8681/1/2 8835/2/2 8841/4/2
f 8688/1/5 8842/2/5 8836/4/5 8682/3/5
f 8689/3/2 8683/1/2 8837/2/2 8843/4/2
f 8690/1/5 8844/2/5 8838/4/5 8684/3/5
f 8691/3/2 8685/1/2 8839/2/2 8845/4/2
f 8692/1/5 8846/2/5 8840/4/5 8686/3/5
f 8693/3/2 8687/1/2 8841/2/2 8847/4/2
f 8694/1/5 8848/2/5 8842/4/5 8688/3/5
f 8695/3/2 8689/1/2 8843/2/2 8849/4/2
f 8696/1/5 8850/2/5 8844/4/5 8690/3/5
f 8697/3/2 8691/1/2 8845/2/2 8851/4/2
f 8698/1/5 8852/2/5 8846/4/5 8692/3/5
f 8699/3/2 8693/1/2 8847/2/2 8853/4/2
f 8700/1/5 8854/2/5 8848/4/5 8694/3/5
f 8701/3/2 8695/1/2 8849/2/2 8855/4/2
f 8702/1/5 8856/2/5 8850/4/5 8696/3/5
f 8703/3/2 8697/1/2 8851/2/2 8857/4/2
f 8704/1/5 8858/2/5 8852/4/5 8698/3/5
f 8705/3/2 8699/1/2 8853/2/2 8859/4/2
f 8706/1/5 8860/2/5 8854/4/5 8700/3/5
f 8707/3/2 8701/1/2 8855/2/2 8861/4/2
f 8708/1/5 8862/2/5 8856/4/5 8702/3/5
f 8709/3/2 8703/1/2 8857/2/2 8863/4/2
f 8710/1/5 8864/2/5 8858/4/5 8704/3/5
f 8711/3/2 8705/1/2 8859/2/2 8865/4/2
f 8712/1/5 8866/2/5 8860/4/5 8706/3/5
f 8713/3/2 8707/1/2 8861/2/2 8867/4/2
f 8714/1/5 8868/2/5 8862/4/5 8708/3/5
f 8715/3/2 8709/1/2 8863/2/2 8869/4/2
f 8716/1/5 8870/2/5 8864/4/5 8710/3/5
f 8717/3/2 8711/1/2 8865/2/2 8871/4/2
f 8718/1/5 8872/2/5 8866/4/5 8712/3/5
f 8734/1/5 8888/2/5 8872/4/5 8718/3/5
f 8733/1/6 8887/2/6 8888/4/6 8734/3/6
f 8735/3/2 8729/1/2 8883/2/2 8889/4/2
f 8736/1/5 8890/2/5 8885/4/5 8731/3/5
f 8735/1/6 8889/2/6 8890/4/6 8736/3/6
f 8737/3/2 8738/1/2 8892/2/2 8891/4/2
f 8738/2/3 8739/4/3 8893/3/3 8892/1/3
f 8740/1/5 8894/2/5 8893/4/5 8739/3/5
f 8741/3/2 8737/1/2 8891/2/2 8895/4/2
f 8742/1/5 8896/2/5 8894/4/5 8740/3/5
f 8743/3/2 8741/1/2 8895/2/2 8897/4/2
f 8744/1/5 8898/2/5 8896/4/5 8742/3/5
f 8745/3/2 8743/1/2 8897/2/2 8899/4/2
f 8746/1/5 8900/2/5 8898/4/5 8744/3/5
f 8747/3/2 8745/1/2 8899/2/2 8901/4/2
f 8748/1/5 8902/2/5 8900/4/5 8746/3/5
f 8749/3/2 8747/1/2 8901/2/2 8903/4/2
f 8750/1/5 8904/2/5 8902/4/5 8748/3/5
f 8751/3/2 8749/1/2 8903/2/2 8905/4/2
f 8752/1/5 8906/2/5 8904/4/5 8750/3/5
f 8753/3/2 8751/1/2 8905/2/2 8907/4/2
f 8754/1/5 8908/2/5 8906/4/5 8752/3/5
f 8755/3/2 8753/1/2 8907/2/2 8909/4/2
f 8756/1/5 8910/2/5 8908/4/5 8754/3/5
f 8757/3/2 8755/1/2 8909/2/2 8911/4/2
f 8758/1/5 8912/2/5 8910/4/5 8756/3/5
f 8759/3/2 8757/1/2 8911/2/2 8913/4/2
f 8760/1/5 8914/2/5 8912/4/5 8758/3/5
f 8761/3/2 8759/1/2 8913/2/2 8915/4/2
f 8762/1/5 8916/2/5 8914/4/5 8760/3/5
f 8763/3/2 8761/1/2 8915/2/2 8917/4/2
f 8764/1/5 8918/2/5 8916/4/5 8762/3/5
f 8765/3/2 8763/1/2 8917/2/2 8919/4/2
f 8766/1/5 8920/2/5 8918/4/5 8764/3/5
f 8767/3/2 8765/1/2 8919/2/2 8921/4/2
f 8768/1/5 8922/2/5 8920/4/5 8766/3/5
f 8785/2/3 8787/4/3 8941/3/3 8939/1/3
f 8788/1/5 8942/2/5 8941/4/5 8787/3/5
f 8789/3/2 8769/1/2 8923/2/2 8943/4/2
f 8790/1/5 8944/2/5 8927/4/5 8773/3/5
f 8791/3/2 8781/1/2 8935/2/2 8945/4/2
f 8792/1/5 8946/2/5 8937/4/5 8783/3/5
f 8793/3/2 8786/1/2 8940/2/2 8947/4/2
f 8794/1/5 8948/2/5 8942/4/5 8788/3/5
f 8795/3/2 8789/1/2 8943/2/2 8949/4/2
f 8796/1/5 8950/2/5 8944/4/5 8790/3/5
f 8797/3/2 8791/1/2 8945/2/2 8951/4/2
f 8798/1/5 8952/2/5 8946/4/5 8792/3/5
f 8799/3/2 8793/1/2 8947/2/2 8953/4/2
f 8800/1/5 8954/2/5 8948/4/5 8794/3/5
f 8801/3/2 8795/1/2 8949/2/2 8955/4/2
f 8802/1/5 8956/2/5 8950/4/5 8796/3/5
f 8803/3/2 8797/1/2 8951/2/2 8957/4/2
f 8804/1/5 8958/2/5 8952/4/5 8798/3/5
f 8805/3/2 8799/1/2 8953/2/2 8959/4/2
f 8806/1/5 8960/2/5 8954/4/5 8800/3/5
f 8807/3/2 8801/1/2 8955/2/2 8961/4/2
f 8808/1/5 8962/2/5 8956/4/5 8802/3/5
f 8809/3/2 8803/1/2 8957/2/2 8963/4/2
f 8810/1/5 8964/2/5 8958/4/5 8804/3/5
f 8811/3/2 8805/1/2 8959/2/2 8965/4/2
f 8812/1/5 8966/2/5 8960/4/5 8806/3/5
f 8813/3/2 8807/1/2 8961/2/2 8967/4/2
f 8814/1/5 8968/2/5 8962/4/5 8808/3/5
f 8815/3/2 8809/1/2 8963/2/2 8969/4/2
f 8816/1/5 8970/2/5 8964/4/5 8810/3/5
f 8817/3/2 8811/1/2 8965/2/2 8971/4/2
f 8818/1/5 8972/2/5 8966/4/5 8812/3/5
f 8819/3/2 8813/1/2 8967/2/2 8973/4/2
f 8820/1/5 8974/2/5 8968/4/5 8814/3/5
f 8821/3/2 8815/1/2 8969/2/2 8975/4/2
f 8822/1/5 8976/2/5 8970/4/5 8816/3/5
f 8823/3/2 8817/1/2 8971/2/2 8977/4/2
f 8824/1/5 8978/2/5 8972/4/5 8818/3/5
f 8825/3/2 8819/1/2 8973/2/2 8979/4/2
f 8826/1/5 8980/2/5 8974/4/5 8820/3/5
f 8827/3/2 8821/1/2 8975/2/2 8981/4/2
f 8828/1/5 8982/2/5 8976/4/5 8822/3/5
f 8829/3/2 8823/1/2 8977/2/2 8983/4/2
f 8830/1/5 8984/2/5 8978/4/5 8824/3/5
f 8831/3/2 8825/1/2 8979/2/2 8985/4/2
f 8832/1/5 8986/2/5 8980/4/5 8826/3/5
f 8833/3/2 8827/1/2 8981/2/2 8987/4/2
f 8834/1/5 8988/2/5 8982/4/5 8828/3/5
f 8835/3/2 8829/1/2 8983/2/2 8989/4/2
f 8836/1/5 8990/2/5 8984/4/5 8830/3/5
f 8837/3/2 8831/1/2 8985/2/2 8991/4/2
f 8838/1/5 8992/2/5 8986/4/5 8832/3/5
f 8839/3/2 8833/1/2 8987/2/2 8993/4/2
f 8840/1/5 8994/2/5 8988/4/5 8834/3/5
f 8841/3/2 8835/1/2 8989/2/2 8995/4/2
f 8842/1/5 8996/2/5 8990/4/5 8836/3/5
f 8843/3/2 8837/1/2 8991/2/2 8997/4/2
f 8844/1/5 8998/2/5 8992/4/5 8838/3/5
f 8845/3/2 8839/1/2 8993/2/2 8999/4/2
f 8846/1/5 9000/2/5 8994/4/5 8840/3/5
f 8847/3/2 8841/1/2 8995/2/2 9001/4/2
f 8848/1/5 9002/2/5 8996/4/5 8842/3/5
f 8849/3/2 8843/1/2 8997/2/2 9003/4/2
f 8850/1/5 9004/2/5 8998/4/5 8844/3/5
f 8851/3/2 8845/1/2 8999/2/2 9005/4/2
f 8852/1/5 9006/2/5 9000/4/5 8846/3/5
f 8853/3/2 8847/1/2 9001/2/2 9007/4/2
f 8854/1/5 9008/2/5 9002/4/5 8848/3/5
f 8855/3/2 8849/1/2 9003/2/2 9009/4/2
f 8856/1/5 9010/2/5 9004/4/5 8850/3/5
f 8857/3/2 8851/1/2 9005/2/2 9011/4/2
f 8858/1/5 9012/2/5 9006/4/5 8852/3/5
f 8859/3/2 8853/1/2 9007/2/2 9013/4/2
f 8860/1/5 9014/2/5 9008/4/5 8854/3/5
f 8861/3/2 8855/1/2 9009/2/2 9015/4/2
f 8862/1/5 9016/2/5 9010/4/5 8856/3/5
f 8863/3/2 8857/1/2 9011/2/2 9017/4/2
f 8864/1/5 9018/2/5 9012/4/5 8858/3/5
f 8865/3/2 8859/1/2 9013/2/2 9019/4/2
f 8866/1/5 9020/2/5 9014/4/5 8860/3/5
f 8867/3/2 8861/1/2 9015/2/2 9021/4/2
f 8868/1/5 9022/2/5 9016/4/5 8862/3/5
f 8869/3/2 8863/1/2 9017/2/2 9023/4/2
f 8870/1/5 9024/2/5 9018/4/5 8864/3/5
f 8871/3/2 8865/1/2 9019/2/2 9025/4/2
f 8872/1/5 9026/2/5 9020/4/5 8866/3/5
f 8888/1/5 9042/2/5 9026/4/5 8872/3/5
f 8887/1/6 9041/2/6 9042/4/6 8888/3/6
f 8889/3/2 8883/1/2 9037/2/2 9043/4/2
f 8890/1/5 9044/2/5 9039/4/5 8885/3/5
f 8889/1/6 9043/2/6 9044/4/6 8890/3/6
f 8891/3/2 8892/1/2 9046/2/2 9045/4/2
f 8892/2/3 8893/4/3 9047/3/3 9046/1/3
f 9045/1/4 9046/2/4 9047/4/4 9048/3/4
f 8894/1/5 9048/2/5 9047/4/5 8893/3/5
f 8895/3/2 8891/1/2 9045/2/2 9049/4/2
f 9049/1/4 9045/2/4 9048/4/4 9050/3/4
f 8896/1/5 9050/2/5 9048/4/5 8894/3/5
f 8897/3/2 8895/1/2 9049/2/2 9051/4/2
f 9051/1/4 9049/2/4 9050/4/4 9052/3/4
f 8898/1/5 9052/2/5 9050/4/5 8896/3/5
f 8899/3/2 8897/1/2 9051/2/2 9053/4/2
f 9053/1/4 9051/2/4 9052/4/4 9054/3/4
f 8900/1/5 9054/2/5 9052/4/5 8898/3/5
f 8901/3/2 8899/1/2 9053/2/2 9055/4/2
f 9055/1/4 9053/2/4 9054/4/4 9056/3/4
f 8902/1/5 9056/2/5 9054/4/5 8900/3/5
f 8903/3/2 8901/1/2 9055/2/2 9057/4/2
f 9057/1/4 9055/2/4 9056/4/4 9058/3/4
f 8904/1/5 9058/2/5 9056/4/5 8902/3/5
f 8905/3/2 8903/1/2 9057/2/2 9059/4/2
f 9059/1/4 9057/2/4 9058/4/4 9060/3/4
f 8906/1/5 9060/2/5 9058/4/5 8904/3/5
f 8907/3/2 8905/1/2 9059/2/2 9061/4/2
f 9061/1/4 9059/2/4 9060/4/4 9062/3/4
f 8908/1/5 9062/2/5 9060/4/5 8906/3/5
f 8909/3/2 8907/1/2 9061/2/2 9063/4/2
f 9063/1/4 9061/2/4 9062/4/4 9064/3/4
f 8910/1/5 9064/2/5 9062/4/5 8908/3/5
f 8911/3/2 8909/1/2 9063/2/2 9065/4/2
f 9065/1/4 9063/2/4 9064/4/4 9066/3/4
f 8912/1/5 9066/2/5 9064/4/5 8910/3/5
f 8913/3/2 8911/1/2 9065/2/2 9067/4/2
f 9067/1/4 9065/2/4 9066/4/4 9068/3/4
f 8914/1/5 9068/2/5 9066/4/5 8912/3/5
f 8915/3/2 8913/1/2 9067/2/2 9069/4/2
f 9069/1/4 9067/2/4 9068/4/4 9070/3/4
f 8916/1/5 9070/2/5 9068/4/5 8914/3/5
f 8917/3/2 8915/1/2 9069/2/2 9071/4/2
f 9071/1/4 9069/2/4 9070/4/4 9072/3/4
f 8918/1/5 9072/2/5 9070/4/5 8916/3/5
f 8919/3/2 8917/1/2 9071/2/2 9073/4/2
f 9073/1/4 9071/2/4 9072/4/4 9074/3/4
f 8920/1/5 9074/2/5 9072/4/5 8918/3/5
f 8921/3/2 8919/1/2 9073/2/2 9075/4/2
f 9075/1/4 9073/2/4 9074/4/4 9076/3/4
f 8922/1/5 9076/2/5 9074/4/5 8920/3/5
f 9089/1/4 9075/2/4 9076/4/4 9090/3/4
f 8939/2/3 8941/4/3 9095/3/3 9093/1/3
f 9094/1/4 9093/2/4 9095/4/4 9096/3/4
f 8942/1/5 9096/2/5 9095/4/5 8941/3/5
f 9107/1/4 9089/2/4 9090/4/4 9108/3/4
f 9111/1/4 9094/2/4 9096/4/4 9112/3/4
f 8948/1/5 9112/2/5 9096/4/5 8942/3/5
f 9123/1/4 9107/2/4 9108/4/4 9124/3/4
f 9127/1/4 9111/2/4 9112/4/4 9128/3/4
f 8954/1/5 9128/2/5 9112/4/5 8948/3/5
f 9139/1/4 9123/2/4 9124/4/4 9140/3/4
f 9143/1/4 9127/2/4 9128/4/4 9144/3/4
f 8960/1/5 9144/2/5 9128/4/5 8954/3/5
f 9155/1/4 9139/2/4 9140/4/4 9156/3/4
f 9159/1/4 9143/2/4 9144/4/4 9160/3/4
f 8966/1/5 9160/2/5 9144/4/5 8960/3/5
f 9171/1/4 9155/2/4 9156/4/4 9172/3/4
f 9175/1/4 9159/2/4 9160/4/4 9176/3/4
f 8972/1/5 9176/2/5 9160/4/5 8966/3/5
f 9187/1/4 9171/2/4 9172/4/4 9188/3/4
f 9191/1/4 9175/2/4 9176/4/4 9192/3/4
f 8978/1/5 9192/2/5 9176/4/5 8972/3/5
f 9203/1/4 9187/2/4 9188/4/4 9204/3/4
f 9207/1/4 9191/2/4 9192/4/4 9208/3/4
f 8984/1/5 9208/2/5 9192/4/5 8978/3/5
f 9219/1/4 9203/2/4 9204/4/4 9220/3/4
f 9223/1/4 9207/2/4 9208/4/4 9224/3/4
f 8990/1/5 9224/2/5 9208/4/5 8984/3/5
f 9235/1/4 9219/2/4 9220/4/4 9236/3/4
f 9239/1/4 9223/2/4 9224/4/4 9240/3/4
f 8996/1/5 9240/2/5 9224/4/5 8990/3/5
f 9251/1/4 9235/2/4 9236/4/4 9252/3/4
f 9255/1/4 9239/2/4 9240/4/4 9256/3/4
f 9002/1/5 9256/2/5 9240/4/5 8996/3/5
f 9267/1/4 9251/2/4 9252/4/4 9268/3/4
f 9271/1/4 9255/2/4 9256/4/4 9272/3/4
f 9008/1/5 9272/2/5 9256/4/5 9002/3/5
f 9283/1/4 9267/2/4 9268/4/4 9284/3/4
f 9287/1/4 9271/2/4 9272/4/4 9288/3/4
f 9014/1/5 9288/2/5 9272/4/5 9008/3/5
f 9299/1/4 9283/2/4 9284/4/4 9300/3/4
f 9303/1/4 9287/2/4 9288/4/4 9304/3/4
f 9020/1/5 9304/2/5 9288/4/5 9014/3/5
f 9311/1/4 9299/2/4 9300/4/4 9312/3/4
f 9314/1/4 9303/2/4 9304/4/4 9315/3/4
f 9026/1/5 9315/2/5 9304/4/5 9020/3/5
f 9322/1/4 9311/2/4 9312/4/4 9323/3/4
f 9325/1/4 9314/2/4 9315/4/4 9326/3/4
f 9042/1/5 9326/2/5 9315/4/5 9026/3/5
f 9041/1/6 9325/2/6 9326/4/6 9042/3/6
f 9043/3/2 9037/1/2 9322/2/2 9327/4/2
f 9327/1/4 9322/2/4 9323/4/4 9328/3/4
f 9044/1/5 9328/2/5 9323/4/5 9039/3/5
f 9043/1/6 9327/2/6 9328/4/6 9044/3/6
